time,open,high,low,close,volume,ema,rsi,macd,macd_signal,atr,bb_mid,bb_upper,bb_lower
2026-05-04T13:10:00,118627000.0,118627000.0,118611000.0,118620000.0,4.35396621,118620000.0,,0.0,0.0,,,,
2026-05-04T13:15:00,118620000.0,118850000.0,118602000.0,118753000.0,28.34895825,118632666.66666667,,10609.686609685421,2121.937321937084,,,,
2026-05-04T13:20:00,118730000.0,118754000.0,118373000.0,118414000.0,13.47028466,118611841.26984127,,-8241.524013608694,49.24505482792847,,,,
2026-05-04T13:25:00,118414000.0,118595000.0,118400000.0,118579000.0,7.65289992,118608713.52985638,,-9754.677362173796,-1911.5394285724165,,,,
2026-05-04T13:30:00,118594000.0,118617000.0,118462000.0,118584000.0,6.40500645,118606359.86034626,,-10430.171554237604,-3615.265853705454,,,,
2026-05-04T13:35:00,118584000.0,118625000.0,118488000.0,118493000.0,5.44772157,118595563.68317042,,-18099.80180095136,-6512.173043154637,,,,
2026-05-04T13:40:00,118493000.0,118630000.0,118486000.0,118594000.0,4.34787197,118595414.76096372,,-15845.525762915611,-8378.843587106832,,,,
2026-05-04T13:45:00,118593000.0,118603000.0,118505000.0,118581000.0,4.94420472,118594041.92658623,,-14935.81632269919,-9690.238134225305,,,,
2026-05-04T13:50:00,118545000.0,118600000.0,118538000.0,118544000.0,5.23023203,118589276.0288161,,-17004.43922483921,-11153.078352348086,,,,
2026-05-04T13:55:00,118545000.0,118545000.0,118397000.0,118500000.0,9.66261165,118580773.54988123,,-21941.343900576234,-13310.731461993717,,,,
2026-05-04T14:00:00,118500000.0,118595000.0,118431000.0,118564000.0,7.48315783,118579176.06894016,,-20453.832248821855,-14739.351619359346,,,,
2026-05-04T14:05:00,118564000.0,118565000.0,118391000.0,118400000.0,3.97255925,118562111.68142205,,-32137.931869253516,-18219.067669338183,,,,
2026-05-04T14:10:00,118392000.0,118400000.0,118300000.0,118300000.0,6.46106538,118537148.66414377,,-48903.104712963104,-24355.875078063167,,,,
2026-05-04T14:15:00,118299000.0,118299000.0,118141000.0,118141000.0,8.61793389,118499420.2199396,33.07420494699646,-74164.67198693752,-34317.63445983804,155785.7142857143,,,
2026-05-04T14:20:00,118141000.0,118144000.0,118079000.0,118144000.0,9.04274935,118465570.67518345,33.21579689703809,-92872.00051227212,-46028.507670324856,159285.7142857143,,,
2026-05-04T14:25:00,118144000.0,118216000.0,118092000.0,118130000.0,6.06417203,118433611.56326121,26.020015396458817,-107587.17812600732,-58340.24176146135,150428.57142857142,,,
2026-05-04T14:30:00,118133000.0,118179000.0,118117000.0,118140000.0,3.26502762,118405648.55723633,35.876288659793815,-117092.37793017924,-70090.66899520493,127642.85714285714,,,
2026-05-04T14:35:00,118153000.0,118216000.0,118130000.0,118213000.0,3.54033643,118387301.07559478,29.157175398633257,-117381.7238972336,-79548.87997561067,119857.14285714286,,,
2026-05-04T14:40:00,118216000.0,118275000.0,118213000.0,118242000.0,3.32249126,118373462.87791908,31.042128603104217,-113957.34567885101,-86430.57311625875,113214.28571428571,,,
2026-05-04T14:45:00,118241000.0,118249000.0,118112000.0,118171000.0,10.47530938,118354180.69906965,31.746031746031747,-115639.58672508597,-92272.37583802419,113214.28571428571,118405350.0,118808155.56887385,118002544.43112615
2026-05-04T14:50:00,118171000.0,118190000.0,118084000.0,118084000.0,5.02172804,118328449.20392016,20.6221198156682,-122579.92273879051,-98333.88521817746,110500.0,118378550.0,118792395.87774475,117964704.12225525
2026-05-04T14:55:00,118084000.0,118084000.0,118055000.0,118061000.0,4.34317097,118302977.85116586,20.387243735763093,-128455.34357301891,-104358.17688914575,105571.42857142857,118343950.0,118741364.52573246,117946535.47426754
2026-05-04T15:00:00,118062000.0,118100000.0,118061000.0,118099000.0,3.0605169,118283551.38915007,24.68714448236632,-128563.37592379749,-109199.21669607611,103928.57142857143,118328200.0,118738678.33457796,117917721.66542204
2026-05-04T15:05:00,118100000.0,118100000.0,117930000.0,117932000.0,13.32502523,118250070.30446911,21.656686626746506,-140504.84427927434,-115460.34221271575,105500.0,118295850.0,118724675.21282907,117867024.78717093
2026-05-04T15:10:00,117932000.0,118027000.0,117930000.0,117979000.0,3.95940149,118224254.08499587,20.304568527918775,-144510.21299904585,-121270.31636998178,100714.28571428571,118265600.0,118694194.96276236,117837005.03723764
2026-05-04T15:15:00,117973000.0,117973000.0,117697000.0,117755000.0,11.68533161,118179563.21975817,19.138755980861248,-163870.42822963,-129790.33874191143,108428.57142857143,118228700.0,118699827.24842714,117757572.75157286
2026-05-04T15:20:00,117756000.0,117777000.0,117651000.0,117652000.0,7.92782534,118129319.10359073,19.083969465648863,-185387.74297462404,-140909.81958845397,110285.71428571429,118181600.0,118686123.70451848,117677076.29548152
2026-05-04T15:25:00,117652000.0,117655000.0,117346000.0,117586000.0,33.01115661,118077574.42705828,20.942408376963357,-205398.31443609297,-153807.51855798176,121000.0,118131850.0,118665911.40983382,117597788.59016618
2026-05-04T15:30:00,117586000.0,117650000.0,117576000.0,117602000.0,10.52658686,118032281.6244813,22.004132231404967,-217459.03778126836,-166537.82240263908,121642.85714285714,118084750.0,118631762.50827612,117537737.49172388
2026-05-04T15:35:00,117603000.0,117656000.0,117600000.0,117656000.0,5.13430625,117996445.2792926,26.48809523809524,-220122.464473024,-177254.75081671608,116785.71428571429,118042550.0,118584881.21555781,117500218.78444219
2026-05-04T15:40:00,117655000.0,117699000.0,117655000.0,117691000.0,3.26873079,117967355.25269331,28.267182962245897,-216908.65388138592,-185185.53142965006,115500.0,117998900.0,118503751.36947735,117494048.63052265
2026-05-04T15:45:00,117691000.0,117855000.0,117691000.0,117853000.0,6.94036958,117956464.27624632,33.957219251336895,-198995.74069556594,-187947.57328283324,121071.42857142857,117971550.0,118443076.28994073,117500023.71005927
2026-05-04T15:50:00,117853000.0,118002000.0,117852000.0,117988000.0,7.22103825,117959467.67850858,39.65798045602606,-171924.418505013,-184742.9423272692,127357.14285714286,117955950.0,118401660.53859039,117510239.46140961
2026-05-04T15:55:00,117988000.0,118003000.0,117856000.0,117856000.0,5.59615357,117949613.61388873,37.7812257564003,-159285.35503943264,-179651.4248697019,128071.42857142857,117941700.0,118380672.53241009,117502727.46758991
2026-05-04T16:00:00,117880000.0,117969000.0,117719000.0,117901000.0,7.22790691,117944983.74589933,42.662389735364876,-143977.9935773462,-172516.73861123077,138357.14285714287,117929550.0,118358278.58547105,117500821.41452895
2026-05-04T16:05:00,117901000.0,117921000.0,117810000.0,117811000.0,4.06895075,117932223.38914701,40.48706240487062,-137523.75888679922,-165518.14266634447,144214.2857142857,117913600.0,118334595.01184693,117492604.98815307
2026-05-04T16:10:00,117811000.0,117866000.0,117743000.0,117842000.0,2.87611471,117923630.68541873,40.168324407039016,-128426.86550945044,-158099.88723496566,150214.2857142857,117898700.0,118306854.82098676,117490545.17901324
2026-05-04T16:15:00,117842000.0,117842000.0,117733000.0,117733000.0,4.39228525,117905475.38204552,42.03362690152122,-128531.27251569927,-152186.1642911124,145857.14285714287,117874700.0,118260897.71320428,117488502.28679572
2026-05-04T16:20:00,117766000.0,117767000.0,117730000.0,117759000.0,2.89978222,117891525.34566022,41.042345276872965,-125074.25495631993,-146763.7824241539,141571.42857142858,117850550.0,118198557.54680263,117502542.45319737
2026-05-04T16:25:00,117759000.0,117780000.0,117739000.0,117771000.0,2.65305028,117880046.74131164,50.78740157480315,-119983.15282337368,-141407.65650399786,124357.14285714286,117830550.0,118145413.02786417,117515686.97213583
2026-05-04T16:30:00,117772000.0,117780000.0,117737000.0,117743000.0,3.60895563,117866994.67071053,54.83528161530286,-116860.6864477396,-136498.2624927462,118428.57142857143,117813500.0,118106765.82157706,117520234.17842294
2026-05-04T16:35:00,117737000.0,117743000.0,117599000.0,117599000.0,6.19228214,117841471.3687381,50.6378802747792,-124569.74343037605,-134112.5586802722,106642.85714285714,117790400.0,118074210.46306887,117506589.53693113
2026-05-04T16:40:00,117599000.0,117727000.0,117596000.0,117715000.0,4.38160344,117829426.47647732,55.04915102770331,-119936.44342042506,-131277.33562830277,110714.28571428571,117771200.0,118016442.39351904,117525957.60648096
2026-05-04T16:45:00,117715000.0,117900000.0,117667000.0,117841000.0,5.99648489,117830528.71681282,57.76658270361041,-104888.2859377563,-125999.52569019348,123357.14285714286,117766650.0,118002528.89399347,117530771.10600653
2026-05-04T16:50:00,117813000.0,117841000.0,117641000.0,117641000.0,5.13132973,117812478.36283064,48.15634218289085,-107857.52681671083,-122371.12591549694,134500.0,117749750.0,117969447.2797666,117530052.7202334
2026-05-04T16:55:00,117641000.0,117700000.0,117600000.0,117625000.0,3.21070943,117794623.2806563,40.578512396694215,-110231.06281226873,-119943.11329485131,129928.57142857143,117743250.0,117969876.40251257,117516623.59748743
2026-05-04T17:00:00,117625000.0,117639000.0,117574000.0,117590000.0,2.94171561,117775135.34916522,32.07207207207206,-113626.4991300255,-118679.79046188615,123857.14285714286,117740150.0,117973624.69151698,117506675.30848302
2026-05-04T17:05:00,117590000.0,117638000.0,117374000.0,117628000.0,11.029477,117761122.45876853,38.779527559055126,-111960.51334899664,-117335.93503930824,132214.2857142857,117742250.0,117970585.74079919,117513914.25920081
2026-05-04T17:10:00,117628000.0,117697000.0,117542000.0,117697000.0,4.44931993,117755015.55793343,40.1923076923077,-103875.07704366744,-114643.76344018008,125428.57142857143,117747000.0,117966845.87902965,117527154.12097035
2026-05-04T17:15:00,117697000.0,117738000.0,117635000.0,117672000.0,2.36697615,117747109.31432071,42.871794871794876,-98350.87393215299,-111385.18553857466,124857.14285714286,117747800.0,117966364.31066105,117529235.68933895
2026-05-04T17:20:00,117695000.0,117695000.0,117550000.0,117561000.0,4.25777431,117729384.61771874,36.682464454976305,-101756.68774583936,-109459.4859800276,126428.57142857143,117741300.0,117974236.494621,117508363.505379
2026-05-04T17:25:00,117561000.0,117657000.0,117558000.0,117652000.0,1.1253535,117722014.6541265,46.09450337512054,-96006.18075945973,-106768.82493591403,125714.28571428571,117731250.0,117961220.13536087,117501279.86463913
2026-05-04T17:30:00,117653000.0,117700000.0,117653000.0,117690000.0,1.60531094,117718965.6394478,46.71115347950429,-87375.37123155594,-102890.13419504242,126500.0,117716350.0,117912390.03350551,117520309.96649449
2026-05-04T17:35:00,117690000.0,117743000.0,117664000.0,117703000.0,0.98113785,117717445.10235752,46.761904761904766,-78580.5732113421,-98028.22199830237,129214.28571428571,117708700.0,117893408.13392171,117523991.86607829
2026-05-04T17:40:00,117703000.0,117754000.0,117646000.0,117742000.0,2.89065488,117719783.66403775,49.95287464655985,-67683.44572301209,-91959.26674324433,133857.14285714287,117700750.0,117862920.63787714,117538579.36212286
2026-05-04T17:45:00,117703000.0,117750000.0,117639000.0,117690000.0,2.27566907,117716947.12460558,54.69556243550051,-62522.637055799365,-86071.94080575534,131500.0,117694700.0,117848357.30838802,117541042.69161198
2026-05-04T17:50:00,117686000.0,117686000.0,117615000.0,117669000.0,1.92737297,117712380.73178601,47.36842105263158,-59441.973432704806,-80745.94733114525,127500.0,117686050.0,117823406.20232007,117548693.79767993
2026-05-04T17:55:00,117678000.0,117755000.0,117669000.0,117703000.0,2.37604023,117711487.32875878,41.1764705882353,-53638.69596810639,-75324.49705853748,117000.0,117684550.0,117820394.29941742,117548705.70058258
2026-05-04T18:00:00,117703000.0,117800000.0,117628000.0,117799000.0,3.5844868,117719821.868877,61.6519174041298,-40822.58176113665,-68424.11399905733,115000.0,117686550.0,117828068.79175945,117545031.20824055
2026-05-04T18:05:00,117797000.0,117797000.0,117705000.0,117707000.0,3.39997084,117718600.73850776,55.43766578249337,-37655.2833738178,-62270.34787400943,114571.42857142857,117683350.0,117819625.68806612,117547074.31193388
2026-05-04T18:10:00,117707000.0,117806000.0,117706000.0,117802000.0,4.77686103,117726543.52531654,63.022113022113025,-27166.314171493053,-55249.54113350616,117071.42857142857,117686300.0,117830345.46066032,117542254.53933968
2026-05-04T18:15:00,117802000.0,117810000.0,117798000.0,117805000.0,6.31312453,117734015.57052448,61.3607188703466,-18399.556942641735,-47879.544295333275,99071.42857142857,117696600.0,117843787.52807577,117549412.47192423
2026-05-04T18:20:00,117805000.0,117864000.0,117805000.0,117850000.0,2.03047636,117745061.70666501,60.132450331125824,-7731.589803889394,-39849.953397044505,92214.28571428571,117703350.0,117865692.42562526,117541007.57437474
2026-05-04T18:25:00,117806000.0,117943000.0,117806000.0,117838000.0,6.7748806,117753912.97269692,61.18598382749326,-242.65156351029873,-31928.493030337664,94642.85714285714,117703200.0,117865011.58633944,117541388.41366056
2026-05-04T18:30:00,117838000.0,117856000.0,117804000.0,117850000.0,3.45538624,117763064.11815435,72.47278382581648,6584.780409023166,-24225.8383424655,88000.0,117713650.0,117885247.17210282,117542052.82789718
2026-05-04T18:35:00,117850000.0,117875000.0,117807000.0,117825000.0,2.26972988,117768962.77356821,64.99133448873484,9864.565795958042,-17407.75751478079,85785.71428571429,117723650.0,117896798.2784084,117550501.7215916
2026-05-04T18:40:00,117889000.0,117945000.0,117825000.0,117943000.0,3.20913396,117785537.7475141,69.25418569254185,21734.8869304806,-9579.228625728512,90928.57142857143,117741300.0,117928483.10764991,117554116.89235009
2026-05-04T18:45:00,117935000.0,117985000.0,117935000.0,117985000.0,6.31278184,117804534.15251276,70.55393586005832,34137.73241274059,-835.8364180346925,88857.14285714286,117759150.0,117967708.23369531,117550591.76630469
2026-05-04T18:50:00,117984000.0,118100000.0,117951000.0,118100000.0,2.91431686,117832673.75703534,73.49081364829397,52639.81668046117,9859.294201664481,91785.71428571429,117779300.0,118035097.6996728,117523502.3003272
2026-05-04T18:55:00,118056000.0,118100000.0,118000000.0,118000000.0,2.930927,117848609.58969864,69.1358024691358,58558.65972006321,19599.16730534423,91000.0,117795700.0,118064271.34698448,117527128.65301552
2026-05-04T19:00:00,118000000.0,118027000.0,117200000.0,117245000.0,39.24641554,117791122.9621083,36.26943005181347,2300.67452634871,16139.468749545125,144714.2857142857,117779900.0,118131082.60357346,117428717.39642654
2026-05-04T19:05:00,117221000.0,117245000.0,116554000.0,116948000.0,58.13880794,117710825.5371456,29.109020475926954,-65494.620705485344,-187.3491414609689,187928.57142857142,117744700.0,118254959.41802599,117234440.58197401
2026-05-04T19:10:00,116947000.0,116947000.0,116623000.0,116810000.0,26.6856338,117625032.62884602,23.25581395348837,-128872.76231783628,-25924.431776736033,198857.14285714287,117700700.0,118360633.68087853,117040766.31912147
2026-05-04T19:15:00,116775000.0,116810000.0,116327000.0,116327000.0,43.2660206,117501410.47371784,19.19642857142857,-215589.28053469956,-63857.401528328744,226642.85714285713,117631900.0,118533484.78014521,116730315.21985479
2026-05-04T19:20:00,116355000.0,116505000.0,116058000.0,116171000.0,58.9074004,117374704.71431614,14.558887440243367,-293517.15913157165,-109789.35304897733,251428.57142857142,117553350.0,118664041.25465086,116442658.74534914
2026-05-04T19:25:00,116167000.0,116650000.0,116104000.0,116539000.0,24.01180298,117295113.78914317,26.256564141035255,-321870.7146233469,-152205.62536385126,289571.4285714286,117495800.0,118692616.76036674,116298983.23963326
2026-05-04T19:30:00,116550000.0,117050000.0,116491000.0,116974000.0,21.58739487,117264531.5235105,35.66753926701571,-305716.1416938454,-182907.72862985008,325285.71428571426,117461050.0,118676900.14225481,116245199.85774519
2026-05-04T19:35:00,116977000.0,117107000.0,116916000.0,116974000.0,20.03685808,117236861.85460474,35.80814717477004,-289575.4803765118,-204241.27897918245,329142.85714285716,117424600.0,118653548.27093397,116195651.72906603
2026-05-04T19:40:00,116974000.0,116992000.0,116920000.0,116949000.0,5.51813978,117209446.43988048,35.263330062152434,-275623.9596250057,-218517.8151083471,330571.4285714286,117382100.0,118615314.52438653,116148885.47561347
2026-05-04T19:45:00,116952000.0,117049000.0,116936000.0,117041000.0,7.03998973,117193403.92179662,37.45198463508322,-254213.2358496189,-225656.8992566015,333785.71428571426,117348800.0,118581042.04730965,116116557.95269035
2026-05-04T19:50:00,117041000.0,117136000.0,116970000.0,116999000.0,11.03705253,117174889.2625779,34.514435695538054,-237891.86268256605,-228103.89194179443,337071.4285714286,117308650.0,118531005.49571094,116086294.50428906
2026-05-04T19:55:00,116999000.0,117001000.0,116815000.0,116910000.0,8.08502691,117149661.71376097,32.63327948303716,-229493.15877467394,-228381.74530837033,346785.71428571426,117263900.0,118475226.70198728,116052573.29801272
2026-05-04T20:00:00,116910000.0,117099000.0,116850000.0,116983000.0,5.83191525,117133789.16959326,31.706518178840497,-214474.30917419493,-225600.25808153526,353928.5714285714,117220550.0,118405325.4350842,116035774.5649158
2026-05-04T20:05:00,117016000.0,117027000.0,116896000.0,117024000.0,3.01566582,117123333.05820341,33.70073480293921,-196992.59727442265,-219878.72592011275,356142.85714285716,117179850.0,118330757.97565272,116028942.02434728
2026-05-04T20:10:00,117027000.0,117089000.0,117027000.0,117070000.0,3.6689344,117118253.7193269,46.1706783369803,-177381.65379424393,-211379.311494939,301714.28571428574,117140850.0,118248179.12903075,116033520.87096925
2026-05-04T20:15:00,117070000.0,117103000.0,117068000.0,117103000.0,3.13842985,117116800.98415291,53.83473527956456,-157363.03250585496,-200576.0556971222,254857.14285714287,117104750.0,118164208.8241173,116045291.1758827
2026-05-04T20:20:00,117106000.0,117156000.0,117002000.0,117040000.0,4.78689613,117109486.60470979,55.90955806783144,-144911.25762173533,-189443.09608204482,242642.85714285713,117059600.0,118042871.74591555,116076328.25408445
2026-05-04T20:25:00,117040000.0,117040000.0,116960000.0,116988000.0,2.37131625,117097916.45188029,71.81518151815182,-137652.3313436061,-179084.9431343571,213857.14285714287,117009750.0,117891312.21979417,116128187.78020583
2026-05-04T20:30:00,116989000.0,116995000.0,116849000.0,116849000.0,4.1180582,117074210.12312979,72.630173564753,-141484.76994228363,-171564.90849594242,192357.14285714287,116947200.0,117665445.99216644,116228954.00783356
2026-05-04T20:35:00,116846000.0,116849000.0,116609000.0,116609000.0,8.43292121,117029904.39711742,52.55474452554745,-162020.32987068594,-169655.99277089114,170500.0,116877650.0,117412668.84865962,116342631.15134038
2026-05-04T20:40:00,116609000.0,116768000.0,116609000.0,116709000.0,3.84875094,116999342.07358243,37.19806763285025,-168285.85027189553,-169381.96427109203,141928.57142857142,116850850.0,117361535.10227361,116340164.89772639
2026-05-04T20:45:00,116708000.0,116768000.0,116683000.0,116768000.0,2.61685232,116977309.495146,40.58500914076782,-166570.39360308647,-168819.65013749094,134357.14285714287,116841850.0,117351669.89595915,116332030.10404085
2026-05-04T20:50:00,116768000.0,116899000.0,116745000.0,116815000.0,2.74296902,116961851.44798924,43.996415770609325,-159578.84899245203,-166971.48990848317,140214.2857142857,116842100.0,117351859.03492162,116332340.96507838
2026-05-04T20:55:00,116859000.0,116876000.0,116738000.0,116798000.0,4.4710135,116946246.54818074,38.328530259366,-153638.7060753703,-164304.9331418606,142000.0,116865650.0,117315171.98002581,116416128.01997419
2026-05-04T21:00:00,116798000.0,116848000.0,116675000.0,116846000.0,5.28600372,116936699.25787781,42.693409742120345,-143404.81967508793,-160124.91044850607,142500.0,116899400.0,117208864.32495695,116589935.67504305
2026-05-04T21:05:00,116846000.0,116848000.0,116700000.0,116810000.0,3.58425371,116924632.66188945,44.96981891348088,-136624.36942215264,-155424.80224323538,139785.7142857143,116912950.0,117176261.2826655,116649638.7173345
2026-05-04T21:10:00,116809000.0,116810000.0,116731000.0,116799000.0,2.33316574,116912667.64647141,40.128755364806864,-130632.57085451484,-150466.35596549127,127642.85714285714,116904200.0,117170582.07621069,116637817.92378931
2026-05-04T21:15:00,116799000.0,116999000.0,116730000.0,116999000.0,15.48062085,116920889.7753789,48.85426214482127,-108495.03555673361,-142072.09188373975,137500.0,116905450.0,117173440.94642997,116637459.05357003
2026-05-04T21:20:00,116999000.0,117080000.0,116926000.0,116941000.0,5.7607431,116922805.03486662,44.152311876699905,-94541.18271026015,-132565.91004904383,143857.14285714287,116905050.0,117172791.0178355,116637308.9821645
2026-05-04T21:25:00,116940000.0,117075000.0,116940000.0,117021000.0,5.74401787,116932156.93630788,46.434782608695656,-76149.518141523,-121282.63166753967,151000.0,116904050.0,117169795.01035075,116638304.98964925
2026-05-04T21:30:00,117020000.0,117021000.0,116859000.0,116860000.0,7.22308778,116925284.8471357,42.78846153846154,-73715.59840089083,-111769.22501420991,151571.42857142858,116897100.0,117159640.54323497,116634559.45676503
2026-05-04T21:35:00,116860000.0,117000000.0,116857000.0,116883000.0,5.02628383,116921257.71883705,45.69319114027891,-69133.85959097743,-103242.15192956342,156071.42857142858,116895750.0,117158288.9194206,116633211.0805794
2026-05-04T21:40:00,116883000.0,117000000.0,116881000.0,116999000.0,5.50176942,116928661.74561448,56.27090301003345,-55502.76668187976,-93694.2748800267,154142.85714285713,116896550.0,117160303.05435997,116632796.94564003
2026-05-04T21:45:00,116999000.0,117021000.0,116968000.0,116998000.0,5.3006803,116935265.3888893,70.3239289446186,-44270.39740346372,-83809.4993847141,140785.7142857143,116895250.0,117156603.46100435,116633896.53899565
2026-05-04T21:50:00,116999000.0,116999000.0,116960000.0,116996000.0,2.42689895,116941049.6375665,66.70547147846332,-35125.146288990974,-74072.62876556948,132214.2857142857,116891550.0,117144445.21441437,116638654.78558563
2026-05-04T21:55:00,116996000.0,116999000.0,116872000.0,116872000.0,6.87264218,116934473.4816078,55.62770562770563,-37451.51483131945,-66748.40597871947,135214.2857142857,116880000.0,117112512.13890214,116647487.86109786
2026-05-04T22:00:00,116872000.0,116893000.0,116490000.0,116687000.0,23.30651581,116910904.57859752,43.97363465160075,-53605.20511569083,-64119.76580611375,153000.0,116862350.0,117097302.42519554,116627397.57480446
2026-05-04T22:05:00,116687000.0,116832000.0,116600000.0,116812000.0,3.99669464,116901485.09492156,50.59829059829059,-55678.83476738632,-62431.57959836827,159714.2857142857,116853550.0,117081774.7045994,116625325.2954006
2026-05-04T22:10:00,116812000.0,116997000.0,116812000.0,116945000.0,6.18267657,116905629.3715957,53.94422310756972,-46059.270138174295,-59157.117706329474,160571.42857142858,116858350.0,117090181.4042575,116626518.5957425
2026-05-04T22:15:00,116945000.0,117056000.0,116940000.0,116948000.0,5.15593003,116909664.66953896,55.64648117839607,-37758.36599689722,-54877.36736444303,158285.7142857143,116875300.0,117078126.44901752,116672473.55098248
2026-05-04T22:20:00,116983000.0,117090000.0,116948000.0,117069000.0,4.9492534,116924839.4629162,60.135135135135144,-21172.092199623585,-48136.312331479145,162785.7142857143,116893300.0,117097875.14383154,116688724.85616846
2026-05-04T22:25:00,117046000.0,117122000.0,116955000.0,117093000.0,4.41800144,116940854.75216228,54.06574394463668,-6021.341022863984,-39713.31806975612,155500.0,116909550.0,117123628.66237488,116695471.33762512
2026-05-04T22:30:00,117093000.0,117093000.0,117051000.0,117080000.0,2.84902087,116954106.68052778,56.25562556255625,4880.487859472632,-30794.55688391037,147500.0,116922800.0,117144892.0624663,116700707.9375337
2026-05-04T22:35:00,117083000.0,117206000.0,116860000.0,117028000.0,15.64453929,116961144.13952513,50.32317636195753,9218.040540963411,-22792.037398935616,162571.42857142858,116934300.0,117152975.53469396,116715624.46530604
2026-05-04T22:40:00,117022000.0,117022000.0,116862000.0,116890000.0,5.79312483,116954368.50718941,51.41509433962264,1502.8121228665113,-17933.067494575193,162857.14285714287,116936500.0,117152301.56577161,116720698.43422839
2026-05-04T22:45:00,116890000.0,116995000.0,116750000.0,116894000.0,10.54865117,116948619.12555233,50.5283381364073,-4239.920251697302,-15194.438045999615,170142.85714285713,116940700.0,117149284.30076668,116732115.69923332
2026-05-04T22:50:00,116893000.0,116927000.0,116704000.0,116764000.0,10.5409316,116931036.3516902,38.862559241706165,-19061.264189004898,-15967.803274600672,177571.42857142858,116938950.0,117153054.22941324,116724845.77058676
2026-05-04T22:55:00,116763000.0,116903000.0,116703000.0,116839000.0,5.28479092,116922270.98486257,42.95837023914969,-24473.29987563193,-17668.902594806925,188071.42857142858,116930950.0,117147549.04747811,116714350.95252189
2026-05-04T23:00:00,116839000.0,116911000.0,116600000.0,116607000.0,13.2353554,116892245.17678042,35.68800588668138,-46941.72327823937,-23523.466731493412,207500.0,116914250.0,117174659.29322895,116653840.70677105
2026-05-04T23:05:00,116607000.0,116659000.0,116495000.0,116495000.0,13.7799726,116854412.30280134,36.00593912397921,-72944.71342809498,-33407.71607081372,210142.85714285713,116887950.0,117203395.53287458,116572504.46712542
2026-05-04T23:10:00,116495000.0,117026000.0,116490000.0,117026000.0,6.64279338,116870753.98824883,60.01181334908447,-50127.17336399853,-36751.60752945069,219642.85714285713,116896250.0,117217285.08580184,116575214.91419816
2026-05-04T23:15:00,117026000.0,117166000.0,117022000.0,117114000.0,6.15396051,116893920.27508228,59.11835748792271,-24658.990426450968,-34333.084108850744,213357.14285714287,116907800.0,117243131.16388682,116572468.83611318
2026-05-04T23:20:00,117114000.0,117343000.0,117090000.0,117335000.0,15.28938256,116935927.86793159,61.18119266055046,13205.357919797301,-24825.395703121136,218214.2857142857,116924600.0,117309214.85862313,116539985.14137687
2026-05-04T23:25:00,117335000.0,117507000.0,117289000.0,117289000.0,9.27104392,116969553.78527144,59.54113038612199,39051.15382730961,-12050.08579703499,225500.0,116939150.0,117356113.0931541,116522186.9068459
2026-05-04T23:30:00,117289000.0,117448000.0,117270000.0,117417000.0,4.40250702,117012167.71048369,59.69899665551839,69066.50784230232,4173.232930832473,228071.42857142858,116960200.0,117428584.27768122,116491815.72231878
2026-05-04T23:35:00,117420000.0,117742000.0,117396000.0,117633000.0,14.05796804,117071294.59519953,63.595166163142,109026.49736581743,25143.885817829465,240857.14285714287,116998250.0,117552277.88263485,116444222.11736515
2026-05-04T23:40:00,117693000.0,117693000.0,117571000.0,117651000.0,5.99498657,117126504.63375196,64.33952787543947,140527.61169487238,48220.63099323805,246571.42857142858,117046450.0,117651818.77842745,116441081.22157255
2026-05-04T23:45:00,117651000.0,118450000.0,117650000.0,118279000.0,58.38534588,117236266.09720416,74.36696532917803,213703.38375672698,81317.18154593583,279000.0,117119800.0,117927310.43011026,116312289.56988974
2026-05-04T23:50:00,118279000.0,118750000.0,118279000.0,118747000.0,60.32177077,117380145.51651804,82.05039696237488,305932.7962410003,126240.30448494873,300785.71428571426,117209900.0,118291050.6346189,116128749.3653811
2026-05-04T23:55:00,118746000.0,118800000.0,118300000.0,118450000.0,27.71002938,117482036.41970679,74.38871473354232,351013.5861219615,171194.9608123513,319000.0,117285000.0,118491008.46641001,116078991.53358999
2026-05-05T00:00:00,118450000.0,118681000.0,118353000.0,118360000.0,17.71228701,117565651.99878234,75.33333333333334,375153.6512865573,211986.6989071925,326500.0,117349550.0,118641981.64941944,116057118.35058056
2026-05-05T00:05:00,118360000.0,118450000.0,118280000.0,118306000.0,14.22078065,117636161.33223163,73.44199424736337,385483.8601615429,246686.1311580626,324357.14285714284,117410200.0,118764313.67011006,116056086.32988994
2026-05-05T00:10:00,118301000.0,118313000.0,118056000.0,118190000.0,11.2379931,117688907.8720191,76.26949883836707,379930.7889364213,273335.06271373434,320500.0,117465700.0,118853402.6983282,116077997.3016718
2026-05-05T00:15:00,118190000.0,118416000.0,117572000.0,117572000.0,14.91074931,117677773.78896965,65.30264279624893,321951.25120803714,283058.3004125949,369071.4285714286,117492900.0,118865725.42302555,116120074.57697445
2026-05-05T00:20:00,117576000.0,117924000.0,117350000.0,117721000.0,25.98728341,117681890.57097253,61.07746254383169,284742.7672190368,283395.19377388334,371785.71428571426,117534450.0,118880485.03121693,116188414.96878307
2026-05-05T00:25:00,117722000.0,118189000.0,117686000.0,118019000.0,12.96563086,117713996.2308799,63.51956976396774,276117.9690257311,281939.7488242529,397428.5714285714,117590700.0,118917939.33509807,116263460.66490193
2026-05-05T00:30:00,118018000.0,118053000.0,117683000.0,117999000.0,5.68251401,117741139.44698659,60.55308328035601,264618.5633867979,278475.5117367619,405785.71428571426,117652450.0,118931795.63454588,116373104.36545412
2026-05-05T00:35:00,117996000.0,118006000.0,117750000.0,117995000.0,4.20503484,117765316.64251167,61.37242268041237,252274.37306129932,273235.2840016694,408500.0,117710250.0,118938279.46561597,116482220.53438403
2026-05-05T00:40:00,117995000.0,118236000.0,117819000.0,118236000.0,7.55429835,117810143.62893914,62.729250854833694,258953.14846938848,270378.8568952132,425571.4285714286,117791700.0,118923985.82963844,116659414.17036156
2026-05-05T00:45:00,118236000.0,118238000.0,118065000.0,118128000.0,2.66071576,117840415.66427827,57.960759086523,252619.38961853087,266826.96343987674,413214.28571428574,117873350.0,118834508.35269085,116912191.64730915
2026-05-05T00:50:00,118128000.0,118272000.0,117793000.0,118271000.0,7.08468814,117881423.69625176,59.58565244279529,256185.59690496325,264698.69013289403,438714.28571428574,117935600.0,118824217.23451309,117046982.76548691
2026-05-05T00:55:00,118266000.0,118500000.0,118232000.0,118499000.0,10.99814458,117940240.48708493,53.88143966125617,274248.1741589755,266608.58693811035,400714.28571428574,118004850.0,118838014.48745605,117171685.51254395
2026-05-05T01:00:00,118447000.0,118500000.0,118308000.0,118446000.0,5.39580673,117988408.05974351,43.77842083505581,281046.51047866046,269496.1716462204,380785.71428571426,118060400.0,118852661.62611257,117268138.37388743
2026-05-05T01:05:00,118446000.0,118446000.0,117900000.0,118231000.0,12.1038826,118011512.05405365,45.31450577663671,266019.0359658599,268800.7445101483,384071.4285714286,118107500.0,118814033.56906132,117400966.43093868
2026-05-05T01:10:00,118231000.0,118231000.0,118099000.0,118108000.0,2.60224416,118020701.38223901,44.68354430379747,241401.85182087123,263320.96597229294,370071.4285714286,118142050.0,118769574.2834471,117514525.7165529
2026-05-05T01:15:00,118132000.0,118659000.0,118020000.0,118640000.0,16.85076383,118079682.20297815,55.86376404494382,261802.6123702973,263017.2952518938,403571.4285714286,118192400.0,118809456.98789966,117575343.01210034
2026-05-05T01:20:00,118640000.0,118888000.0,118611000.0,118777000.0,38.8184707,118146093.42174214,60.23004531195538,285731.38359993696,267560.11292150244,405000.0,118248700.0,118863235.54562947,117634164.45437053
2026-05-05T01:25:00,118777000.0,118888000.0,118616000.0,118777000.0,8.27526475,118206179.7625286,76.76588183029764,301222.7982830107,274292.6499938041,364142.85714285716,118273600.0,118932089.30774999,117615110.69225001
2026-05-05T01:30:00,118751000.0,118798000.0,118680000.0,118796000.0,5.1129897,118262353.11847825,75.34181989627534,311442.8776126802,281722.6955175793,331571.4285714286,118276050.0,118942274.70525697,117609825.29474303
2026-05-05T01:35:00,118796000.0,118851000.0,118713000.0,118827000.0,10.02684746,118316129.01195651,71.79072276159656,318373.79016312957,289052.9144466894,305500.0,118294900.0,119001931.42191769,117587868.57808231
2026-05-05T01:40:00,118827000.0,118827000.0,118769000.0,118809000.0,1.80315636,118363069.10605589,71.8682505399568,318739.9035269916,294990.3122627499,283214.28571428574,118317350.0,119060667.53503785,117574032.46496215
2026-05-05T01:45:00,118800000.0,118830000.0,118661000.0,118777000.0,5.21635657,118402491.09595533,70.79787234042553,312841.67435593903,298560.58468138776,277000.0,118340900.0,119112027.92303497,117569772.07696503
2026-05-05T01:50:00,118710000.0,118797000.0,118488000.0,118544000.0,4.79255312,118415968.13443577,58.226495726495735,286068.512762025,296062.17029751523,269285.71428571426,118358600.0,119131393.26574379,117585806.73425621
2026-05-05T01:55:00,118543000.0,118544000.0,118415000.0,118509000.0,2.10821132,118424828.31210856,60.589216231239575,259040.32618261874,288657.80147453595,266142.85714285716,118405450.0,119085500.60957178,117725399.39042822
2026-05-05T02:00:00,118510000.0,118786000.0,118415000.0,118742000.0,4.90265906,118455035.1395268,62.46691371095818,253499.26460406184,281626.09410044114,258428.57142857142,118456500.0,119070271.60161364,117842728.39838636
2026-05-05T02:05:00,118709000.0,118889000.0,118688000.0,118880000.0,6.41370253,118495507.98338139,60.589216231239575,257277.64354275167,276756.4039889033,253642.85714285713,118499550.0,119104838.7871004,117894261.2128996
2026-05-05T02:10:00,118864000.0,119000000.0,118864000.0,119000000.0,17.93576903,118543554.84210697,64.84458735262595,266878.6225569248,274780.8477025076,249642.85714285713,118549600.0,119146094.81402431,117953105.18597569
2026-05-05T02:15:00,118978000.0,119051000.0,118977000.0,119049000.0,17.48367261,118591692.47619201,74.05882352941177,275268.2371969968,274878.32560140546,215928.57142857142,118602300.0,119178376.05492039,118026223.94507961
2026-05-05T02:20:00,119049000.0,119125000.0,118973000.0,119110000.0,10.54562131,118641055.09750706,80.58608058608058,283570.4339982271,276616.7472807698,217357.14285714287,118646000.0,119237473.0941071,118054526.9058929
2026-05-05T02:25:00,119110000.0,119120000.0,119018000.0,119055000.0,5.67044902,118680478.42155401,67.87252368647717,282455.9678567648,277784.5913959688,179000.0,118692350.0,119257613.33872388,118127086.66127612
2026-05-05T02:30:00,119089000.0,119107000.0,118816000.0,118827000.0,6.33050135,118694432.85759649,51.99680511182108,260175.90500682592,274262.85411814024,180000.0,118720150.0,119251854.4192723,118188445.5807277
2026-05-05T02:35:00,118914000.0,118953000.0,118826000.0,118900000.0,3.24606834,118714010.68068254,54.64150943396226,245578.4095545262,268525.9652054174,169642.85714285713,118740200.0,119267011.50129315,118213388.49870685
2026-05-05T02:40:00,118900000.0,118900000.0,118780000.0,118889000.0,4.22825694,118730676.33014135,53.53075170842824,230465.51813684404,260913.87579170277,169785.7142857143,118762350.0,119274115.6844587,118250584.3155413
2026-05-05T02:45:00,118890000.0,119013000.0,118798000.0,119013000.0,5.13672032,118757564.29869932,56.59574468085106,225890.28391346335,253909.1574160549,175285.7142857143,118801450.0,119258893.91660848,118344006.08339152
2026-05-05T02:50:00,119021000.0,119427000.0,118994000.0,118994000.0,20.78134387,118780081.98453748,56.55563430191354,218215.7809303105,246770.48211890605,202071.42857142858,118845750.0,119173714.61619158,118517785.38380842
2026-05-05T02:55:00,119076000.0,119165000.0,118994000.0,119021000.0,3.2890014,118803026.55743867,58.67709815078236,211870.05032037199,239790.39575919925,202214.2857142857,118864800.0,119186648.34611155,118542951.65388845
2026-05-05T03:00:00,119022000.0,119070000.0,118798000.0,119042000.0,9.24294845,118825785.9329207,70.85427135678393,206159.06422629952,233064.12945261932,199571.42857142858,118878050.0,119206431.98232515,118549668.01767485
2026-05-05T03:05:00,118929000.0,119041000.0,118929000.0,118970000.0,2.56135569,118839520.60597587,68.72461413484972,193591.6641329378,225169.63638868305,198428.57142857142,118887700.0,119214919.93247743,118560480.06752257
2026-05-05T03:10:00,118970000.0,119104000.0,118937000.0,119006000.0,5.42781784,118855375.78635912,62.765957446808514,184411.03255969286,217017.91562288502,183857.14285714287,118898200.0,119226505.76249012,118569894.23750988
2026-05-05T03:15:00,119006000.0,119040000.0,118696000.0,118804000.0,5.23954827,118850482.85432492,46.5391621129326,159002.71970248222,205414.8764388045,194071.42857142858,118897050.0,119226564.77883957,118567535.22116043
2026-05-05T03:20:00,118769000.0,118804000.0,118657000.0,118704000.0,1.13875964,118836532.10629398,36.2708719851577,129306.71709695458,190193.2445704345,194857.14285714287,118891800.0,119230440.99916548,118553159.00083452
2026-05-05T03:25:00,118704000.0,118778000.0,118610000.0,118778000.0,2.87470213,118830957.61998026,37.71532184950136,110470.17127099633,174248.62991054688,201571.42857142858,118891850.0,119230419.91814645,118553280.08185355
2026-05-05T03:30:00,118778000.0,118810000.0,118760000.0,118810000.0,2.11075918,118828961.65617262,36.03351955307262,97005.98099400103,158800.1001272377,194285.7142857143,118905150.0,119204852.501614,118605447.498386
2026-05-05T03:35:00,118820000.0,118898000.0,118777000.0,118778000.0,3.57009736,118824108.16510856,36.8220742150333,82798.92615029216,143599.8653318486,195642.85714285713,118918600.0,119162371.59283577,118674828.40716423
2026-05-05T03:40:00,118778000.0,118778000.0,118679000.0,118679000.0,3.13263627,118810288.33986013,41.973969631236436,62827.02932231128,127445.29812994113,181928.57142857142,118915450.0,119170210.54804878,118660689.45195122
2026-05-05T03:45:00,118675000.0,118700000.0,118616000.0,118619000.0,2.42798023,118792070.40273058,34.54345434543454,41677.229479044676,110291.68439976186,178857.14285714287,118902400.0,119189493.89624853,118615306.10375147
2026-05-05T03:50:00,118618000.0,118619000.0,118540000.0,118541000.0,1.9213764,118768158.93580386,32.17213114754098,18409.697072178125,91915.28693424512,175928.57142857142,118879450.0,119204560.1675627,118554339.8324373
2026-05-05T03:55:00,118541000.0,118688000.0,118541000.0,118640000.0,2.50989957,118755953.32287015,30.38906414300736,7867.787669956684,75105.78708138743,171071.42857142858,118859000.0,119190593.91779071,118527406.08220929
2026-05-05T04:00:00,118640000.0,118641000.0,118523000.0,118523000.0,1.30296811,118733767.2921206,27.55004766444233,-9814.537789553404,58121.72210719927,148571.42857142858,118829650.0,119171456.51652192,118487843.48347808
2026-05-05T04:05:00,118520000.0,118641000.0,118500000.0,118520000.0,10.09008633,118713408.50239483,25.5609756097561,-23795.68123742938,41738.241438273544,146428.57142857142,118802900.0,119154060.42217948,118451739.57782052
2026-05-05T04:10:00,118552000.0,118576000.0,118506000.0,118572000.0,1.4056003,118699941.02597627,27.74621212121211,-30330.244551450014,27324.544240328833,132000.0,118790150.0,119155842.58012421,118424457.41987579
2026-05-05T04:15:00,118576000.0,118598000.0,118498000.0,118504000.0,3.77622356,118681279.97588329,27.85171102661596,-40528.774275526404,13753.880537157784,131071.42857142857,118770350.0,119153466.4588642,118387233.5411358
2026-05-05T04:20:00,118499000.0,118523000.0,118493000.0,118493000.0,7.36343731,118663348.54960868,25.02434274586173,-48934.701845377684,1216.1640606506899,121285.71428571429,118750550.0,119148492.32589264,118352607.67410736
2026-05-05T04:25:00,118493000.0,118494000.0,118400000.0,118400000.0,13.24296129,118638267.73536023,27.995642701525057,-62381.68553292751,-11503.40585806495,103428.57142857143,118719900.0,119127051.28443989,118312748.71556011
2026-05-05T04:30:00,118399000.0,118469000.0,118355000.0,118466000.0,1.52690701,118621861.28437355,36.53846153846153,-66941.2119487077,-22590.9670761935,101071.42857142857,118693500.0,119094239.57943572,118292760.42056428
2026-05-05T04:35:00,118468000.0,118480000.0,118393000.0,118393000.0,1.2584633,118600064.97157606,28.199320498301248,-75573.9894887209,-33187.57155869898,95285.71428571429,118662100.0,119053087.3601403,118271112.6398597
2026-05-05T04:40:00,118400000.0,118460000.0,118364000.0,118460000.0,2.53435582,118586725.45047358,30.93681917211329,-76131.59024527669,-41776.37529601452,98571.42857142857,118633000.0,118990100.01547554,118275899.98452446
2026-05-05T04:45:00,118460000.0,118631000.0,118392000.0,118549000.0,4.25753038,118583132.55042848,38.256410256410255,-68601.14536513388,-47141.329309838395,107000.0,118611950.0,118933245.71556762,118290654.28443238
2026-05-05T04:50:00,118550000.0,118596000.0,118460000.0,118475000.0,1.88285546,118572834.21229243,39.263157894736835,-67822.57863152027,-51277.57917417477,109642.85714285714,118585400.0,118852835.69812496,118317964.30187504
2026-05-05T04:55:00,118475000.0,118616000.0,118384000.0,118614000.0,2.79104417,118576754.76350269,49.75704567541302,-55351.36448259652,-52092.33623585912,120214.28571428571,118575900.0,118823395.15678409,118328404.84321591
2026-05-05T05:00:00,118614000.0,118617000.0,118410000.0,118525000.0,1.60245343,118571825.7384072,49.23076923076923,-52049.40052565932,-52083.74909381916,129357.14285714286,118566950.0,118807797.16708888,118326102.83291112
2026-05-05T05:05:00,118522000.0,118539000.0,118397000.0,118521000.0,1.96728545,118566985.19189222,43.7037037037037,-49188.32448503375,-51504.66417206208,129000.0,118554100.0,118774053.00933562,118334146.99066438
2026-05-05T05:10:00,118500000.0,118688000.0,118500000.0,118688000.0,2.56344536,118578510.411712,58.29145728643216,-33064.25266420841,-47816.581870491354,134000.0,118548000.0,118743476.2066555,118352523.7933445
2026-05-05T05:15:00,118688000.0,118760000.0,118482000.0,118489000.0,3.28621712,118569985.61059658,48.69857262804366,-35929.27613605559,-45439.1207236042,143785.7142857143,118533550.0,118697646.85843237,118369453.14156763
2026-05-05T05:20:00,118493000.0,118533000.0,118383000.0,118503000.0,3.07030675,118563606.02863501,47.007805724197745,-36647.69308823347,-43680.83519653005,149500.0,118524750.0,118674230.32787313,118375269.67212687
2026-05-05T05:25:00,118503000.0,118634000.0,118503000.0,118542000.0,1.02142816,118561548.31162216,51.69039145907473,-33681.80673350394,-41681.02950392483,151714.2857142857,118520900.0,118663989.07788692,118377810.92211308
2026-05-05T05:30:00,118542000.0,118611000.0,118468000.0,118469000.0,1.38837578,118552734.18670577,48.98819561551433,-36797.630168020725,-40704.34963674401,159785.7142857143,118517300.0,118661875.02150133,118372724.97849867
2026-05-05T05:35:00,118516000.0,118516000.0,118386000.0,118386000.0,3.02032929,118536854.74035284,49.404761904761905,-45440.53878289461,-41651.58746597413,162357.14285714287,118504600.0,118648414.79317805,118360785.20682195
2026-05-05T05:40:00,118435000.0,118465000.0,118386000.0,118435000.0,1.12334277,118527154.28889066,48.662640207075064,-47785.37557481229,-42878.34508774176,159857.14285714287,118500200.0,118646998.25038397,118353401.74961603
2026-05-05T05:45:00,118436000.0,118554000.0,118429000.0,118554000.0,2.75920016,118529711.02328202,56.68049792531121,-39585.05823998153,-42219.687718189714,162571.42857142858,118501900.0,118650440.83259284,118353359.16740716
2026-05-05T05:50:00,118554000.0,118611000.0,118459000.0,118482000.0,3.01411958,118525167.11630279,50.909090909090914,-38452.78616011143,-41466.30740657406,166571.42857142858,118497400.0,118642410.19927834,118352389.80072166
2026-05-05T05:55:00,118515000.0,118582000.0,118462000.0,118573000.0,1.8610569,118529722.62903586,50.990099009900995,-29868.210756659508,-39146.68807659115,158071.42857142858,118500850.0,118649752.33464645,118351947.66535355
2026-05-05T06:00:00,118582000.0,118767000.0,118573000.0,118701000.0,4.12423516,118546034.75960389,58.92575039494471,-12591.199135676026,-33835.59028840812,162214.2857142857,118511250.0,118684850.72156048,118337649.27843952
2026-05-05T06:05:00,118721000.0,118800000.0,118679000.0,118754000.0,1.60713288,118565840.97297494,55.932203389830505,5316.330756962299,-26005.20607933404,154285.7142857143,118528950.0,118725465.40719028,118332434.59280972
2026-05-05T06:10:00,118754000.0,118879000.0,118711000.0,118801000.0,6.05995466,118588237.07078685,62.12653778558875,23035.149553120136,-16197.134952843204,151500.0,118545700.0,118774138.26760258,118317261.73239742
2026-05-05T06:15:00,118770000.0,118845000.0,118770000.0,118802000.0,4.32733789,118608595.44499762,62.37885462555066,36734.678244650364,-5610.772313344491,146714.2857142857,118566150.0,118809755.6131062,118322544.3868938
2026-05-05T06:20:00,118802000.0,119060000.0,118800000.0,118999000.0,3.47672541,118645776.83118832,63.347639484978544,62764.39812269807,8064.261773864023,151857.14285714287,118593100.0,118898644.4837973,118287555.5162027
2026-05-05T06:25:00,118999000.0,119078000.0,118910000.0,118970000.0,7.44373183,118676655.228218,74.17085427135679,80129.399188146,22477.289256720418,144000.0,118614150.0,118961983.76247253,118266316.23752747
2026-05-05T06:30:00,118910000.0,118982000.0,118900000.0,118970000.0,1.73583489,118704592.82553057,73.80224260958207,92821.30145666003,36546.09169670835,139142.85714285713,118638900.0,119014388.39774634,118263411.60225366
2026-05-05T06:35:00,118969000.0,119015000.0,118969000.0,119014000.0,2.43433719,118734060.17548005,73.93509127789046,105217.27843105793,50280.32904357827,133071.42857142858,118658900.0,119069750.15836869,118248049.84163131
2026-05-05T06:40:00,119000000.0,119019000.0,119000000.0,119002000.0,4.93079028,118759578.25400576,78.8108108108108,112772.90394170582,62778.84402320378,124214.28571428571,118682750.0,119115659.79976994,118249840.20023006
2026-05-05T06:45:00,119014000.0,119014000.0,118975000.0,118975000.0,2.87311869,118780094.61076713,83.88952819332566,115253.54610598087,73273.7844397592,117714.28571428571,118705450.0,119150100.76775281,118260799.23224719
2026-05-05T06:50:00,118980000.0,119119000.0,118980000.0,119074000.0,5.43116883,118808085.60021788,84.76605005440696,123781.07434172928,83375.24242015323,122357.14285714286,118724750.0,119198751.4989983,118250748.5010017
2026-05-05T06:55:00,119091000.0,119107000.0,119041000.0,119061000.0,2.44065903,118832172.6859114,81.18081180811808,128014.5386365205,92303.10166342669,118142.85714285714,118753350.0,119236398.33581832,118270301.66418168
2026-05-05T07:00:00,119061000.0,119150000.0,119041000.0,119137000.0,5.24720722,118861203.85868175,90.08567931456548,135935.1783131957,101029.5169933805,115071.42857142857,118785050.0,119281936.92984685,118288163.07015315
2026-05-05T07:05:00,119137000.0,119149000.0,119000000.0,119116000.0,6.6139687,118885470.15785493,86.34538152610442,138916.47517313063,108606.90862933054,117142.85714285714,118813750.0,119317784.19892326,118309715.80107674
2026-05-05T07:10:00,119115000.0,119116000.0,119016000.0,119075000.0,2.8877958,118903520.61901161,78.33333333333333,136398.50006140769,114165.22691574598,110428.57142857143,118844050.0,119333470.054221,118354629.945779
2026-05-05T07:15:00,119074000.0,119100000.0,119021000.0,119029000.0,3.06896564,118915471.0362486,71.05666156202145,129201.81300738454,117172.5441340737,107428.57142857143,118876200.0,119321408.69145533,118430991.30854467
2026-05-05T07:20:00,119029000.0,119030000.0,119000000.0,119002000.0,5.48550377,118923711.8899392,65.87677725118483,119937.15149201453,117725.46560566187,97571.42857142857,118904550.0,119301006.66120085,118508093.33879915
2026-05-05T07:25:00,119002000.0,119066000.0,118992000.0,119002000.0,3.60781763,118931167.90042119,65.82278481012658,111311.70840743184,116442.71416601588,97500.0,118926950.0,119289156.96322756,118564743.03677244
2026-05-05T07:30:00,119001000.0,119002000.0,118819000.0,118820000.0,5.20765453,118920580.48133346,35.49432739059968,88766.854612872,110907.54225538712,92000.0,118943850.0,119245046.40383679,118642653.59616321
2026-05-05T07:35:00,118820000.0,118820000.0,118700000.0,118745000.0,5.31026776,118903858.53073028,33.03167420814479,64109.01355317235,101547.83651494417,88571.42857142857,118952450.0,119216606.63216318,118688293.36783682
2026-05-05T07:40:00,118745000.0,118847000.0,118732000.0,118846000.0,4.09297585,118898348.19447026,41.88481675392671,52116.585218042135,91661.58625556377,90928.57142857143,118959700.0,119201840.54205206,118717559.45794794
2026-05-05T07:45:00,118846000.0,118882000.0,118823000.0,118882000.0,5.85643229,118896791.22356834,41.269841269841265,44998.68170513213,82329.00534547745,91857.14285714286,118966100.0,119191538.89357617,118740661.10642383
2026-05-05T07:50:00,118882000.0,118940000.0,118825000.0,118867000.0,9.07148969,118893953.96418089,41.10671936758893,37712.589987531304,73405.72227388823,98714.28571428571,118969400.0,119186438.82747468,118752361.17252532
2026-05-05T07:55:00,118863000.0,118905000.0,118666000.0,118695000.0,13.54032061,118875005.96759224,34.51327433628319,17853.54274454713,62295.28636802001,113000.0,118964050.0,119202665.72278017,118725434.27721983
2026-05-05T08:00:00,118796000.0,118819000.0,118680000.0,118705000.0,5.29977337,118858814.92305964,27.361963190184056,2888.7217679172754,50413.973447999466,112642.85714285714,118949350.0,119213732.7170082,118684967.2829918
2026-05-05T08:05:00,118700000.0,118728000.0,118643000.0,118646000.0,6.06342635,118838546.8351492,25.900116144018583,-13575.325684070587,37616.11362158546,114000.0,118933150.0,119229926.55957942,118636373.44042058
2026-05-05T08:10:00,118646000.0,118665000.0,118600000.0,118617000.0,4.69454463,118817447.13656357,18.058968058968063,-28633.193907886744,24366.25211569102,110857.14285714286,118915500.0,119243404.0296056,118587595.9703944
2026-05-05T08:15:00,118603000.0,118617000.0,118584000.0,118584000.0,7.23351186,118795214.07593846,17.79661016949153,-42736.843440413475,10945.633004470119,102571.42857142857,118894000.0,119249903.59427948,118538096.40572052
2026-05-05T08:20:00,118584000.0,118602000.0,118550000.0,118575000.0,3.96459061,118774241.30680147,18.513853904282115,-54017.63047084212,-2047.0196905923294,99142.85714285714,118872650.0,119251748.80672875,118493551.19327125
2026-05-05T08:25:00,118575000.0,118718000.0,118568000.0,118718000.0,7.86089836,118768884.991868,32.54769921436588,-50832.86098790169,-11804.187950054202,104214.28571428571,118859800.0,119241703.59764571,118477896.40235429
2026-05-05T08:30:00,118718000.0,118718000.0,118500000.0,118551000.0,8.94174741,118748134.04026154,28.12803103782734,-61080.3166808933,-21659.413696222022,117642.85714285714,118833650.0,119225296.604936,118442003.395064
2026-05-05T08:35:00,118550000.0,118589000.0,118457000.0,118492000.0,5.78833712,118723740.32214138,26.605504587155963,-73119.43078015745,-31951.41711300911,121785.71428571429,118805200.0,119209762.7138945,118400637.2861055
2026-05-05T08:40:00,118492000.0,118545000.0,118444000.0,118447000.0,4.66246226,118697384.10098507,30.430220356768103,-85308.25885476172,-42622.78546135963,115928.57142857143,118770700.0,119173805.8891839,118367594.1108161
2026-05-05T08:45:00,118446000.0,118550000.0,118443000.0,118524000.0,3.89821778,118680871.32946268,38.42931937172775,-87743.28644761443,-51646.88565861058,115000.0,118741100.0,119123874.85480852,118358325.14519148
2026-05-05T08:50:00,118464000.0,118616000.0,118462000.0,118613000.0,3.46829429,118674407.39332338,37.6458112407211,-81551.43300671875,-57627.795128232225,117785.71428571429,118718000.0,119070495.46469648,118365504.53530352
2026-05-05T08:55:00,118613000.0,118656000.0,118502000.0,118620000.0,7.46513688,118669225.73681638,35.667396061269145,-75212.50016263127,-61144.736135112034,124571.42857142857,118697550.0,119020275.54740426,118374824.45259574
2026-05-05T09:00:00,118620000.0,118750000.0,118523000.0,118750000.0,10.61579141,118676918.52378625,44.31486880466472,-59018.60690687597,-60719.51028946482,132571.42857142858,118684950.0,118975722.81781307,118394177.18218693
2026-05-05T09:05:00,118750000.0,118828000.0,118717000.0,118717000.0,7.16373365,118680735.80723518,51.23595505617978,-48290.98561638594,-58233.80535484905,123428.57142857143,118670700.0,118921195.17276578,118420204.82723422
2026-05-05T09:10:00,118710000.0,118821000.0,118700000.0,118710000.0,4.00451094,118683522.87321278,50.28184892897407,-39894.23405697942,-54565.89109527513,122142.85714285714,118665200.0,118906556.34280154,118423843.65719846
2026-05-05T09:15:00,118710000.0,118769000.0,118700000.0,118754000.0,3.8852768,118690234.98052585,56.19266055045871,-29350.975894406438,-49522.9080551014,121000.0,118665650.0,118907665.4627509,118423634.5372491
2026-05-05T09:20:00,118763000.0,118775000.0,118656000.0,118675000.0,6.54987578,118688784.02999958,53.14533622559654,-27058.09869132936,-45029.94618234699,124857.14285714286,118657100.0,118883891.71988972,118430308.28011028
2026-05-05T09:25:00,118675000.0,118718000.0,118655000.0,118658000.0,3.1407976,118685852.21761867,54.083885209713024,-26309.455883309245,-41285.84812253944,127000.0,118645900.0,118846544.12066618,118445255.87933382
2026-05-05T09:30:00,118655000.0,118931000.0,118655000.0,118931000.0,6.30896503,118709199.62546451,65.2136752136752,-3645.3117358982563,-33757.74084521121,143000.0,118649100.0,118865976.29265504,118432223.70734496
2026-05-05T09:35:00,118931000.0,118997000.0,118928000.0,118961000.0,4.15841426,118733180.61351551,61.49479659413434,16546.20076404512,-23696.952523359945,137214.2857142857,118662400.0,118919940.92163342,118404859.07836658
2026-05-05T09:40:00,118961000.0,118999000.0,118934000.0,118998000.0,6.09841984,118758401.5074664,74.11003236245955,35128.76809857786,-11931.808398972385,126285.71428571429,118677050.0,118974963.78123987,118379136.21876013
2026-05-05T09:45:00,118998000.0,118998000.0,118941000.0,118955000.0,4.13615418,118777125.17342198,75.41163556531285,45857.2323282361,-374.0002535306885,120928.57142857143,118692500.0,119014694.12259007,118370305.87740993
2026-05-05T09:50:00,118954000.0,119001000.0,118941000.0,118962000.0,7.89595544,118794732.29976274,79.49599083619702,54298.53926226497,10560.507649628442,118000.0,118709750.0,119051285.77295876,118368214.22704124
2026-05-05T09:55:00,119000000.0,119001000.0,118962000.0,118999000.0,3.40447948,118814186.366452,78.51140456182473,63244.87900529802,21097.38192076236,113142.85714285714,118730500.0,119089830.66431324,118371169.33568676
2026-05-05T10:00:00,118999000.0,119000000.0,118994000.0,118995000.0,4.41522012,118831406.71250418,75.53475935828877,69214.29186373949,30720.763909357785,102571.42857142857,118751500.0,119121499.43100953,118381500.56899047
2026-05-05T10:05:00,118999000.0,119000000.0,118995000.0,119000000.0,3.93099956,118847463.21607521,75.46916890080429,73501.27581989765,39276.86629146576,91928.57142857143,118765600.0,119151380.63032874,118379819.36967126
2026-05-05T10:10:00,119000000.0,119050000.0,118999000.0,119050000.0,11.66098505,118866752.43359186,72.52252252252252,80011.00654543936,47423.69434226048,79357.14285714286,118790550.0,119182389.64228134,118398710.35771866
2026-05-05T10:15:00,119050000.0,119127000.0,119037000.0,119100000.0,13.30650627,118888966.48753548,78.03806734992679,88188.0205720663,55576.55958822165,77857.14285714286,118820950.0,119209591.6154546,118432308.3845454
2026-05-05T10:20:00,119100000.0,119110000.0,119076000.0,119110000.0,10.39362215,118910017.29824638,79.1545189504373,94387.24215337634,63338.696101252586,71642.85714285714,118854100.0,119220931.03811744,118487268.96188256
2026-05-05T10:25:00,119110000.0,119149000.0,119110000.0,119149000.0,5.85113032,118932777.55555625,79.00146842878121,101279.65516261756,70926.88791352558,69500.0,118885350.0,119240063.39060387,118530636.60939613
2026-05-05T10:30:00,119148000.0,119162000.0,119067000.0,119160000.0,10.51947177,118954417.78836042,89.55954323001632,106403.00261813402,78022.11085444728,67785.71428571429,118912700.0,119263323.56482492,118562076.43517508
2026-05-05T10:35:00,119160000.0,119255000.0,119154000.0,119254000.0,8.08043976,118982949.42756419,93.18840579710145,116703.02694803476,85758.29407316478,70500.0,118944400.0,119298225.64841132,118590574.35158868
2026-05-05T10:40:00,119255000.0,119347000.0,119254000.0,119311000.0,10.01759813,119014192.33922476,90.084388185654,127989.90610168874,94204.61647886958,57428.57142857143,118972450.0,119349567.30689257,118595332.69310743
2026-05-05T10:45:00,119293000.0,119400000.0,119275000.0,119394000.0,8.54568084,119050364.49739382,91.08159392789373,141995.41078217328,103762.77533953032,61428.57142857143,119006300.0,119407630.99608809,118604969.00391191
2026-05-05T10:50:00,119394000.0,119450000.0,119393000.0,119418000.0,13.65069652,119085377.40240392,90.85603112840467,153264.73312975466,113663.1668975752,60857.142857142855,119041700.0,119457621.60192442,118625778.39807558
2026-05-05T10:55:00,119404000.0,119449000.0,119403000.0,119410000.0,5.86319732,119116293.84027022,97.49478079331942,159709.19100174308,122872.37171840879,60071.42857142857,119074500.0,119498283.21170892,118650716.78829108
2026-05-05T11:00:00,119410000.0,119480000.0,119394000.0,119480000.0,11.37286917,119150932.52214924,97.7859778597786,168522.26550540328,132002.3504758077,61928.57142857143,119114750.0,119531628.56366347,118697871.43633653
2026-05-05T11:05:00,119480000.0,119500000.0,119480000.0,119499000.0,9.31380312,119184081.80575407,97.70992366412214,175022.28381447494,140606.33714354114,60571.42857142857,119156800.0,119548598.87428978,118765001.12571022
2026-05-05T11:10:00,119499000.0,119500000.0,119442000.0,119450000.0,10.02056175,119209407.3480632,89.98242530755712,174211.50290204585,147327.3702952421,64285.71428571428,119182750.0,119580286.55906028,118785213.44093972
2026-05-05T11:15:00,119449000.0,119454000.0,119442000.0,119454000.0,7.12045199,119232701.8863429,89.96478873239437,171910.04773814976,152243.90578382363,64785.71428571428,119207400.0,119608167.36919382,118806632.63080618
2026-05-05T11:20:00,119446000.0,119453000.0,119408000.0,119422000.0,6.53256563,119250730.27811976,83.81818181818181,165595.11793465912,154914.14821399073,64428.57142857143,119228600.0,119627581.54554342,118829618.45445658
2026-05-05T11:25:00,119422000.0,119471000.0,119420000.0,119467000.0,4.66546346,119271327.3944893,83.6697247706422,162350.1430979371,156401.34719078,61642.857142857145,119254200.0,119644882.31811053,118863517.68188947
2026-05-05T11:30:00,119468000.0,119476000.0,119464000.0,119468000.0,5.22913306,119290058.11882366,83.3955223880597,158037.41189424694,156728.5601314734,60071.42857142857,119279500.0,119655779.01182081,118903220.98817919
2026-05-05T11:35:00,119467000.0,119670000.0,119464000.0,119670000.0,12.48010431,119326243.05988806,87.26752503576537,168971.45540252328,159177.1391856834,72000.0,119313050.0,119703415.80685033,118922684.19314967
2026-05-05T11:40:00,119660000.0,119771000.0,119640000.0,119771000.0,15.47083176,119368600.86370826,88.71989860583017,183669.3931323439,164075.5899750155,74571.42857142857,119351850.0,119762826.89780124,118940873.10219876
2026-05-05T11:45:00,119771000.0,119850000.0,119574000.0,119574000.0,24.14343974,119388162.68621223,67.9372197309417,177376.67319837213,166735.80661968683,87071.42857142857,119380550.0,119767539.1743352,118993560.8256648
2026-05-05T11:50:00,119572000.0,119600000.0,119544000.0,119589000.0,7.32430216,119407290.0494301,66.35294117647058,171621.67412532866,167712.98012081522,84428.57142857143,119407500.0,119771982.32936737,119043017.67063263
2026-05-05T11:55:00,119589000.0,119590000.0,119514000.0,119531000.0,7.28918775,119419071.94948438,58.303030303030305,160530.1885367632,166276.4218040048,80928.57142857143,119429050.0,119766979.59403746,119091120.40596254
2026-05-05T12:00:00,119549000.0,119591000.0,119478000.0,119506000.0,10.84967899,119427350.81143825,55.32687651331719,148016.57232306898,162624.45190781765,84928.57142857143,119448850.0,119752761.53491212,119144938.46508788
2026-05-05T12:05:00,119506000.0,119506000.0,119478000.0,119498000.0,2.92423387,119434079.305587,55.32687651331719,135887.4818727672,157277.05790080756,83642.85714285714,119466300.0,119735855.65776215,119196744.34223785
2026-05-05T12:10:00,119498000.0,119745000.0,119498000.0,119740000.0,9.37724065,119463214.6098168,63.02605210420842,144140.90124222636,154649.82656909132,95142.85714285714,119495300.0,119750522.58603239,119240077.41396761
2026-05-05T12:15:00,119740000.0,119744000.0,119680000.0,119742000.0,6.86016393,119489765.59935807,62.38532110091743,149124.16825541854,153544.69490635677,98285.71428571429,119519700.0,119771069.38640387,119268330.61359613
2026-05-05T12:20:00,119739000.0,119880000.0,119739000.0,119878000.0,9.49410247,119526740.3041811,70.0374531835206,162178.01941098273,155271.359807282,104214.28571428571,119548050.0,119826725.41957211,119269374.58042789
2026-05-05T12:25:00,119878000.0,119899000.0,119817000.0,119866000.0,11.71400505,119559050.75140195,69.14498141263941,169599.94815781713,158137.07747738902,109214.28571428571,119571650.0,119874307.19708505,119268992.80291495
2026-05-05T12:30:00,119889000.0,119952000.0,119866000.0,119946000.0,14.80880058,119595903.06079224,73.30960854092527,179863.85303743184,162482.4325893976,112071.42857142857,119598050.0,119934501.12259397,119261598.87740603
2026-05-05T12:35:00,119946000.0,120000000.0,119900000.0,119926000.0,31.3308616,119627340.8645263,70.88262056414922,184260.20184013247,166837.98643954456,115571.42857142857,119623850.0,119978242.74971794,119269457.25028206
2026-05-05T12:40:00,119919000.0,120000000.0,119900000.0,119985000.0,14.3671016,119661403.63933331,72.34226447709594,190311.35600930452,171532.66035349658,121857.14285714286,119649100.0,120031215.3862658,119266984.6137342
2026-05-05T12:45:00,119984000.0,120000000.0,119880000.0,119935000.0,8.9527768,119687460.43558729,63.18407960199005,188894.89439244568,175005.1071612864,115714.28571428571,119670900.0,120066470.68700936,119275329.31299064
2026-05-05T12:50:00,119935000.0,119950000.0,119912000.0,119945000.0,3.9610044,119711988.0131504,59.51859956236324,186430.20344601572,177290.12641823228,109071.42857142857,119695650.0,120094950.58589332,119296349.41410668
2026-05-05T12:55:00,119945000.0,119950000.0,119900000.0,119947000.0,5.09969358,119734370.10713607,75.93880389429764,182534.1612122357,178338.93337703298,92928.57142857143,119720300.0,120117652.87247379,119322947.12752621
2026-05-05T13:00:00,119947000.0,120000000.0,119900000.0,119988000.0,11.50411717,119758525.33502787,76.7785234899329,180672.20035997033,178805.58677362045,96071.42857142857,119748600.0,120137021.04122095,119360178.95877905
2026-05-05T13:05:00,119988000.0,120000000.0,119912000.0,119926000.0,10.73566578,119774475.30312045,76.36849132176235,172208.5877223611,177486.1869633686,96928.57142857143,119771550.0,120143818.98877023,119399281.01122977
2026-05-05T13:10:00,119926000.0,119931000.0,119833000.0,119838000.0,9.82583115,119780525.27425183,70.44334975369458,156595.1181319356,173307.973197082,95857.14285714286,119790050.0,120134541.37182689,119445558.62817311
2026-05-05T13:15:00,119838000.0,119910000.0,119830000.0,119908000.0,6.50984739,119792665.7243231,73.4553775743707,148161.82864505053,168278.7442866757,99571.42857142857,119801950.0,120145421.73330414,119458478.26669586
2026-05-05T13:20:00,119910000.0,119910000.0,119850000.0,119886000.0,3.13094536,119801554.70295899,61.162079510703364,138111.11091436446,162245.21761221346,86214.28571428571,119807700.0,120152836.49473797,119462563.50526203
2026-05-05T13:25:00,119886000.0,119888000.0,119836000.0,119842000.0,6.17350167,119805406.63601051,57.183908045977006,125152.72966195643,154826.72002216204,85357.14285714286,119821100.0,120148380.9190894,119493819.0809106
2026-05-05T13:30:00,119842000.0,119842000.0,119684000.0,119743000.0,11.00197069,119799463.14686665,39.757207890743544,105676.4739267528,144996.6708030802,86571.42857142857,119828800.0,120139936.86276047,119517663.13723953
2026-05-05T13:35:00,119743000.0,119765000.0,119670000.0,119764000.0,9.23341915,119796085.70430793,42.36526946107785,90888.22257947922,134174.98115836,87500.0,119840450.0,120120536.05820356,119560363.94179644
2026-05-05T13:40:00,119765000.0,119800000.0,119764000.0,119770000.0,4.59904156,119793601.35151671,35.18518518518519,78744.8550272882,123088.95593214565,83928.57142857143,119853650.0,120088619.44930197,119618680.55069803
2026-05-05T13:45:00,119770000.0,119849000.0,119689000.0,119823000.0,8.72272178,119796401.22280084,41.78628389154705,72561.36358296871,112983.43746231026,88214.28571428571,119869900.0,120036236.24790896,119703563.75209104
2026-05-05T13:50:00,119843000.0,119888000.0,119841000.0,119887000.0,3.41655361,119805029.67777218,42.24683544303797,71995.25075812638,104785.8001214735,85714.28571428571,119877250.0,120032006.0049001,119722493.9950999
2026-05-05T13:55:00,119887000.0,119888000.0,119879000.0,119880000.0,5.94971707,119812169.70846054,45.331069609507644,70172.85181263089,97863.21045970499,77785.71428571429,119884150.0,120025215.53161752,119743084.46838248
2026-05-05T14:00:00,119880000.0,119880000.0,119808000.0,119879000.0,2.67725693,119818534.49813096,44.310344827586206,67865.58367229998,91863.68510222399,80214.28571428571,119884200.0,120025257.06198858,119743142.93801142
2026-05-05T14:05:00,119878000.0,119888000.0,119871000.0,119888000.0,3.36198638,119825150.26021373,44.97444633730835,66002.44671137631,86691.43742405446,77857.14285714286,119885300.0,120026102.36242041,119744497.63757959
2026-05-05T14:10:00,119888000.0,120000000.0,119888000.0,119940000.0,11.70710861,119836088.33066958,45.986622073578594,67938.70753446221,82940.89144613601,78714.28571428571,119885000.0,120025282.4219022,119744717.5780978
2026-05-05T14:15:00,119942000.0,119987000.0,119941000.0,119943000.0,3.50466401,119846270.39441533,51.57699443413729,68920.80695384741,80136.8745476783,75785.71428571429,119885850.0,120027378.90722024,119744321.09277976
2026-05-05T14:20:00,119943000.0,120156000.0,119942000.0,120156000.0,27.02237322,119875768.45209005,73.94578313253012,85896.2887558937,81288.75738932138,84071.42857142857,119894400.0,120076106.99375357,119712693.00624643
2026-05-05T14:25:00,120132000.0,120237000.0,120120000.0,120127000.0,18.82592083,119899695.26617672,67.57624398073835,95903.9022617042,84211.78636379796,86714.28571428571,119904000.0,120112979.47519468,119695020.52480532
2026-05-05T14:30:00,120139000.0,120238000.0,120126000.0,120236000.0,7.07049267,119931724.28844559,74.64788732394366,111346.85982595384,89638.80105622915,90428.57142857143,119918550.0,120174737.82172462,119662362.17827538
2026-05-05T14:35:00,120239000.0,120490000.0,120237000.0,120429000.0,26.97223182,119979083.8800222,84.16763678696158,137573.14441531897,99225.66972804711,104857.14285714286,119942650.0,120285973.24802086,119599326.75197914
2026-05-05T14:40:00,120450000.0,120489000.0,120247000.0,120263000.0,18.28745189,120006123.51049627,78.07775377969762,143310.85291790962,108042.70636601963,110857.14285714286,119956400.0,120328215.68722038,119584584.31277962
2026-05-05T14:45:00,120248000.0,120257000.0,120051000.0,120055000.0,11.05202929,120010778.41425854,63.072776280323446,129580.44387672842,112350.25386816138,119214.28571428571,119962850.0,120336914.03898686,119588785.96101314
2026-05-05T14:50:00,120055000.0,120266000.0,120055000.0,120177000.0,9.7268106,120026609.041472,66.55817737998373,127078.49441280961,115295.90197709102,131714.2857142857,119979800.0,120360703.41364488,119598896.58635512
2026-05-05T14:55:00,120179000.0,120193000.0,120085000.0,120101000.0,7.46732079,120033693.89466515,61.102236421725244,117607.41156315804,115758.20389430443,128000.0,119989450.0,120372467.64422737,119606432.35577263
2026-05-05T15:00:00,120101000.0,120150000.0,120082000.0,120083000.0,8.29210469,120038389.71422085,58.12603648424544,107410.89466884732,114088.74204921302,128214.28571428571,119999300.0,120381246.86872172,119617353.13127828
2026-05-05T15:05:00,120083000.0,120084000.0,120032000.0,120040000.0,5.18310094,120038543.07477126,56.44122383252818,94767.91539643705,110224.57671865783,131285.7142857143,120009200.0,120384180.47668478,119634219.52331522
2026-05-05T15:10:00,120040000.0,120100000.0,120036000.0,120057000.0,9.11739021,120040300.87717399,57.07472178060413,85138.5964178294,105207.38065849215,130714.28571428571,120024900.0,120378644.42156659,119671155.57843341
2026-05-05T15:15:00,120057000.0,120098000.0,120057000.0,120079000.0,6.64175869,120043986.50791933,57.51376868607396,78379.00352667272,99841.70523212828,132428.57142857142,120040650.0,120372879.64473706,119708420.35526294
2026-05-05T15:20:00,120098000.0,120098000.0,120000000.0,120005000.0,16.76732511,120040273.5071651,52.51353441608663,66286.68426977098,93130.70103965684,131428.57142857142,120052400.0,120360038.47545286,119744761.52454714
2026-05-05T15:25:00,120000000.0,120005000.0,119950000.0,119967000.0,4.9773405,120033295.07791129,50.90361445783132,53025.90212525427,85109.74125677632,132000.0,120059600.0,120350941.29018804,119768258.70981196
2026-05-05T15:30:00,119958000.0,119967000.0,119933000.0,119958000.0,7.2618056,120026124.11811022,41.19217081850534,41314.16794222593,76350.62659386624,119142.85714285714,120063150.0,120347276.93605056,119779023.06394944
2026-05-05T15:35:00,119958000.0,120006000.0,119958000.0,119993000.0,5.15236693,120022969.44019496,44.07079646017699,34459.51389063895,67972.40405322079,114214.28571428571,120068800.0,120341871.11084653,119795728.88915347
2026-05-05T15:40:00,119992000.0,119993000.0,119924000.0,119940000.0,6.25704217,120015067.58874783,36.21973929236499,24468.437196210027,59271.61068181864,111142.85714285714,120071850.0,120337250.01586485,119806449.98413515
2026-05-05T15:45:00,119951000.0,119978000.0,119916000.0,119978000.0,4.22255824,120011537.34220043,25.462459194776926,19393.166997477412,51295.921944950394,97428.57142857143,120076350.0,120331477.85236551,119821222.14763449
2026-05-05T15:50:00,119970000.0,120001000.0,119970000.0,120001000.0,2.74021156,120010533.7858004,33.118556701030926,17030.568784832954,44442.851312926905,82357.14285714286,120079400.0,120329064.53281829,119829735.46718171
2026-05-05T15:55:00,120001000.0,120150000.0,120000000.0,120096000.0,7.39857137,120018673.42524798,53.09200603318251,22563.797321528196,40067.04051464716,77928.57142857143,120087050.0,120328353.01980793,119845746.98019207
2026-05-05T16:00:00,120149000.0,120150000.0,120060000.0,120121000.0,6.23092203,120028418.81331961,45.053003533568905,28636.112587362528,37780.85492919023,69285.71428571429,120085300.0,120324999.90009442,119845600.09990558
2026-05-05T16:05:00,120121000.0,120123000.0,120000000.0,120003000.0,5.35654522,120025997.97395584,41.94078947368421,23654.181669294834,34955.52027721115,70357.14285714286,120079100.0,120320665.85677183,119837534.14322817
2026-05-05T16:10:00,120003000.0,120118000.0,120000000.0,120111000.0,3.96635467,120034093.40500766,52.00573065902579,28096.7807315588,33583.77236808068,73928.57142857143,120072850.0,120303547.1357019,119842152.8642981
2026-05-05T16:15:00,120118000.0,120150000.0,120111000.0,120149000.0,3.00138963,120045036.89024504,57.86435786435786,34288.59731045365,33724.73735655528,73000.0,120058850.0,120222901.69275184,119894798.30724816
2026-05-05T16:20:00,120149000.0,120245000.0,120149000.0,120201000.0,9.22369072,120059890.51974551,59.89010989010988,42897.13055819273,35559.21599688277,75285.71428571429,120055750.0,120205257.0848524,119906242.9151476
2026-05-05T16:25:00,120200000.0,120228000.0,120200000.0,120216000.0,3.82128295,120074758.08929355,59.500693481276,50349.4328969121,38517.259376888636,74357.14285714286,120063800.0,120229588.19715467,119898011.80284533
2026-05-05T16:30:00,120216000.0,120218000.0,120140000.0,120186000.0,7.70485429,120085352.55697988,63.36779911373707,53221.18620619178,41458.04474274926,72928.57142857143,120064250.0,120231375.38627285,119897124.61372715
2026-05-05T16:35:00,120186000.0,120258000.0,120154000.0,120248000.0,3.92078366,120100842.78964846,70.04279600570614,59810.49508151412,45128.534810502235,76428.57142857143,120071600.0,120257415.3016191,119885784.6983809
2026-05-05T16:40:00,120248000.0,120254000.0,120165000.0,120175000.0,8.08093605,120107905.3811105,64.1830065359477,58468.09610824287,47796.44707005036,80357.14285714286,120076200.0,120267672.52104622,119884727.47895378
2026-05-05T16:45:00,120160000.0,120182000.0,120000000.0,120002000.0,7.98485933,120097819.15433808,50.4983388704319,42949.486130818725,46827.05488220404,89928.57142857143,120074300.0,120268025.90512319,119880574.09487681
2026-05-05T16:50:00,120002000.0,120053000.0,119948000.0,119950000.0,8.92333569,120083741.13963921,50.55432372505544,26153.43003875017,42692.32991351327,92500.0,120068950.0,120270441.77859683,119867458.22140317
2026-05-05T16:55:00,119950000.0,119950000.0,119840000.0,119842000.0,9.96039957,120060718.17395929,43.00411522633745,4080.697430551052,34970.00341692082,95928.57142857143,120057100.0,120282554.7684827,119831645.2315173
2026-05-05T17:00:00,119842000.0,119885000.0,119834000.0,119881000.0,4.55403961,120043602.15739173,43.927125506072876,-10148.146606430411,25946.373412250578,97357.14285714286,120050900.0,120288860.54515956,119812939.45484044
2026-05-05T17:05:00,119880000.0,119880000.0,119801000.0,119802000.0,7.86541065,120020592.42811632,34.876543209876544,-27482.447243869305,15260.609281026602,92357.14285714286,120042650.0,120303224.48677471,119782075.51322529
2026-05-05T17:10:00,119801000.0,119802000.0,119790000.0,119794000.0,7.93398746,119999012.19686714,32.879581151832454,-41388.43837296963,3930.7997502273556,86785.71428571429,120034450.0,120315739.11891693,119753160.88108307
2026-05-05T17:15:00,119794000.0,119800000.0,119794000.0,119797000.0,5.45257091,119979772.94002265,37.738095238095234,-51572.46631318331,-7169.853462454777,78428.57142857143,120024650.0,120325028.90107419,119724271.09892581
2026-05-05T17:20:00,119797000.0,119798000.0,119795000.0,119798000.0,3.39396504,119962461.23144905,28.649386084583895,-58883.91308899224,-17512.66538776227,70214.28571428571,120017550.0,120332703.07892817,119702396.92107183
2026-05-05T17:25:00,119798000.0,119813000.0,119790000.0,119790000.0,8.61769572,119946036.35226344,24.46657183499289,-64579.389473587275,-26926.010204927275,69071.42857142857,120008150.0,120339089.50790854,119677210.49209146
2026-05-05T17:30:00,119790000.0,119798000.0,119710000.0,119711000.0,5.44506056,119923651.93776216,16.438356164383563,-74607.70413987339,-36462.3489919165,68500.0,119993650.0,120350320.73124427,119636979.26875573
2026-05-05T17:35:00,119711000.0,119719000.0,119622000.0,119623000.0,4.85424799,119895018.41988005,13.075965130759656,-88634.35860332847,-46896.7509141989,73428.57142857143,119970000.0,120359327.62552895,119580672.37447105
2026-05-05T17:40:00,119623000.0,119639000.0,119544000.0,119544000.0,7.34897072,119861588.09417719,12.323943661971825,-104915.81883989275,-58500.56449933767,74642.85714285714,119941150.0,120367150.8771921,119515149.1228079
2026-05-05T17:45:00,119543000.0,119601000.0,119500000.0,119588000.0,11.54627215,119835532.08520792,10.431654676259,-112966.35527776182,-69393.7226550225,74428.57142857143,119920400.0,120373295.43349896,119467504.56650104
2026-05-05T17:50:00,119601000.0,119726000.0,119581000.0,119675000.0,10.15137357,119820243.31518812,20.518867924528294,-111046.21880854666,-77724.22188572734,78428.57142857143,119898600.0,120354827.27484863,119442372.72515137
2026-05-05T17:55:00,119699000.0,119699000.0,119530000.0,119636000.0,5.40342819,119802696.33278926,24.369747899159663,-111387.4655200392,-84456.87061258972,77500.0,119872950.0,120327582.51788208,119418317.48211792
2026-05-05T18:00:00,119636000.0,119641000.0,119501000.0,119501000.0,8.02132596,119773963.34871408,21.831869510664987,-121154.6819974631,-91796.4328895644,80000.0,119837950.0,120294022.69734459,119381877.30265541
2026-05-05T18:05:00,119509000.0,119510000.0,119496000.0,119497000.0,5.82727444,119747585.88693179,25.1082251082251,-127745.4677618593,-98986.23986402339,73142.85714285714,119802000.0,120245784.67989023,119358215.32010977
2026-05-05T18:10:00,119496000.0,119497000.0,119467000.0,119467000.0,3.90316465,119720863.42150971,19.736842105263165,-133846.56238910556,-105958.30436903983,71642.85714285714,119766050.0,120195102.55474924,119336997.44525076
2026-05-05T18:15:00,119467000.0,119467000.0,119383000.0,119384000.0,9.3326965,119688781.19088975,19.622093023255815,-143722.38795301318,-113511.1210858345,71928.57142857143,119722850.0,120120413.77839881,119325286.22160119
2026-05-05T18:20:00,119386000.0,119386000.0,119321000.0,119332000.0,5.22799811,119654802.02985263,18.44262295081967,-153970.14430133998,-121602.9257289356,75714.28571428571,119680700.0,120054461.02694525,119306938.97305475
2026-05-05T18:25:00,119324000.0,119366000.0,119290000.0,119366000.0,11.33770371,119627297.07462858,21.75622542595019,-157532.117003873,-128788.76398392308,80714.28571428571,119648900.0,120015718.41198123,119282081.58801877
2026-05-05T18:30:00,119366000.0,119499000.0,119345000.0,119421000.0,9.2148286,119607649.73418775,26.927784577723372,-154140.13416962326,-133859.03802106314,91500.0,119622450.0,119973815.74137291,119271084.25862709
2026-05-05T18:35:00,119421000.0,119451000.0,119345000.0,119377000.0,4.99374574,119585683.09283653,25.791324736225093,-153235.98654542863,-137734.42772593626,97428.57142857143,119599200.0,119950934.70864156,119247465.29135844
2026-05-05T18:40:00,119347000.0,119379000.0,119346000.0,119347000.0,3.43915972,119562951.36970924,27.363184079601993,-153174.49212138355,-140822.4406050257,93500.0,119572500.0,119915119.32228059,119229880.67771941
2026-05-05T18:45:00,119347000.0,119379000.0,119347000.0,119361000.0,2.98336,119543717.9059274,32.054794520547944,-150263.92535471916,-142710.7375549644,88857.14285714286,119550450.0,119887599.33439682,119213300.66560318
2026-05-05T18:50:00,119378000.0,119379000.0,119300000.0,119300000.0,6.04288318,119520506.67679146,32.865168539325836,-151137.2542371899,-144396.0408914095,87714.28571428571,119525750.0,119860142.69382602,119191357.30617398
2026-05-05T18:55:00,119302000.0,119314000.0,119293000.0,119298000.0,2.09930585,119499315.56471609,28.358208955223887,-150258.66855551302,-145568.5664242302,82000.0,119500800.0,119824261.93138087,119177338.06861913
2026-05-05T19:00:00,119298000.0,119355000.0,119289000.0,119355000.0,3.07059846,119485571.22521931,25.000000000000014,-143310.95990398526,-145117.04512018122,76357.14285714286,119478650.0,119776041.66094564,119181258.33905436
2026-05-05T19:05:00,119355000.0,119529000.0,119354000.0,119525000.0,10.89233406,119489326.346627,42.80155642023346,-122673.17153137922,-140628.27040242084,76785.71428571429,119465400.0,119725681.95238404,119205118.04761596
2026-05-05T19:10:00,119524000.0,119576000.0,119501000.0,119505000.0,5.35009716,119490819.07551967,50.30487804878049,-106701.42085163295,-133842.90049226326,72142.85714285714,119455100.0,119689474.32947274,119220725.67052726
2026-05-05T19:15:00,119532000.0,119574000.0,119503000.0,119550000.0,2.40310941,119496455.3540416,53.80200860832138,-89382.22677659988,-124950.7657491306,76214.28571428571,119451450.0,119676919.3117174,119225980.6882826
2026-05-05T19:20:00,119550000.0,119596000.0,119550000.0,119596000.0,2.4231058,119505935.79651384,59.04628330995792,-71124.94108504057,-114185.6008163126,77357.14285714286,119454050.0,119685142.12107092,119222957.87892908
2026-05-05T19:25:00,119596000.0,119663000.0,119596000.0,119625000.0,15.75027848,119517275.2444649,68.28528072837634,-53696.8689211458,-102087.85443727924,76142.85714285714,119455900.0,119692044.38045624,119219755.61954376
2026-05-05T19:30:00,119655000.0,119719000.0,119624000.0,119697000.0,3.58341321,119534391.8878492,76.87776141384388,-33686.87655432522,-88407.65886068843,78285.71428571429,119457000.0,119697604.50186104,119216395.49813896
2026-05-05T19:35:00,119655000.0,119768000.0,119650000.0,119651000.0,7.52005275,119545497.42233975,70.62228654124456,-21295.15174780786,-74985.15743811232,81285.71428571429,119457750.0,119700785.08518645,119214714.91481355
2026-05-05T19:40:00,119651000.0,119735000.0,119590000.0,119621000.0,10.32885121,119552688.14402169,65.01501501501502,-13737.018047571182,-62735.5295600041,80642.85714285714,119463750.0,119716991.61543767,119210508.38456233
2026-05-05T19:45:00,119621000.0,119621000.0,119598000.0,119607000.0,2.84625088,119557860.7017339,68.0817610062893,-8775.665227741003,-51943.55669355149,74714.28571428571,119469250.0,119730193.1275,119208306.8725
2026-05-05T19:50:00,119607000.0,119608000.0,119545000.0,119545000.0,4.77921428,119556635.87299733,64.82035928143713,-9734.426805049181,-43501.73071585103,76857.14285714286,119473150.0,119736273.96518113,119210026.03481887
2026-05-05T19:55:00,119542000.0,119636000.0,119535000.0,119636000.0,7.73233291,119564194.3612833,68.45637583892618,-3115.4003849476576,-35424.46464967036,81785.71428571429,119485750.0,119754963.18103339,119216536.81896661
2026-05-05T20:00:00,119636000.0,119711000.0,119601000.0,119652000.0,3.11146254,119572556.80306584,75.14285714285714,3382.302940040827,-27663.11113172812,84000.0,119501750.0,119770524.9009272,119232975.0990728
2026-05-05T20:05:00,119652000.0,119700000.0,119652000.0,119697000.0,5.38235675,119584408.53610718,76.85060565275909,12024.29497025907,-19725.629911330685,85928.57142857143,119518300.0,119792586.13565132,119244013.86434868
2026-05-05T20:10:00,119692000.0,119771000.0,119670000.0,119771000.0,4.91843545,119602179.15171602,77.36842105263158,24561.191347554326,-10868.265659553683,88428.57142857143,119535800.0,119828022.40989034,119243577.59010966
2026-05-05T20:15:00,119772000.0,119842000.0,119689000.0,119769000.0,8.4877861,119618066.85155259,70.6081081081081,33944.10228307545,-1905.7920710278559,86857.14285714286,119555400.0,119855260.59919132,119255539.40080868
2026-05-05T20:20:00,119769000.0,119804000.0,119690000.0,119765000.0,3.67903845,119632060.48473807,72.56944444444444,40589.47008404136,6593.260359985987,89642.85714285714,119576300.0,119873255.85353278,119279344.14646722
2026-05-05T20:25:00,119730000.0,119834000.0,119701000.0,119834000.0,3.11896549,119651292.81952493,73.66666666666666,50837.67026901245,15442.142341791281,94071.42857142857,119599950.0,119900033.12883355,119299866.87116645
2026-05-05T20:30:00,119834000.0,119905000.0,119833000.0,119889000.0,4.0590836,119673931.59861779,74.05582922824303,62675.004655867815,24888.71480460659,95928.57142857143,119629400.0,119921027.30360948,119337772.69639052
2026-05-05T20:35:00,119889000.0,120012000.0,119889000.0,120007000.0,6.9159622,119705652.39874943,77.36389684813754,80648.12983469665,36040.597810624604,99928.57142857143,119664850.0,119959215.52644272,119370484.47355728
2026-05-05T20:40:00,120007000.0,120017000.0,119957000.0,119999000.0,12.67850179,119733590.2655352,73.81703470031546,93172.39452084899,47466.95715266948,97428.57142857143,119697050.0,119989590.57748233,119404509.42251767
2026-05-05T20:45:00,119999000.0,120010000.0,119940000.0,119951000.0,8.8195717,119754295.95453185,73.58490566037736,98093.9991094768,57592.36554403095,94000.0,119718350.0,120020036.67957267,119416663.32042733
2026-05-05T20:50:00,119949000.0,119985000.0,119749000.0,119843000.0,6.65463806,119762743.95886214,65.54621848739495,92216.69217339158,64517.230869903084,100500.0,119735250.0,120024214.66729927,119446285.33270073
2026-05-05T20:55:00,119843000.0,119901000.0,119843000.0,119901000.0,5.36123769,119775911.20087527,69.39313984168865,91187.84266878664,69851.35322967981,103000.0,119752800.0,120036987.92892623,119468612.07107377
2026-05-05T21:00:00,119901000.0,119926000.0,119890000.0,119900000.0,4.85456572,119787729.18174428,75.46628407460545,89262.81422309577,73733.645428363,101071.42857142857,119768000.0,120049381.55402829,119486618.44597171
2026-05-05T21:05:00,119900000.0,120000000.0,119900000.0,119990000.0,2.64479544,119806993.06919721,75.43103448275862,93916.84818473458,77770.28597963732,101000.0,119786250.0,120075807.82987534,119496692.17012466
2026-05-05T21:10:00,119999000.0,120061000.0,119926000.0,120061000.0,7.33172596,119831184.20546414,77.23035952063915,102156.71128079295,82647.57103986846,102785.71428571429,119804450.0,120115358.66826129,119493541.33173871
2026-05-05T21:15:00,120060000.0,120100000.0,120042000.0,120064000.0,5.65972969,119853357.13827708,75.8815232722144,107687.58166909218,87655.57316571321,103500.0,119825100.0,120147735.78944622,119502464.21055378
2026-05-05T21:20:00,120046000.0,120064000.0,120042000.0,120043000.0,4.07901781,119871418.36320308,70.73170731707317,109118.46209673584,91948.15095191773,97857.14285714286,119846200.0,120167829.14243452,119524570.85756548
2026-05-05T21:25:00,120043000.0,120183000.0,120042000.0,120183000.0,7.22615214,119901092.80480279,76.0705289672544,120164.0981913507,97591.34039980434,97000.0,119875000.0,120209347.43983814,119540652.56016186
2026-05-05T21:30:00,120183000.0,120219000.0,120181000.0,120206000.0,11.08003542,119930131.58529776,77.12177121771218,129283.45298697054,103929.76291723759,91571.42857142857,119908050.0,120235659.82891239,119580440.17108761
2026-05-05T21:35:00,120207000.0,120260000.0,120135000.0,120259000.0,12.1502979,119961452.38669798,76.6624843161857,139182.85115462542,110980.38056471516,91000.0,119939200.0,120276232.62375279,119602167.37624721
2026-05-05T21:40:00,120259000.0,120368000.0,120259000.0,120368000.0,10.70413209,120000171.20701246,78.1433607520564,154047.81722724438,119593.867897221,93642.85714285714,119975000.0,120334915.19468957,119615084.80531043
2026-05-05T21:45:00,120370000.0,120378000.0,120259000.0,120286000.0,17.37372695,120027392.9968208,67.11656441717793,157397.3169453442,127154.55770684565,93357.14285714286,120004450.0,120364976.20898962,119643923.79101038
2026-05-05T21:50:00,120286000.0,120360000.0,120279000.0,120359000.0,9.73344556,120058974.6161712,70.45454545454545,164051.22906699777,134533.89197887608,94857.14285714286,120033850.0,120409789.678812,119657910.321188
2026-05-05T21:55:00,120328000.0,120360000.0,120255000.0,120271000.0,7.41265729,120079167.50986919,67.3913043478261,160374.935383752,139702.10065985128,97357.14285714286,120058950.0,120427393.36849709,119690506.63150291
2026-05-05T22:00:00,120271000.0,120413000.0,120250000.0,120413000.0,22.57377388,120110961.08035783,79.87421383647799,166994.64904637635,145160.61033715628,92142.85714285714,120091350.0,120464886.31543316,119717813.68456684
2026-05-05T22:05:00,120414000.0,120700000.0,120414000.0,120676000.0,30.27827686,120164774.31079996,83.43399482312338,191258.01845102012,154380.09195992906,108500.0,120133450.0,120569437.19198957,119697462.80801043
2026-05-05T22:10:00,120697000.0,120703000.0,120610000.0,120674000.0,18.53238259,120213271.99548568,83.36206896551724,207928.6580877006,165089.80518548336,112571.42857142857,120172700.0,120654916.4178916,119690483.5821084
2026-05-05T22:15:00,120672000.0,120701000.0,120390000.0,120599000.0,16.64055786,120250007.9959156,76.5938864628821,212637.2371980697,174599.29158800066,127642.85714285714,120202300.0,120713497.19132744,119691102.80867256
2026-05-05T22:20:00,120600000.0,120749000.0,120557000.0,120607000.0,16.74579724,120284007.23439984,75.23105360443623,214541.25516548753,182587.68430349804,131714.2857142857,120232700.0,120764875.31737301,119700524.68262699
2026-05-05T22:25:00,120607000.0,120617000.0,120429000.0,120586000.0,11.73795012,120312768.45017129,73.72727272727272,211912.8788702488,188452.72321684822,141000.0,120264450.0,120801607.22485185,119727292.77514815
2026-05-05T22:30:00,120550000.0,120558000.0,120387000.0,120507000.0,12.21212126,120331266.69301212,70.03454231433506,201136.65380850434,190989.50933517943,153642.85714285713,120297650.0,120806460.90479875,119788839.09520125
2026-05-05T22:35:00,120505000.0,120507000.0,120386000.0,120386000.0,9.86369874,120336479.38891572,58.91132572431958,180749.1651839763,188941.4405049388,152214.2857142857,120321900.0,120796171.4745575,119847628.5254425
2026-05-05T22:40:00,120386000.0,120402000.0,120185000.0,120400000.0,17.38636186,120342528.97092375,58.584070796460175,163833.05113130808,183919.76263021264,165000.0,120346900.0,120778307.43960597,119915492.56039403
2026-05-05T22:45:00,120402000.0,120700000.0,120400000.0,120700000.0,13.19365304,120376573.83083577,66.01307189542484,172644.2660344094,181664.663311052,177500.0,120382400.0,120806944.53613007,119957855.46386993
2026-05-05T22:50:00,120701000.0,120709000.0,120439000.0,120483000.0,10.67576699,120386709.65647046,53.87205387205388,160269.64220027626,177385.65908889685,189000.0,120403500.0,120801930.86965589,120005069.13034411
2026-05-05T22:55:00,120471000.0,120490000.0,120180000.0,120340000.0,11.90359732,120382261.11775899,51.74644243208279,137340.58202026784,169376.64367517107,202642.85714285713,120417300.0,120784081.79372828,120050518.20627172
2026-05-05T23:00:00,120340000.0,120455000.0,120159000.0,120392000.0,8.3797387,120383188.63035338,51.08196721311476,121959.23194167018,159893.1613284709,218000.0,120434750.0,120757064.57337597,120112435.42662403
2026-05-05T23:05:00,120454000.0,120458000.0,120194000.0,120264000.0,5.27479198,120371837.33222449,49.77635782747603,98307.64163003862,147576.05738878442,229357.14285714287,120438800.0,120749626.13180126,120127973.86819874
2026-05-05T23:10:00,120264000.0,120381000.0,120011000.0,120026000.0,13.62857145,120338900.4434412,38.35039133052378,59671.12339010835,129995.07058904921,244142.85714285713,120429800.0,120777271.83149749,120082328.16850251
2026-05-05T23:15:00,120026000.0,120211000.0,119894000.0,119963000.0,28.82171984,120303100.4012087,25.59890485968515,23694.693163484335,108734.99510393623,246285.7142857143,120415000.0,120814433.28274998,120015566.71725002
2026-05-05T23:20:00,119950000.0,120250000.0,119891000.0,120250000.0,13.64507329,120298043.2201412,37.85796105383734,18132.59320628643,90614.51472440627,265285.71428571426,120409100.0,120814891.70181654,120003308.29818346
2026-05-05T23:25:00,120250000.0,120460000.0,120249000.0,120450000.0,7.29743147,120312515.29441346,46.018172100481024,29522.599300146103,78396.13163955424,258142.85714285713,120417300.0,120819227.51375814,120015372.48624186
2026-05-05T23:30:00,120448000.0,120531000.0,120415000.0,120435000.0,6.37469469,120324180.50446932,45.42066027689031,36913.37217369676,70099.57974638275,252714.2857142857,120421100.0,120822142.79860857,120020057.20139143
2026-05-05T23:35:00,120435000.0,120438000.0,120099000.0,120137000.0,10.00085784,120306353.78975795,39.582366589327144,18511.11875924468,59781.887548955136,263500.0,120414400.0,120830206.83774537,119998593.16225463
2026-05-05T23:40:00,120137000.0,120283000.0,120120000.0,120283000.0,8.3256916,120304129.6193048,44.95949594959496,15529.169574037194,50931.34395397155,260928.57142857142,120407900.0,120827842.80312294,119987957.19687706
2026-05-05T23:45:00,120283000.0,120299000.0,120122000.0,120170000.0,3.98231604,120291355.36984721,45.12195121951219,4001.668992176652,41545.40896161257,264928.5714285714,120382600.0,120795443.49016114,119969756.50983886
2026-05-05T23:50:00,120170000.0,120325000.0,120170000.0,120325000.0,3.701128,120294559.62033795,48.40764331210192,7289.220741525292,34694.171317595115,260500.0,120365150.0,120754995.46195965,119975304.53804035
2026-05-05T23:55:00,120324000.0,120400000.0,120322000.0,120397000.0,3.2939743,120304315.84697244,42.87729196050776,15525.459625020623,30860.42897908022,244642.85714285713,120355050.0,120729550.6359351,119980549.3640649
2026-05-06T00:00:00,120398000.0,120398000.0,120258000.0,120397000.0,4.11198922,120313142.90916555,47.74869109947644,21801.42502234876,29048.62818773393,235357.14285714287,120344550.0,120700630.10630372,119988469.89369628
2026-05-06T00:05:00,120397000.0,120508000.0,120358000.0,120470000.0,4.22493667,120328081.6797212,53.53260869565217,32293.40446445346,29697.58344307784,223928.57142857142,120338750.0,120681811.67927864,119995688.32072136
2026-05-06T00:10:00,120451000.0,120690000.0,120430000.0,120644000.0,9.73136511,120358169.13879538,56.42201834862385,54025.9421530962,34563.255185081514,221357.14285714287,120345600.0,120707747.04777277,119983452.95222723
2026-05-06T00:15:00,120642000.0,120686000.0,120632000.0,120685000.0,9.01063814,120389295.88748153,61.22666666666667,73707.83416381478,42392.170980828174,206357.14285714287,120360550.0,120753127.16640039,119967972.83359961
2026-05-06T00:20:00,120685000.0,120722000.0,120641000.0,120722000.0,12.07960794,120420981.99343567,70.78853046594982,91239.71156065166,52161.679096792875,185714.2857142857,120376650.0,120801152.32161042,119952147.67838958
2026-05-06T00:25:00,120721000.0,120748000.0,120650000.0,120703000.0,6.75975896,120447840.8512037,72.69938650306749,102420.07463157177,62213.358203748656,170071.42857142858,120376800.0,120801785.25051807,119951814.74948193
2026-05-06T00:30:00,120686000.0,120727000.0,120658000.0,120717000.0,4.23912892,120473475.05585095,67.20707442888725,111129.24712723494,71996.53598844592,149357.14285714287,120388500.0,120837974.31283082,119939025.68716918
2026-05-06T00:35:00,120716000.0,120900000.0,120716000.0,120885000.0,34.55263038,120512667.90767467,66.41509433962264,130087.95210669935,83614.81921209661,147428.57142857142,120415750.0,120916052.59264822,119915447.40735178
2026-05-06T00:40:00,120807000.0,120902000.0,120771000.0,120823000.0,10.51062486,120542223.34503898,64.13994169096209,138513.28561362624,94594.51249240254,148500.0,120437300.0,120969413.60085092,119905186.39914908
2026-05-06T00:45:00,120782000.0,120950000.0,120782000.0,120898000.0,4.80989687,120576106.83598766,83.11575282854656,149518.737385571,105579.35747103624,136285.7142857143,120469000.0,121032270.8986475,119905729.1013525
2026-05-06T00:50:00,120895000.0,120920000.0,120743000.0,120743000.0,11.42737579,120592001.42303644,69.86183074265976,144072.6527352631,113278.01652388163,137285.7142857143,120504850.0,121039969.18003573,119969730.81996427
2026-05-06T00:55:00,120838000.0,120838000.0,120744000.0,120768000.0,3.4884018,120608763.19227107,77.94392523364486,140158.2256988585,118654.05835887701,131428.57142857142,120545100.0,121027073.96741231,120063126.03258769
2026-05-06T01:00:00,120768000.0,120835000.0,120744000.0,120780000.0,4.26343461,120625071.45967382,74.54153182308522,136451.38712960482,122213.52411302258,126857.14285714286,120571600.0,121043431.5488883,120099768.4511117
2026-05-06T01:05:00,120780000.0,120796000.0,120700000.0,120700000.0,5.01922937,120632207.51113345,66.20320855614973,125610.40093284845,122892.89947698775,128142.85714285714,120584100.0,121055613.5316471,120112586.4683529
2026-05-06T01:10:00,120700000.0,120742000.0,120632000.0,120675000.0,3.29760632,120636282.9862636,64.47916666666667,113690.99122390151,121052.5178263705,126000.0,120596100.0,121063837.17316234,120128362.82683766
2026-05-06T01:15:00,120675000.0,120680000.0,120632000.0,120669000.0,2.53219296,120639398.89233375,61.142217245240765,102578.16605336964,117357.64747177034,118714.28571428571,120622700.0,121038084.71704903,120207315.28295097
2026-05-06T01:20:00,120690000.0,120760000.0,120590000.0,120599000.0,3.68802319,120635551.37877814,47.148288973384034,87118.50911287963,111309.8197999922,112285.71428571429,120638500.0,121022319.85906221,120254680.14093779
2026-05-06T01:25:00,120599000.0,120692000.0,120492000.0,120565000.0,5.14595727,120628832.1998469,42.327365728900254,71301.18804426491,103308.09344884675,122714.28571428571,120658250.0,120975430.9213085,120341069.0786915
2026-05-06T01:30:00,120564000.0,120565000.0,120376000.0,120376000.0,2.80372019,120604752.94271863,31.477516059957182,43019.227799102664,91250.32031889794,130428.57142857143,120660800.0,120967341.72893581,120354258.27106419
2026-05-06T01:35:00,120378000.0,120379000.0,120174000.0,120199000.0,5.07123561,120566109.80531685,26.92307692307692,6251.091107919812,74250.47447670231,138071.42857142858,120650900.0,121002753.97688904,120299046.02311096
2026-05-06T01:40:00,120199000.0,120299000.0,120145000.0,120145000.0,6.3698527,120526004.1095724,24.734982332155482,-26934.783406347036,54013.42290009244,144142.85714285713,120638300.0,121042579.78847381,120234020.21152619
2026-05-06T01:45:00,120145000.0,120294000.0,120145000.0,120294000.0,3.07836605,120503908.48008932,23.450134770889477,-40742.123457059264,35062.3136286621,141642.85714285713,120629500.0,121056242.61933617,120202757.38066383
2026-05-06T01:50:00,120294000.0,120430000.0,120293000.0,120424000.0,2.41455921,120496298.14865226,33.10753598645216,-40725.17194741964,19904.816513445756,142071.42857142858,120618500.0,121054901.31216939,120182098.68783061
2026-05-06T01:55:00,120424000.0,120480000.0,120402000.0,120479000.0,1.15363044,120494650.70592347,31.955211024978468,-35860.32193905115,8751.788822946375,135642.85714285713,120608200.0,121047705.75111501,120168694.24888499
2026-05-06T02:00:00,120479000.0,120516000.0,120424000.0,120484000.0,2.13604115,120493636.35297838,37.190900098911975,-31241.304730921984,753.1701121727037,129571.42857142857,120596300.0,121035720.24005322,120156879.75994678
2026-05-06T02:05:00,120484000.0,120514000.0,120357000.0,120398000.0,5.29206621,120484528.12888521,32.742537313432834,-34126.78920054436,-6222.821750370708,134000.0,120581050.0,121026013.617673,120136086.382327
2026-05-06T02:10:00,120398000.0,120487000.0,120358000.0,120486000.0,0.89505801,120484668.30708662,37.19512195121951,-28978.64410750568,-10773.986221797702,136714.2857142857,120569500.0,121011588.10743657,120127411.89256343
2026-05-06T02:15:00,120484000.0,120530000.0,120447000.0,120525000.0,1.87143659,120488509.42069742,42.095754290876236,-21503.845027685165,-12919.957982975195,135785.7142857143,120551500.0,120968079.80849066,120134920.19150934
2026-05-06T02:20:00,120530000.0,120617000.0,120525000.0,120564000.0,1.07733253,120495698.99967863,45.049063336306865,-12291.351788192987,-12794.236744018754,134500.0,120538550.0,120935220.07369907,120141879.92630093
2026-05-06T02:25:00,120564000.0,120720000.0,120505000.0,120658000.0,3.1896139,120511156.23780447,49.54507857733664,2565.06145401299,-9722.377104412404,146428.57142857142,120526550.0,120890615.6245066,120162484.3754934
2026-05-06T02:30:00,120694000.0,120694000.0,120410000.0,120528000.0,4.79302562,120512760.40563262,47.20252167060678,3805.0996186435223,-7016.881759801219,154571.42857142858,120515800.0,120865363.09572771,120166236.90427229
2026-05-06T02:35:00,120550000.0,120580000.0,120443000.0,120487000.0,2.99260121,120510307.0336676,46.9435736677116,1462.6212619394064,-5320.981155453094,150071.42857142858,120501750.0,120830607.59195963,120172892.40804037
2026-05-06T02:40:00,120451000.0,120529000.0,120400000.0,120479000.0,0.512649,120507325.41141354,54.70319634703196,-1027.498490601778,-4462.284622482832,145785.7142857143,120486700.0,120788367.01754367,120185032.98245633
2026-05-06T02:45:00,120479000.0,120507000.0,120443000.0,120503000.0,0.52914069,120506913.4674694,66.13588110403396,-1052.2077156305313,-3780.269241112372,135714.2857142857,120476850.0,120761581.65575588,120192118.34424412
2026-05-06T02:50:00,120502000.0,120507000.0,120443000.0,120495000.0,1.5519978,120505778.85151993,69.53125,-1697.752462118864,-3363.765885313671,129285.71428571429,120467850.0,120737172.1706042,120198527.8293958
2026-05-06T02:55:00,120495000.0,120506000.0,120375000.0,120375000.0,2.06284899,120493323.72280374,54.6712802768166,-11756.823104396462,-5042.37732913023,128000.0,120453150.0,120707946.74045673,120198353.25954327
2026-05-06T03:00:00,120491000.0,120494000.0,120375000.0,120470000.0,0.99305959,120491102.41587004,52.76442307692308,-11925.532888442278,-6419.008440992639,126714.28571428571,120446700.0,120692316.81752811,120201083.18247189
2026-05-06T03:05:00,120470000.0,120599000.0,120426000.0,120548000.0,2.65473451,120496521.23340623,54.03508771929825,-5699.587187767029,-6275.1241903475175,133500.0,120445850.0,120689855.41409008,120201844.58590992
2026-05-06T03:10:00,120547000.0,120794000.0,120547000.0,120757000.0,3.25767338,120521328.73498659,62.889518413597735,15915.607730865479,-1836.9778061049187,144571.42857142858,120464900.0,120743046.42111477,120186753.57888523
2026-05-06T03:15:00,120789000.0,120799000.0,120696000.0,120732000.0,1.69593887,120541392.66498786,66.73346693386773,30674.91306334734,4665.400367785533,140714.2857142857,120491550.0,120764514.60152228,120218585.39847772
2026-05-06T03:20:00,120732000.0,120795000.0,120649000.0,120649000.0,0.70089233,120551640.98260807,58.20745216515609,35267.817092359066,10785.88371270024,141928.57142857142,120516750.0,120744283.10921596,120289216.89078404
2026-05-06T03:25:00,120649000.0,120731000.0,120631000.0,120647000.0,1.26555851,120560722.79378825,56.38075313807531,38304.78956986964,16289.66488413412,143142.85714285713,120534400.0,120743171.24222209,120325628.75777791
2026-05-06T03:30:00,120647000.0,120730000.0,120613000.0,120627000.0,0.84910735,120567034.90866557,53.361792956243335,38652.22054716945,20762.176016741185,144928.57142857142,120544550.0,120750440.59435077,120338659.40564923
2026-05-06T03:35:00,120729000.0,120730000.0,120620000.0,120686000.0,0.42696098,120578364.91736409,51.55210643015521,43190.49586503208,25247.839986399365,137428.57142857142,120554900.0,120767614.68412432,120342185.31587568
2026-05-06T03:40:00,120686000.0,120798000.0,120660000.0,120762000.0,0.88415067,120595853.97285321,63.79716981132076,52316.60335493088,30661.59266010567,127000.0,120568800.0,120797722.05062677,120339877.94937323
2026-05-06T03:45:00,120762000.0,120800000.0,120730000.0,120766000.0,2.08053992,120612058.356391,67.20098643649814,59189.57528169453,36367.18918442344,122214.28571428571,120587200.0,120817471.78450008,120356928.21549992
2026-05-06T03:50:00,120766000.0,120799000.0,120620000.0,120700000.0,1.39456664,120620433.75102042,62.71576524741082,58634.90000744164,40820.73134902708,125785.71428571429,120597900.0,120828259.81009124,120367540.18990876
2026-05-06T03:55:00,120700000.0,120700000.0,120612000.0,120676000.0,3.39374561,120625725.77473277,59.95397008055236,55617.59145915508,43780.10337105268,127500.0,120605450.0,120835647.60390176,120375252.39609824
2026-05-06T04:00:00,120699000.0,120699000.0,120605000.0,120696000.0,0.71785957,120632418.55809155,61.407491486946654,54215.226169645786,45867.127930771305,129642.85714285714,120612050.0,120844798.76900575,120379301.23099425
2026-05-06T04:05:00,120694000.0,120694000.0,120602000.0,120603000.0,0.55569925,120629616.79065426,63.34894613583138,45079.86617167294,45709.67557895163,127000.0,120609300.0,120841060.402594,120377539.597406
2026-05-06T04:10:00,120604000.0,120676000.0,120586000.0,120586000.0,1.07933243,120625462.81059195,57.47422680412371,36052.67681515217,43778.27582619175,124928.57142857143,120612200.0,120841111.01465763,120383288.98534237
2026-05-06T04:15:00,120666000.0,120764000.0,120587000.0,120732000.0,2.01014015,120635609.2095832,60.90047393364929,40215.959492370486,43065.8125594275,125285.71428571429,120624450.0,120851363.8255165,120397536.1744835
2026-05-06T04:20:00,120763000.0,120764000.0,120643000.0,120643000.0,1.03742569,120636313.09438479,42.12707182320442,35919.774017333984,41636.60485100879,116285.71428571429,120632650.0,120849041.72569065,120416258.27430935
2026-05-06T04:25:00,120656000.0,120722000.0,120649000.0,120722000.0,1.12879715,120644473.75206243,49.3573264781491,38446.468884289265,40998.57765766489,114571.42857142857,120643600.0,120854461.2913992,120432738.7086008
2026-05-06T04:30:00,120722000.0,120800000.0,120722000.0,120800000.0,1.66325367,120659285.77567554,59.76714100905563,46210.15894946456,42040.89391602483,109714.28571428571,120658850.0,120868573.90371506,120449126.09628494
2026-05-06T04:35:00,120801000.0,120838000.0,120699000.0,120699000.0,3.31767156,120663068.08275405,52.98165137614679,43709.230550959706,42374.561243011805,112500.0,120675050.0,120837087.64994596,120513012.35005404
2026-05-06T04:40:00,120699000.0,120838000.0,120699000.0,120801000.0,0.94179327,120676204.45582509,59.11949685534591,49388.454961791635,43777.33998676777,114071.42857142857,120691600.0,120831567.5150282,120551632.4849718
2026-05-06T04:45:00,120801000.0,120825000.0,120760000.0,120806000.0,1.20504186,120688565.9362227,56.666666666666664,53674.01875989139,45756.6757413925,110857.14285714286,120704500.0,120836045.4694253,120572954.5305747
2026-05-06T04:50:00,120800000.0,120800000.0,120621000.0,120635000.0,2.99239668,120683464.4184872,43.6180904522613,42778.95884376764,45161.13236186753,114214.28571428571,120698400.0,120831005.31068197,120565794.68931803
2026-05-06T04:55:00,120668000.0,120668000.0,120621000.0,120663000.0,0.80392264,120681515.42625032,44.94602551521099,35989.05197107792,43326.71628370961,112571.42857142857,120694950.0,120827464.9048221,120562435.0951779
2026-05-06T05:00:00,120663000.0,120843000.0,120621000.0,120806000.0,4.34151958,120693371.09994076,54.83576642335767,41666.600125283,42994.69305202429,115642.85714285714,120702800.0,120842272.08737917,120563327.91262083
2026-05-06T05:05:00,120803000.0,120850000.0,120600000.0,120788000.0,1.73808564,120702383.37613688,55.13761467889908,44204.09112787247,43236.572667193934,127214.28571428571,120709850.0,120851680.55123338,120568019.44876662
2026-05-06T05:10:00,120788000.0,120900000.0,120737000.0,120779000.0,4.10475377,120709680.1974572,53.846153846153854,44970.454834997654,43583.349100754676,132142.85714285713,120717450.0,120856856.97709644,120578043.02290356
2026-05-06T05:15:00,120815000.0,120821000.0,120634000.0,120634000.0,1.61267834,120702472.55960414,51.370468611847926,33491.446858137846,41564.96865223131,138785.7142857143,120714850.0,120858598.72081813,120571101.27918187
2026-05-06T05:20:00,120647000.0,120685000.0,120612000.0,120632000.0,1.43764534,120695760.8872609,52.06093189964158,23956.7090203166,38043.31672584837,137571.42857142858,120708350.0,120854852.05674866,120561847.94325134
2026-05-06T05:25:00,120632000.0,120662000.0,120604000.0,120604000.0,2.34207334,120687021.75514081,43.587174348697395,13979.843659982085,33230.62211267512,129000.0,120700250.0,120851178.18089901,120549321.81910099
2026-05-06T05:30:00,120621000.0,120783000.0,120601000.0,120746000.0,2.73463062,120692638.73084168,54.900095147478595,17331.532125130296,30050.804115166153,133357.14285714287,120702550.0,120854857.82542016,120550242.17457984
2026-05-06T05:35:00,120746000.0,120781000.0,120665000.0,120698000.0,1.79686383,120693149.32790437,48.82352941176471,15930.92870464921,27226.829033062768,136000.0,120703650.0,120855467.44577654,120551832.55422346
2026-05-06T05:40:00,120694000.0,120776000.0,120632000.0,120728000.0,1.84219794,120696468.43953253,46.2962962962963,17045.203190550208,25190.503864560254,140714.2857142857,120705250.0,120857402.1053351,120553097.8946649
2026-05-06T05:45:00,120728000.0,120765000.0,120641000.0,120642000.0,4.30420843,120691280.96910086,47.021943573667706,10863.564076200128,22325.11590688823,139642.85714285713,120707200.0,120854764.93664256,120559635.06335744
2026-05-06T05:50:00,120670000.0,120680000.0,120643000.0,120680000.0,1.18786412,120690206.59109125,43.22508398656215,8927.93725925684,19645.68017736195,132428.57142857142,120711900.0,120848814.72566992,120574985.27433008
2026-05-06T05:55:00,120680000.0,120680000.0,120677000.0,120678000.0,0.93440551,120689044.05860636,42.80898876404494,7150.133488044143,17146.570839498392,128000.0,120709200.0,120846574.78509158,120571825.21490842
2026-05-06T06:00:00,120679000.0,120803000.0,120677000.0,120757000.0,2.95636179,120695516.0530248,57.64411027568923,11977.778584808111,16112.812388560336,123785.71428571429,120714900.0,120850153.21282305,120579646.78717695
2026-05-06T06:05:00,120756000.0,120768000.0,120647000.0,120713000.0,3.32288483,120697181.19083196,53.07125307125307,12113.651198104024,15312.980150469075,129071.42857142857,120714450.0,120849663.63213743,120579236.36786257
2026-05-06T06:10:00,120687000.0,120714000.0,120645000.0,120645000.0,5.97279486,120692211.55360986,39.106901217861974,6657.555368646979,13581.895194104656,118142.85714285714,120706700.0,120839004.43362905,120574395.56637095
2026-05-06T06:15:00,120644000.0,120652000.0,120622000.0,120622000.0,6.54736164,120685524.73898035,38.844086021505376,472.20900236070156,10959.957955755866,102428.57142857143,120702850.0,120840472.32835977,120565227.67164023
2026-05-06T06:20:00,120638000.0,120638000.0,120570000.0,120570000.0,3.16048752,120674522.38288698,36.72172808132147,-8527.389535367489,7062.488457531196,95642.85714285714,120691300.0,120832953.54325183,120549646.45674817
2026-05-06T06:25:00,120570000.0,120600000.0,120450000.0,120450000.0,5.65597536,120653139.2988025,37.92650918635171,-25053.828395023942,639.2250870201688,93000.0,120673500.0,120841488.0948163,120505511.9051837
2026-05-06T06:30:00,120479000.0,120479000.0,120313000.0,120319000.0,4.86896192,120621316.50844035,32.435465768799105,-48166.52176490426,-9121.924283364719,99642.85714285714,120657700.0,120888597.6533354,120426802.3466646
2026-05-06T06:35:00,120316000.0,120473000.0,120251000.0,120411000.0,4.49908225,120601286.36477935,39.89528795811518,-58386.819741114974,-18974.90337491477,111357.14285714286,120645100.0,120900936.21405317,120389263.78594683
2026-05-06T06:40:00,120410000.0,120433000.0,120354000.0,120406000.0,4.50882413,120582687.66337179,29.217603911980447,-66127.65924111009,-28405.454548153837,104000.0,120625100.0,120890341.8161841,120359858.1838159
2026-05-06T06:45:00,120410000.0,120461000.0,120400000.0,120450000.0,3.23692809,120570050.74305066,34.76658476658477,-67928.85646484792,-36310.134931492656,100071.42857142857,120608200.0,120872810.61760136,120343589.38239864
2026-05-06T06:50:00,120449000.0,120563000.0,120449000.0,120542000.0,3.4116344,120567379.24371251,39.38356164383561,-61226.90150946379,-41293.48824708688,97928.57142857143,120596350.0,120849744.03474058,120342955.96525942
2026-05-06T06:55:00,120555000.0,120555000.0,120457000.0,120457000.0,3.28216787,120556866.93478751,39.42857142857143,-62058.96641327441,-45446.5838803244,96071.42857142857,120587500.0,120847631.54566996,120327368.45433004
2026-05-06T07:00:00,120481000.0,120628000.0,120457000.0,120601000.0,7.6485327,120561070.08385536,45.97349643221203,-50516.4649400413,-46460.56009226778,105571.42857142857,120585950.0,120845333.45927869,120326566.54072131
2026-05-06T07:05:00,120601000.0,120601000.0,120450000.0,120450000.0,4.23324946,120550491.98063104,39.911504424778755,-52943.09239047766,-47757.06655190975,116142.85714285714,120578250.0,120844431.47746861,120312068.52253139
2026-05-06T07:10:00,120452000.0,120452000.0,120387000.0,120391000.0,3.68818094,120535302.26818998,33.5135135135135,-58947.508855730295,-49995.155012673866,111785.71428571429,120560500.0,120826927.04145987,120294072.95854013
2026-05-06T07:15:00,120391000.0,120394000.0,120302000.0,120304000.0,7.01242341,120513273.48074332,32.263660017346055,-69920.2282076478,-53980.16965166866,109714.28571428571,120540800.0,120822260.55159697,120259339.44840303
2026-05-06T07:20:00,120320000.0,120397000.0,120303000.0,120373000.0,8.32342527,120499914.1016249,38.21490467937608,-72216.0028770119,-57627.3362967373,111500.0,120523050.0,120799534.30049653,120246565.69950347
2026-05-06T07:25:00,120323000.0,120552000.0,120322000.0,120438000.0,5.07746112,120494017.52051778,42.30769230769231,-68006.52715782821,-59703.17446895548,125785.71428571429,120512850.0,120785887.7070547,120239812.2929453
2026-05-06T07:30:00,120448000.0,120474000.0,120070000.0,120070000.0,11.97487161,120453634.89951608,33.46560846560847,-93289.62706835568,-66420.46498883552,149785.7142857143,120482350.0,120807985.4274015,120156714.5725985
2026-05-06T07:35:00,120099000.0,120116000.0,119814000.0,119888000.0,33.57550915,120399764.90908597,32.14739517153748,-126553.71244476736,-78447.11448002189,160642.85714285713,120442850.0,120850009.75139728,120035690.24860272
2026-05-06T07:40:00,119888000.0,119957000.0,119719000.0,119956000.0,19.94879748,120357501.58441113,37.98808735936466,-145748.60882292688,-91907.41334860289,165785.7142857143,120402800.0,120836560.3510065,119969039.6489935
2026-05-06T07:45:00,119956000.0,120040000.0,119922000.0,120031000.0,10.46622291,120326406.1954196,37.28246318607764,-153143.4865115285,-104154.62798118801,158357.14285714287,120368700.0,120806988.10519783,119930411.89480217
2026-05-06T07:50:00,120031000.0,120366000.0,119920000.0,120146000.0,9.54537959,120309224.65299869,41.89526184538653,-148018.1800110191,-112927.33838715425,184571.42857142858,120343750.0,120772521.00991948,119914978.99008052
2026-05-06T07:55:00,120146000.0,120261000.0,120058000.0,120155000.0,8.14303633,120294536.59080833,40.59910771191842,-141597.8609008193,-118661.44288988726,194714.2857142857,120320400.0,120736031.61826943,119904768.38173057
2026-05-06T08:00:00,120156000.0,120212000.0,120031000.0,120098000.0,9.18268394,120275818.82025516,35.52803129074316,-139501.0540663153,-122829.36512517286,199500.0,120296800.0,120706314.01235586,119887285.98764414
2026-05-06T08:05:00,120098000.0,120146000.0,120030000.0,120137000.0,8.25173936,120262597.98023085,39.247311827956985,-133157.3899758458,-124894.97009530745,200785.7142857143,120281150.0,120689935.24795713,119872364.75204287
2026-05-06T08:10:00,120110000.0,120147000.0,120033000.0,120140000.0,4.84658157,120250921.98211363,32.88789903489236,-126430.50340951979,-125202.07675814992,196714.2857142857,120272200.0,120685311.22498733,119859088.77501267
2026-05-06T08:15:00,120139000.0,120144000.0,120031000.0,120046000.0,6.17340564,120231405.60286471,34.34108527131782,-127217.92272752523,-125605.24595202498,194000.0,120253950.0,120673443.16536683,119834456.83463317
2026-05-06T08:20:00,120046000.0,120047000.0,120000000.0,120015000.0,7.16153684,120210795.54544903,35.103011093502374,-128858.00427037477,-126255.79761569496,192714.2857142857,120234400.0,120660449.86117886,119808350.13882114
2026-05-06T08:25:00,120002000.0,120016000.0,119821000.0,119844000.0,9.92063256,120175862.63635865,32.91233283803862,-142315.52679802477,-129467.74345216094,200071.42857142858,120204100.0,120651261.76279426,119756938.23720574
2026-05-06T08:30:00,119844000.0,119849000.0,119760000.0,119760000.0,16.3783419,120136256.67099115,27.479794268919917,-157938.19513966143,-135161.83378966103,199714.2857142857,120165000.0,120624347.82143016,119705652.17856984
2026-05-06T08:35:00,119760000.0,119761000.0,119601000.0,119619000.0,13.22688581,120086994.13089676,21.503131524008353,-179626.17523477972,-144054.70207868476,194714.2857142857,120123100.0,120621516.81985644,119624683.18014356
2026-05-06T08:40:00,119619000.0,119830000.0,119591000.0,119825000.0,16.47401439,120062042.3089066,40.3921568627451,-178138.11205877364,-150871.38407470254,182928.57142857142,120084300.0,120545501.6798253,119623098.3201747
2026-05-06T08:45:00,119825000.0,119825000.0,119671000.0,119672000.0,8.78969475,120024895.42234406,41.332263242375596,-187147.31484612823,-158126.5702289877,172357.14285714287,120045400.0,120507966.93399017,119582833.06600983
2026-05-06T08:50:00,119672000.0,119748000.0,119670000.0,119725000.0,4.9005843,119996333.95354939,40.61738424045491,-187845.153897807,-164070.28696275156,160928.57142857142,120012100.0,120465714.21123195,119558485.78876805
2026-05-06T08:55:00,119725000.0,119748000.0,119680000.0,119724000.0,11.49526481,119970397.38654469,36.73292999135696,-186330.98046083748,-168522.42566236874,157357.14285714287,119983100.0,120432277.91575277,119533922.08424723
2026-05-06T09:00:00,119742000.0,119780000.0,119650000.0,119695000.0,13.46690446,119944169.06401663,28.94491129785247,-185334.62257760763,-171884.86504541652,134785.7142857143,119949200.0,120376273.0739889,119522126.9260111
2026-05-06T09:05:00,119722000.0,119799000.0,119667000.0,119785000.0,10.248243,119929010.10553886,33.94097222222223,-175262.4376539737,-172560.37956712797,129714.28571428571,119916550.0,120281623.8786083,119551476.1213917
2026-05-06T09:10:00,119785000.0,119956000.0,119778000.0,119872000.0,14.47847662,119923580.57167801,40.439932318104916,-158433.66100263596,-169735.03585422956,129500.0,119906650.0,120264877.37560324,119548422.62439676
2026-05-06T09:15:00,119872000.0,119975000.0,119840000.0,119849000.0,23.63689072,119916477.66008963,37.65008576329331,-145277.96805924177,-164843.62229523202,130857.14285714286,119904700.0,120263778.41102351,119545621.58897649
2026-05-06T09:20:00,119849000.0,119850000.0,119620000.0,119650000.0,19.18991067,119891098.83531918,32.01174743024963,-149189.85571831465,-161712.86897984854,139142.85714285713,119889400.0,120264972.76959755,119513827.23040245
2026-05-06T09:25:00,119649000.0,119700000.0,119560000.0,119590000.0,11.42324267,119862422.75576496,32.831325301204814,-155340.88045726717,-160438.47127533227,141071.42857142858,119867350.0,120259342.62882437,119475357.37117563
2026-05-06T09:30:00,119580000.0,119589000.0,119449000.0,119509000.0,15.80580132,119828763.4456921,31.640058055152394,-164851.33140137792,-161321.0433005414,147785.7142857143,119835500.0,120235593.93633838,119435406.06366162
2026-05-06T09:35:00,119506000.0,119519000.0,119500000.0,119510000.0,8.96870512,119798405.02229285,36.175496688741724,-170344.11967496574,-163125.6585754263,135214.2857142857,119803250.0,120198864.31244399,119407635.68755601
2026-05-06T09:40:00,119510000.0,119519000.0,119300000.0,119301000.0,15.96514328,119751033.11540782,32.78319579894975,-189378.70741435885,-168376.2683432128,144500.0,119763400.0,120193098.25398026,119333701.74601974
2026-05-06T09:45:00,119301000.0,119304000.0,119102000.0,119124000.0,19.89155135,119691315.67584518,31.921110299488674,-216253.34216843545,-177951.68310825736,147500.0,119712750.0,120192879.31372157,119232620.68627843
2026-05-06T09:50:00,119190000.0,119380000.0,119124000.0,119380000.0,15.15050147,119661666.56385992,34.31994362226921,-214422.88971459866,-185245.92442952565,148714.2857142857,119674750.0,120132269.57105106,119217230.42894894
2026-05-06T09:55:00,119380000.0,119400000.0,119360000.0,119399000.0,8.66685755,119636650.70063516,39.37743190661479,-209029.53933377564,-190002.64741037565,140571.42857142858,119642400.0,120080474.9275013,119204325.0724987
2026-05-06T10:00:00,119399000.0,119460000.0,119385000.0,119460000.0,7.93154257,119619826.8243842,39.75251353441608,-197555.78004014492,-191513.2739363295,140357.14285714287,119614650.0,120022625.3733538,119206674.6266462
2026-05-06T10:05:00,119460000.0,119594000.0,119460000.0,119579000.0,8.58603228,119615938.55539523,44.861800141743444,-176822.14207458496,-188575.0475639806,145071.42857142858,119601400.0,119994971.17994617,119207828.82005383
2026-05-06T10:10:00,119573000.0,119590000.0,119537000.0,119537000.0,10.67495163,119608420.59773855,44.45224719101123,-161913.19902950525,-183242.67785708554,139571.42857142858,119590250.0,119977486.83763437,119203013.16236563
2026-05-06T10:15:00,119537000.0,119650000.0,119500000.0,119650000.0,10.67232974,119612380.54081106,45.335176226675884,-139372.9935209155,-174468.74098985153,140857.14285714287,119591800.0,119979768.85387741,119203831.14612259
2026-05-06T10:20:00,119650000.0,119777000.0,119580000.0,119619000.0,11.23897428,119613010.96549572,40.90582314881381,-122597.92660084367,-164094.57811204996,142214.2857142857,119581500.0,119954031.87783062,119208968.12216938
2026-05-06T10:25:00,119619000.0,119703000.0,119618000.0,119640000.0,7.66470863,119615581.34973423,42.47660187185026,-106382.7268589139,-152552.20786142276,138642.85714285713,119579900.0,119951067.659662,119208732.340338
2026-05-06T10:30:00,119634000.0,119703000.0,119618000.0,119681000.0,7.49215531,119621811.69737859,51.2591389114541,-89195.51649859548,-139880.8695888573,128285.71428571429,119577700.0,119945754.97301069,119209645.02698931
2026-05-06T10:35:00,119681000.0,119723000.0,119655000.0,119701000.0,6.87579906,119629353.44048539,54.65994962216625,-73117.83867785335,-126528.26340665652,123142.85714285714,119576550.0,119942819.65907362,119210280.34092638
2026-05-06T10:40:00,119663000.0,119701000.0,119625000.0,119629000.0,6.42849198,119629319.77948678,55.0761421319797,-65431.70547154546,-114308.95181963433,118500.0,119573250.0,119936200.40983585,119210299.59016415
2026-05-06T10:45:00,119628000.0,119786000.0,119620000.0,119712000.0,10.24517698,119637194.08620231,57.99050632911393,-52043.06315353513,-101855.77408641449,129000.0,119569600.0,119924973.42850053,119214226.57149947
2026-05-06T10:50:00,119745000.0,119900000.0,119712000.0,119777000.0,10.0467403,119650508.93513542,71.25,-35775.11759778857,-88639.6427886893,126785.71428571429,119564850.0,119905436.66104858,119224263.33895142
2026-05-06T10:55:00,119777000.0,119830000.0,119729000.0,119770000.0,6.62517965,119661889.0365511,84.0,-23180.28711850941,-75547.77165465333,119571.42857142857,119560900.0,119889222.62695165,119232577.37304835
2026-05-06T11:00:00,119770000.0,119819000.0,119630000.0,119655000.0,8.15636464,119661232.93783195,66.99629171817058,-22222.16879864037,-64882.65108345074,114785.71428571429,119561150.0,119889765.77307822,119232534.22692178
2026-05-06T11:05:00,119655000.0,119668000.0,119558000.0,119573000.0,11.57960157,119652829.80089557,59.977064220183486,-27759.572749748826,-57458.035416710365,119785.71428571429,119560300.0,119888689.43505028,119231910.56494972
2026-05-06T11:10:00,119573000.0,119688000.0,119563000.0,119600000.0,6.20959683,119647798.39128648,58.353221957040574,-29627.80008752644,-51891.98835087359,123357.14285714286,119564850.0,119892768.00964972,119236931.99035028
2026-05-06T11:15:00,119635000.0,119647000.0,119600000.0,119602000.0,2.12842449,119643436.63973539,51.595006934812766,-30594.328057706356,-47632.456292240146,117142.85714285714,119569450.0,119896708.77415764,119242191.22584236
2026-05-06T11:20:00,119602000.0,119637000.0,119590000.0,119600000.0,5.35026913,119639299.81690344,54.625550660792946,-31162.470164746046,-44338.45906674133,116714.28571428571,119584400.0,119886363.67854083,119282436.32145917
2026-05-06T11:25:00,119600000.0,119600000.0,119451000.0,119452000.0,8.88994354,119621461.73910312,36.17318435754189,-43058.73568832874,-44082.514391058816,116642.85714285714,119600800.0,119822419.49372745,119379180.50627255
2026-05-06T11:30:00,119451000.0,119452000.0,119381000.0,119414000.0,5.83688769,119601703.47823617,35.82295988934993,-54919.81282860041,-46249.97407856714,107642.85714285714,119602500.0,119817408.05867678,119387591.94132322
2026-05-06T11:35:00,119381000.0,119451000.0,119350000.0,119451000.0,5.76367139,119587350.7660232,37.212449255751004,-60635.24576950073,-49127.028416753856,108785.71428571429,119605100.0,119810698.38213578,119399501.61786422
2026-05-06T11:40:00,119431000.0,119592000.0,119430000.0,119535000.0,4.10573466,119582364.9787829,40.66496163682864,-57721.294418141246,-50845.88161703134,114285.71428571429,119608850.0,119805861.64806603,119411838.35193397
2026-05-06T11:45:00,119536000.0,119624000.0,119535000.0,119600000.0,4.68409499,119584044.50461312,43.893591293833126,-49595.306385949254,-50595.76657081492,115785.71428571429,119609900.0,119806465.13584964,119413334.86415036
2026-05-06T11:50:00,119600000.0,119626000.0,119501000.0,119576000.0,3.28774983,119583278.36131664,46.5982028241335,-44578.132783681154,-49392.239813388165,119285.71428571429,119611850.0,119806130.61636393,119417569.38363607
2026-05-06T11:55:00,119576000.0,119617000.0,119576000.0,119617000.0,4.91826192,119586489.94595315,43.55495251017639,-36868.630584940314,-46887.5179676986,110357.14285714286,119610200.0,119803675.25341557,119416724.74658443
2026-05-06T12:00:00,119617000.0,119660000.0,119608000.0,119652000.0,2.75836858,119592728.99871951,41.15983026874116,-27616.24418324232,-43033.263210807345,100642.85714285714,119611850.0,119806202.12210941,119417497.87789059
2026-05-06T12:05:00,119652000.0,119710000.0,119638000.0,119710000.0,4.6454792,119603897.66550812,46.04221635883905,-15425.727837949991,-37511.756136235876,98571.42857142857,119615350.0,119814303.34020558,119416396.65979442
2026-05-06T12:10:00,119710000.0,119716000.0,119660000.0,119680000.0,3.26984151,119611145.5068883,51.85735512630015,-8092.124116271734,-31627.829732243048,89071.42857142857,119615300.0,119814184.36206423,119416415.63793577
2026-05-06T12:15:00,119680000.0,119682000.0,119665000.0,119666000.0,3.36370845,119616369.74432752,57.68595041322314,-3371.014372885227,-25976.466660371483,82428.57142857143,119613550.0,119809858.53803457,119417241.46196543
2026-05-06T12:20:00,119666000.0,119916000.0,119660000.0,119900000.0,6.79050648,119643382.14962965,68.47290640394088,19032.943567052484,-16974.58461488669,91785.71428571429,119627100.0,119861595.56162338,119392604.43837662
2026-05-06T12:25:00,119869000.0,120014000.0,119869000.0,119978000.0,12.44728222,119675250.5163316,71.17117117117117,42591.224647432566,-5061.422762422841,98785.71428571429,119640400.0,119920842.8077542,119359957.1922458
2026-05-06T12:30:00,119976000.0,120000000.0,119858000.0,119999000.0,8.51376037,119706083.8004905,71.99558985667035,62238.41096800566,8398.543983662861,105571.42857142857,119651500.0,119969734.93473253,119333265.06526747
2026-05-06T12:35:00,120000000.0,120014000.0,119999000.0,120010000.0,2.62649049,119735028.20044377,86.23376623376623,77799.72890043259,22278.780967016806,96000.0,119663500.0,120016725.43867384,119310274.56132616
2026-05-06T12:40:00,120010000.0,120014000.0,119909000.0,119911000.0,9.9494902,119751787.41944914,79.9037304452467,81207.60216486454,34064.54520658635,98428.57142857143,119676300.0,120046379.99135323,119306220.00864677
2026-05-06T12:45:00,119911000.0,119937000.0,119872000.0,119928000.0,3.84397857,119768569.56997779,79.40813810110974,84308.27093710005,44113.290352689095,95857.14285714286,119694050.0,120077095.12582862,119311004.87417138
2026-05-06T12:50:00,119928000.0,119928000.0,119870000.0,119928000.0,3.42667419,119783753.4204561,77.02888583218707,85776.7918163538,52445.99064542204,88428.57142857143,119710450.0,120104469.7563842,119316430.2436158
2026-05-06T12:55:00,119927000.0,119980000.0,119906000.0,119973000.0,6.07412311,119801776.90422219,76.37906647807637,89539.57265549898,59864.707047437434,87357.14285714286,119729000.0,120136233.02523507,119321766.97476493
2026-05-06T13:00:00,119979000.0,120000000.0,119947000.0,119971000.0,7.28921333,119817893.38953437,78.83211678832117,91307.68217153847,66153.30207225765,82214.28571428571,119747550.0,120163741.99769743,119331358.00230257
2026-05-06T13:05:00,119971000.0,120045000.0,119970000.0,119980000.0,8.50656529,119833332.11434062,77.7947932618683,92370.35849127173,71396.71335606047,84642.85714285714,119773950.0,120178013.29624012,119369886.70375988
2026-05-06T13:10:00,119980000.0,120036000.0,119980000.0,120002000.0,8.43147693,119849395.72249866,77.34375,93905.27175043523,75898.42503493543,84928.57142857143,119803350.0,120181899.73948368,119424800.26051632
2026-05-06T13:15:00,120001000.0,120026000.0,119949000.0,119981000.0,6.82552737,119861929.46321307,72.4709784411277,92362.4798964858,79191.2360072455,85285.71428571429,119829850.0,120177485.1838532,119482214.8161468
2026-05-06T13:20:00,119954000.0,119980000.0,119954000.0,119960000.0,3.53640707,119871269.51433565,73.56902356902357,88425.9622912854,81038.18126405348,83214.28571428571,119851100.0,120173919.74765137,119528280.25234863
2026-05-06T13:25:00,119960000.0,119962000.0,119845000.0,119845000.0,7.23924968,119868767.65582749,62.87769784172662,75160.30362863839,79862.60573697046,90357.14285714286,119863350.0,120163873.94597648,119562826.05402352
2026-05-06T13:30:00,119850000.0,119854000.0,119680000.0,119780000.0,8.30987578,119860313.59336773,38.59315589353612,58725.268452718854,75635.13828012015,84500.0,119873550.0,120145498.50518745,119601601.49481255
2026-05-06T13:35:00,119776000.0,119780000.0,119692000.0,119700000.0,3.58381775,119845045.6320946,23.674242424242422,38797.81618152559,68267.67386040124,80428.57142857143,119877700.0,120135319.95672943,119620080.04327057
2026-05-06T13:40:00,119700000.0,119700000.0,119671000.0,119673000.0,2.97137614,119828660.33379988,19.475655430711612,20589.153391495347,58731.96976662006,72357.14285714286,119878750.0,120132640.8800004,119624859.1199996
2026-05-06T13:45:00,119673000.0,119790000.0,119665000.0,119776000.0,5.14827749,119823645.06391418,31.309904153354637,14304.997035875916,49846.57522047123,80214.28571428571,119882050.0,120128306.58420266,119635793.41579734
2026-05-06T13:50:00,119776000.0,119799000.0,119535000.0,119588000.0,8.82775223,119801202.67687473,27.412587412587413,-5778.658194720745,38721.528537432845,91571.42857142857,119877450.0,120142330.88683507,119612569.11316493
2026-05-06T13:55:00,119588000.0,119589000.0,119532000.0,119533000.0,5.83064224,119775659.56479143,23.77158034528553,-25835.326444402337,25810.157541065808,91000.0,119870800.0,120163273.73251377,119578326.26748623
2026-05-06T14:00:00,119533000.0,119579000.0,119530000.0,119579000.0,5.08969725,119756930.08243035,28.160200250312897,-37585.3049711287,13131.065038626908,90357.14285714286,119854750.0,120174441.21615118,119535058.78384882
2026-05-06T14:05:00,119579000.0,119606000.0,119530000.0,119550000.0,4.7178691,119737222.45553222,22.98850574712644,-48676.19635279477,769.6127603425739,90500.0,119833350.0,120174858.89639334,119491841.10360666
2026-05-06T14:10:00,119550000.0,119606000.0,119536000.0,119537000.0,3.72640414,119718153.65024345,22.67002518891688,-57847.96371617913,-10953.902534961768,91714.28571428571,119810250.0,120166752.23295973,119453747.76704027
2026-05-06T14:15:00,119537000.0,119539000.0,119530000.0,119531000.0,3.39088491,119700329.4930774,21.61820480404552,-64853.217761948705,-21733.765580359155,87000.0,119786300.0,120150574.10153982,119422025.89846018
2026-05-06T14:20:00,119530000.0,119532000.0,119507000.0,119531000.0,4.89481242,119684202.87468907,19.375812743823147,-69602.5966552347,-31307.531795334264,84785.71428571429,119767300.0,120143629.1392553,119390970.8607447
2026-05-06T14:25:00,119516000.0,119531000.0,119500000.0,119509000.0,5.23976504,119667516.88662344,19.35064935064935,-74285.4137749821,-39903.10819126383,81500.0,119746350.0,120131557.68151057,119361142.31848943
2026-05-06T14:30:00,119501000.0,119511000.0,119475000.0,119488000.0,8.81490801,119650420.04027835,19.35064935064935,-78782.94384001195,-47679.07532101346,82142.85714285714,119724350.0,120116079.37758504,119332620.62241496
2026-05-06T14:35:00,119488000.0,119488000.0,119334000.0,119334000.0,12.48247741,119620284.79834707,18.41779975278122,-93693.73869051039,-56882.00799491285,84785.71428571429,119692400.0,120102541.64433895,119282258.35566105
2026-05-06T14:40:00,119336000.0,119473000.0,119332000.0,119409000.0,6.88506396,119600162.43659973,27.350427350427353,-98325.34447148442,-65170.67529022717,82428.57142857143,119664300.0,120071067.02241741,119257532.97758259
2026-05-06T14:45:00,119452000.0,119510000.0,119400000.0,119510000.0,3.59534767,119591575.53787595,38.6904761904762,-92776.59863641858,-70691.85995946545,84000.0,119640800.0,120024419.65813194,119257180.34186806
2026-05-06T14:50:00,119475000.0,119514000.0,119452000.0,119481000.0,7.11001582,119581044.5342687,38.598574821852736,-89685.39778402448,-74490.56752437726,86357.14285714286,119614750.0,119964344.57721919,119265155.42278081
2026-05-06T14:55:00,119481000.0,119531000.0,119452000.0,119516000.0,3.54114909,119574849.81671931,33.204134366925075,-83449.43816708028,-76282.34165291786,83071.42857142857,119591500.0,119897691.89029793,119285308.10970207
2026-05-06T15:00:00,119527000.0,119645000.0,119516000.0,119573000.0,4.18666833,119574673.64369842,48.83359253499223,-73065.7155251056,-75639.01642735541,73428.57142857143,119572150.0,119824461.64939626,119319838.35060374
2026-05-06T15:05:00,119573000.0,119645000.0,119572000.0,119572000.0,3.70508952,119574419.01096524,53.310696095076395,-64177.43464578688,-73346.7000710417,74571.42857142857,119558500.0,119775763.84638815,119341236.15361185
2026-05-06T15:10:00,119573000.0,119573000.0,119430000.0,119430000.0,6.89445965,119560664.81944475,39.12408759124087,-67809.9503711462,-72239.3501310626,81285.71428571429,119541000.0,119738639.75734709,119343360.24265291
2026-05-06T15:15:00,119431000.0,119431000.0,119395000.0,119401000.0,4.8508382,119545458.6461643,39.12408759124087,-72196.56582127512,-72230.79326910511,78428.57142857143,119526050.0,119718207.25468044,119333892.74531956
2026-05-06T15:20:00,119419000.0,119523000.0,119401000.0,119523000.0,5.80107892,119543319.72748198,49.1183879093199,-65078.42617881298,-70800.31985104669,82142.85714285714,119518550.0,119697835.68792501,119339264.31207499
2026-05-06T15:25:00,119513000.0,119570000.0,119453000.0,119565000.0,4.61811193,119545384.51534083,52.048192771084345,-55409.474308773875,-67722.15074259213,89857.14285714286,119508000.0,119642815.27322504,119373184.72677496
2026-05-06T15:30:00,119565000.0,119599000.0,119544000.0,119598000.0,5.50450996,119550395.5138798,53.881807647740445,-44570.159033849835,-63091.752400843674,92000.0,119508500.0,119644632.28860196,119372367.71139804
2026-05-06T15:35:00,119598000.0,119676000.0,119598000.0,119668000.0,5.32692311,119561595.94112936,58.72667398463228,-29985.850382179022,-56470.57199711075,95357.14285714286,119515250.0,119668774.04234827,119361725.95765173
2026-05-06T15:40:00,119668000.0,119676000.0,119623000.0,119623000.0,2.98169929,119567443.9467361,57.2192513368984,-21807.422231912613,-49537.94204407112,96571.42857142857,119517450.0,119675999.31160536,119358900.68839464
2026-05-06T15:45:00,119644000.0,119764000.0,119624000.0,119708000.0,3.63380707,119580830.23752314,71.59353348729792,-8370.677416399121,-41304.48911853672,95642.85714285714,119525350.0,119705061.20106849,119345638.79893151
2026-05-06T15:50:00,119728000.0,119808000.0,119708000.0,119799000.0,5.34601333,119601608.31013998,72.10884353741497,9511.338349789381,-31141.3236248715,92714.28571428571,119538450.0,119755958.83829594,119320941.16170406
2026-05-06T15:55:00,119799000.0,119805000.0,119723000.0,119743000.0,2.28577169,119615074.18536475,63.918757467144566,18945.836874872446,-21123.891524922714,90714.28571428571,119549050.0,119784918.36203809,119313181.63796191
2026-05-06T16:00:00,119742000.0,119780000.0,119723000.0,119723000.0,4.4373596,119625352.83437763,64.61352657004832,24526.18943014741,-11993.87533390869,90357.14285714286,119558650.0,119806737.65428883,119310562.34571117
2026-05-06T16:05:00,119746000.0,119873000.0,119723000.0,119873000.0,3.31838152,119648938.27872263,68.9289501590668,40584.57175202668,-1478.185916721617,95428.57142857143,119576850.0,119860464.47145917,119293235.52854083
2026-05-06T16:10:00,119873000.0,119940000.0,119800000.0,119800000.0,8.09713664,119663325.10932048,61.83524504692387,46880.061357453465,8193.4635381134,96214.28571428571,119592450.0,119889491.88965622,119295408.11034378
2026-05-06T16:15:00,119831000.0,119893000.0,119781000.0,119850000.0,4.37541185,119681103.67033757,63.789682539682545,55266.78328356147,17608.127487203015,99000.0,119618250.0,119910368.8474793,119326131.1525207
2026-05-06T16:20:00,119850000.0,119950000.0,119797000.0,119849000.0,4.72510872,119697093.7969721,74.16378316032295,61127.983843535185,26312.098758469452,99714.28571428571,119640250.0,119932289.56112686,119348210.43887314
2026-05-06T16:25:00,119849000.0,119952000.0,119849000.0,119857000.0,8.35739733,119712322.95916522,76.95035460992908,65661.65398204327,34182.00980318422,104500.0,119657600.0,119958163.96114114,119357036.03885886
2026-05-06T16:30:00,119856000.0,119860000.0,119746000.0,119746000.0,6.18283594,119715530.29638758,63.353293413173645,59610.692934051156,39267.74642935761,103928.57142857143,119670850.0,119961846.31034015,119379853.68965985
2026-05-06T16:35:00,119747000.0,119747000.0,119714000.0,119718000.0,2.97840081,119715765.50625543,59.317904993909856,51956.96911659837,41805.590966805765,97928.57142857143,119680950.0,119963207.42263329,119398692.57736671
2026-05-06T16:40:00,119718000.0,119718000.0,119614000.0,119624000.0,7.10467525,119707025.93423112,51.47392290249432,37869.78414146602,41018.42960173782,101428.57142857143,119683500.0,119962554.41838655,119404445.58161345
2026-05-06T16:45:00,119624000.0,119624000.0,119598000.0,119599000.0,5.03782678,119696737.75001863,45.878136200716845,24406.9493701756,37696.13355542538,97714.28571428571,119684850.0,119961887.16262208,119407812.83737792
2026-05-06T16:50:00,119600000.0,119600000.0,119580000.0,119600000.0,4.84501574,119687524.63096924,48.54981084489282,13660.774556547403,32889.06175564979,95357.14285714286,119693350.0,119946900.18189079,119439799.81810921
2026-05-06T16:55:00,119599000.0,119600000.0,119565000.0,119567000.0,4.09782304,119676046.09468645,40.48582995951416,2453.249850064516,26801.899374532735,87785.71428571429,119701650.0,119923832.73655048,119479467.26344952
2026-05-06T17:00:00,119569000.0,119716000.0,119550000.0,119715000.0,5.76549441,119679755.9904306,44.73684210526316,5450.7361928373575,22531.66673819366,92500.0,119711250.0,119916908.76182598,119505591.23817402
2026-05-06T17:05:00,119716000.0,119826000.0,119679000.0,119794000.0,5.15227773,119690636.37229434,53.10596833130329,14039.071803927422,20833.147751340413,97142.85714285714,119722700.0,119919377.7754817,119526022.2245183
2026-05-06T17:10:00,119817000.0,119826000.0,119712000.0,119759000.0,4.23327054,119697147.19398059,52.15311004784689,17815.812561273575,20229.68071332705,101214.28571428571,119730750.0,119918933.4211614,119542566.5788386
2026-05-06T17:15:00,119759000.0,119797000.0,119675000.0,119679000.0,2.98667282,119695418.88979197,37.336814621409914,14190.00190038979,19021.744950739598,99214.28571428571,119731300.0,119918774.18067846,119543825.81932154
2026-05-06T17:20:00,119679000.0,119717000.0,119653000.0,119716000.0,1.79967146,119697378.99552606,44.246575342465746,14139.124580323696,18045.220876656418,93785.71428571429,119735950.0,119916603.17163299,119555296.82836701
2026-05-06T17:25:00,119715000.0,119716000.0,119654000.0,119655000.0,2.9875318,119693342.90071405,36.8421052631579,9072.036941185594,16250.584089562255,90214.28571428571,119733300.0,119917205.12428111,119549394.87571889
2026-05-06T17:30:00,119655000.0,119990000.0,119655000.0,119851000.0,13.01614241,119708357.86255081,50.10683760683761,20634.03908212483,17127.27508807477,103214.28571428571,119735900.0,119925109.88068116,119546690.11931884
2026-05-06T17:35:00,119851000.0,119947000.0,119731000.0,119746000.0,3.20202978,119711942.82802217,44.627299128751204,21081.3736474514,17918.094799950097,111285.71428571429,119736050.0,119925288.33482787,119546811.66517213
2026-05-06T17:40:00,119746000.0,119885000.0,119731000.0,119871000.0,3.6874803,119727091.1301153,55.9694364851958,31163.11584368348,20567.099008696772,114142.85714285714,119743450.0,119941890.73754095,119545009.26245905
2026-05-06T17:45:00,119822000.0,119873000.0,119725000.0,119733000.0,4.48020668,119727653.87962812,50.648228176318064,27698.234477832913,21993.326102524003,122357.14285714286,119736450.0,119925294.10167344,119547605.89832656
2026-05-06T17:50:00,119729000.0,120000000.0,119729000.0,120000000.0,10.72748579,119753591.60537782,64.13533834586465,45967.07973845303,26788.076829709807,134285.7142857143,119746450.0,119967840.31976177,119525059.68023823
2026-05-06T17:55:00,120000000.0,120084000.0,119959000.0,120080000.0,8.95545281,119784678.11915137,67.36462093862815,66138.20260946453,34658.10198566075,141357.14285714287,119757950.0,120021809.19291209,119494090.80708791
2026-05-06T18:00:00,120079000.0,120084000.0,119807000.0,119822000.0,8.64719999,119788232.58399409,56.76004872107186,60606.88061256707,39847.857711042016,159714.2857142857,119756600.0,120018768.60786024,119494431.39213976
2026-05-06T18:05:00,119850000.0,120062000.0,119807000.0,119955000.0,4.9548692,119804115.19504228,61.136624569460395,66192.23368494213,45116.732905822035,175428.57142857142,119761500.0,120034988.57380155,119488011.42619845
2026-05-06T18:10:00,119956000.0,120028000.0,119900000.0,119910000.0,7.98158478,119814199.4621811,55.94874923733985,66224.15152014792,49338.216628687216,172714.2857142857,119769700.0,120050955.90520118,119488444.09479882
2026-05-06T18:15:00,119910000.0,119918000.0,119850000.0,119863000.0,4.23898265,119818847.13244957,52.146857498444305,61745.17943638563,51819.6091902269,167071.42857142858,119776950.0,120060063.8695965,119493836.1304035
2026-05-06T18:20:00,119863000.0,119916000.0,119724000.0,119746000.0,15.10452512,119811909.31031151,49.61515689757253,48199.031172052026,51095.49358659193,172642.85714285713,119783050.0,120057410.09760514,119508689.90239486
2026-05-06T18:25:00,119725000.0,119810000.0,119725000.0,119810000.0,2.80354116,119811727.47123423,53.9151225343694,42142.08844450116,49304.812558173784,170000.0,119793600.0,120054034.77817722,119533165.22182278
2026-05-06T18:30:00,119796000.0,120037000.0,119791000.0,120000000.0,7.50683329,119829658.18825954,57.77656078860898,52073.063932091,49858.46283295723,183000.0,119813600.0,120072868.1197038,119554331.8802962
2026-05-06T18:35:00,120000000.0,120008000.0,119915000.0,120008000.0,12.09581746,119846643.122711,59.95487873660463,59898.494141086936,51866.46909458317,185214.2857142857,119835650.0,120081264.39611503,119590035.60388497
2026-05-06T18:40:00,119993000.0,120065000.0,119970000.0,120014000.0,11.88499729,119862581.872929,55.14845230574858,65825.55776190758,54658.286828048054,168071.42857142858,119850600.0,120101632.73009501,119599567.26990499
2026-05-06T18:45:00,120014000.0,120019000.0,119730000.0,119819000.0,13.5782564,119858431.21836433,52.18170950388523,54163.564213976264,54559.3423052337,173285.7142857143,119851850.0,120101943.26681314,119601756.73318686
2026-05-06T18:50:00,119800000.0,120028000.0,119785000.0,119941000.0,7.04783919,119866294.91185343,52.09580838323353,54141.619819283485,54475.79780804366,179642.85714285713,119860950.0,120110060.81871329,119611839.18128671
2026-05-06T18:55:00,119950000.0,120028000.0,119939000.0,119948000.0,3.53382377,119874076.34881978,56.985055230669275,54065.83295941353,54393.804838317636,175428.57142857142,119874400.0,120110874.45617034,119637925.54382966
2026-05-06T19:00:00,119951000.0,120035000.0,119945000.0,120030000.0,4.18060792,119888926.22036074,51.10782865583457,59931.63148276508,55501.370167207126,162500.0,119890100.0,120123974.37023461,119656225.62976539
2026-05-06T19:05:00,120025000.0,120035000.0,119988000.0,120002000.0,4.36277659,119899695.15175496,47.00460829493088,61610.74278758466,56723.24469128264,156928.57142857142,119907450.0,120118233.47583294,119696666.52416706
2026-05-06T19:10:00,120002000.0,120095000.0,120002000.0,120075000.0,6.35525979,119916390.85158782,61.324977618621304,68047.5309291035,58988.10193884681,143785.7142857143,119918650.0,120140327.12414326,119696972.87585674
2026-05-06T19:15:00,120076000.0,120097000.0,120021000.0,120097000.0,8.95263274,119933591.72286516,57.05765407554672,74070.11387838423,62004.50432675429,131000.0,119936200.0,120155893.18318248,119716506.81681752
2026-05-06T19:20:00,120097000.0,120162000.0,120060000.0,120160000.0,7.69869344,119955154.41592562,62.20703125,82970.19893690944,66197.64324878532,129142.85714285714,119950650.0,120189471.02966559,119711828.97033441
2026-05-06T19:25:00,120160000.0,120219000.0,120160000.0,120207000.0,9.06515254,119979139.709647,66.796875,92746.95846779644,71507.50629258754,128500.0,119974350.0,120216284.549653,119732415.450347
2026-05-06T19:30:00,120207000.0,120299000.0,120200000.0,120279000.0,5.55495332,120007697.83253776,77.22165474974463,105093.45714907348,78224.69646388473,121857.14285714286,119988300.0,120265993.5834977,119710606.4165023
2026-05-06T19:35:00,120279000.0,120380000.0,120277000.0,120368000.0,8.71420745,120042012.32467702,77.78884462151395,120668.70874097943,86713.49891930367,123142.85714285714,120002700.0,120326462.81116697,119678937.18883303
2026-05-06T19:40:00,120360000.0,120380000.0,120289000.0,120321000.0,10.37594441,120068582.57946968,68.6411149825784,127747.11145551503,94920.22142654595,112071.42857142857,120027650.0,120369200.1966653,119686099.8033347
2026-05-06T19:45:00,120321000.0,120362000.0,120175000.0,120175000.0,11.56287999,120078717.57190113,58.35835835835835,120190.33738337457,99974.24461791168,118785.71428571429,120038650.0,120384492.23662183,119692807.76337817
2026-05-06T19:50:00,120179000.0,120374000.0,120159000.0,120350000.0,6.21614779,120104553.99362484,64.38356164383562,126860.21140226722,105351.43797478279,127357.14285714286,120060650.0,120427382.52837515,119693917.47162485
2026-05-06T19:55:00,120350000.0,120374000.0,120261000.0,120323000.0,4.52691892,120125358.37518437,75.2,128486.34960621595,109978.42030106943,114785.71428571429,120083650.0,120455847.61304702,119711452.38695298
2026-05-06T20:00:00,120281000.0,120400000.0,120270000.0,120350000.0,10.42664022,120146752.815643,72.59668508287294,130450.00375911593,114072.73699267874,106714.28571428571,120113850.0,120468285.51859558,119759414.48140442
2026-05-06T20:05:00,120374000.0,120500000.0,120354000.0,120486000.0,6.85857234,120179062.07129604,76.01547388781432,141350.87235456705,119528.3640650564,111071.42857142857,120147650.0,120508945.49067067,119786354.50932933
2026-05-06T20:10:00,120480000.0,120492000.0,120379000.0,120434000.0,8.75420874,120203341.87402974,70.11952191235059,144132.45461763442,124449.18217557202,112714.28571428571,120169350.0,120545148.53225115,119793551.46774885
2026-05-06T20:15:00,120434000.0,120550000.0,120388000.0,120549000.0,11.26660445,120236261.69555071,75.06874427131072,153843.01103891432,130327.94794824049,120928.57142857143,120196400.0,120600141.13645153,119792658.86354847
2026-05-06T20:20:00,120549000.0,120845000.0,120549000.0,120840000.0,20.0119598,120293760.58168875,79.22077922077922,182911.47534574568,140844.65342774152,135428.57142857142,120237700.0,120723524.35639144,119751875.64360856
2026-05-06T20:25:00,120840000.0,120840000.0,120695000.0,120716000.0,12.51130255,120333973.85962316,71.93479801559178,193709.71404372156,151417.66555093753,140357.14285714287,120282550.0,120771232.64376362,119793867.35623638
2026-05-06T20:30:00,120716000.0,120809000.0,120716000.0,120765000.0,6.72993694,120375023.96823047,71.65354330708661,203871.18636785448,161908.36971432093,139714.2857142857,120323750.0,120829819.21723375,119817680.78276625
2026-05-06T20:35:00,120765000.0,120803000.0,120736000.0,120799000.0,5.70995779,120415402.63792281,71.38728323699422,212221.38620734215,171970.97301292518,140285.7142857143,120366300.0,120882351.44582382,119850248.55417618
2026-05-06T20:40:00,120799000.0,120801000.0,120470000.0,120499000.0,16.02579778,120423364.29145397,56.82382133995038,192413.46430146694,176059.47127063357,156857.14285714287,120389750.0,120883603.11048615,119895896.88951385
2026-05-06T20:45:00,120499000.0,120590000.0,120470000.0,120577000.0,8.90861087,120437996.26369645,56.52717051842598,180923.91335752606,177032.35968801207,158071.42857142858,120418500.0,120883408.14033245,119953591.85966755
2026-05-06T20:50:00,120577000.0,120614000.0,120436000.0,120590000.0,11.84765132,120452472.81001107,58.5832801531589,170897.35448853672,175805.358648117,164285.7142857143,120444250.0,120885497.45414504,120003002.54585496
2026-05-06T20:55:00,120590000.0,120630000.0,120580000.0,120625000.0,4.7996248,120468903.9709624,65.4532967032967,163886.26301582158,173421.53952165792,154500.0,120470650.0,120886891.46585214,120054408.53414786
2026-05-06T21:00:00,120620000.0,120621000.0,120480000.0,120507000.0,7.99669481,120472532.16420409,55.61115082201573,147112.4874971211,168159.7291167506,149500.0,120488000.0,120877809.1300813,120098190.8699187
2026-05-06T21:05:00,120507000.0,120508000.0,120396000.0,120488000.0,9.16537812,120474005.29142274,55.93098490294753,130778.47548109293,160683.47838961906,149428.57142857142,120502050.0,120868787.80968511,120135312.19031489
2026-05-06T21:10:00,120488000.0,120495000.0,120300000.0,120300000.0,11.85207435,120457433.35890628,48.38917525773196,101493.66862542927,148845.5164367811,154071.42857142858,120503100.0,120867260.11516048,120138939.88483952
2026-05-06T21:15:00,120300000.0,120410000.0,120268000.0,120363000.0,5.92634094,120448439.7056771,45.841784989858006,82418.74965162575,135560.16307975003,153500.0,120502850.0,120867407.28017189,120138292.71982811
2026-05-06T21:20:00,120400000.0,120620000.0,120380000.0,120572000.0,9.63617244,120460207.35275547,54.21760391198044,83207.1322259754,125089.55690899512,163785.7142857143,120515400.0,120870763.94983469,120160036.05016531
2026-05-06T21:25:00,120617000.0,120617000.0,120501000.0,120571000.0,4.998986,120470759.03344542,50.72273324572931,82796.80937424302,116631.0074020447,160500.0,120535200.0,120852831.10016099,120217568.89983901
2026-05-06T21:30:00,120571000.0,120580000.0,120501000.0,120580000.0,3.31975887,120481162.93502204,39.516129032258064,82249.72669127584,109754.75125989094,145000.0,120546700.0,120852533.87303361,120240866.12696639
2026-05-06T21:35:00,120582000.0,120604000.0,120504000.0,120505000.0,7.0233843,120483433.13168661,41.14189756507137,74900.8758520037,102783.97617831349,141785.7142857143,120555800.0,120843926.14196602,120267673.85803398
2026-05-06T21:40:00,120547000.0,120548000.0,120490000.0,120491000.0,6.67019063,120484153.78581169,38.14878892733564,67172.84883148968,95661.75070894873,139285.7142857143,120562850.0,120836299.90881619,120289400.09118381
2026-05-06T21:45:00,120492000.0,120599000.0,120489000.0,120584000.0,4.43965811,120493662.94906773,41.1522633744856,67771.42767487466,90083.68610213391,142357.14285714287,120567750.0,120838904.16085204,120296595.83914796
2026-05-06T21:50:00,120584000.0,120614000.0,120465000.0,120493000.0,8.79813975,120493599.81106128,49.70178926441352,60208.81648181379,84108.7121780699,129357.14285714286,120570700.0,120836967.0602392,120304432.9397608
2026-05-06T21:55:00,120493000.0,120595000.0,120300000.0,120300000.0,7.52356169,120475161.73381734,37.644959857270294,38201.54199741781,74927.27814193947,141857.14285714287,120558250.0,120850779.35075414,120265720.64924586
2026-05-06T22:00:00,120300000.0,120428000.0,120200000.0,120300000.0,9.22995076,120458479.66392997,36.91335740072202,20524.03017064929,64046.62854768144,145428.57142857142,120531250.0,120813796.22351229,120248703.77648771
2026-05-06T22:05:00,120315000.0,120326000.0,120055000.0,120240000.0,13.37331598,120437672.07688902,33.009708737864074,1653.9108742028475,51568.08501298572,161214.2857142857,120507450.0,120804299.7582067,120210600.2417933
2026-05-06T22:10:00,120201000.0,120400000.0,120201000.0,120370000.0,4.1479512,120431227.11718531,44.0174672489083,-2778.8482426553965,40698.698361857496,165071.42857142858,120487700.0,120764268.52201295,120211131.47798705
2026-05-06T22:15:00,120374000.0,120480000.0,120304000.0,120331000.0,10.29449628,120421681.67745338,43.261802575107296,-9331.250989556313,30692.708491574733,169642.85714285713,120464300.0,120707101.2832707,120221498.7167293
2026-05-06T22:20:00,120300000.0,120347000.0,120191000.0,120308000.0,7.13830575,120410854.85102925,50.4,-16193.31865747273,21315.50306176524,166857.14285714287,120454750.0,120706658.81809017,120202841.18190983
2026-05-06T22:25:00,120303000.0,120303000.0,120135000.0,120239000.0,11.36418867,120394487.72235979,43.836978131212724,-26889.31676018238,11674.539097375718,169071.42857142858,120437850.0,120700354.75684914,120175345.24315086
2026-05-06T22:30:00,120238000.0,120347000.0,120130000.0,120300000.0,6.28205443,120385488.89165886,34.14918414918415,-30096.84442742169,3320.2623924162363,166214.2857142857,120423350.0,120682484.0031315,120164215.9968685
2026-05-06T22:35:00,120290000.0,120300000.0,120050000.0,120190000.0,10.33713137,120366870.90197706,30.299896587383657,-41041.80947238207,-5552.151980543425,175785.7142857143,120401600.0,120662486.26277608,120140713.73722392
2026-05-06T22:40:00,120190000.0,120248000.0,120150000.0,120213000.0,5.84925192,120352216.53036019,31.29459734964321,-47314.45377288759,-13904.61233901226,177142.85714285713,120386900.0,120655789.2552315,120118010.7447685
2026-05-06T22:45:00,120212000.0,120212000.0,120000000.0,120128000.0,18.49906656,120330862.5750878,30.978809283551968,-58470.34940691292,-22817.759752592392,185214.2857142857,120368900.0,120656818.04389445,120080981.95610555
2026-05-06T22:50:00,120128000.0,120147000.0,120000000.0,120100000.0,9.99149737,120308875.66317467,30.547263681592028,-68778.01294460893,-32009.8103909957,191571.42857142858,120358900.0,120669864.47588618,120047935.52411382
2026-05-06T22:55:00,120048000.0,120154000.0,120033000.0,120055000.0,9.64770253,120284697.02858661,22.361546499477527,-79659.76628103852,-41539.80156900427,192357.14285714287,120343500.0,120682822.85511,120004177.14489
2026-05-06T23:00:00,120055000.0,120066000.0,119770000.0,119770000.0,17.89559065,120235678.26395932,18.59252823631624,-110012.5956325978,-55234.360381722974,202857.14285714287,120303400.0,120711591.08012639,119895208.91987361
2026-05-06T23:05:00,119770000.0,119770000.0,119450000.0,119735000.0,36.90437273,120187994.61977272,21.550855991943607,-135331.6203879863,-71253.81238297565,204642.85714285713,120261600.0,120722256.00820433,119800943.99179567
2026-05-06T23:10:00,119724000.0,119809000.0,119617000.0,119672000.0,18.18326013,120138852.27503246,20.265151515151516,-158651.86348251998,-88733.42260288453,202071.42857142858,120216200.0,120721538.9066026,119710861.0933974
2026-05-06T23:15:00,119672000.0,119882000.0,119670000.0,119802000.0,14.14602699,120106771.10598175,30.550621669627006,-164744.34039723873,-103935.60616175536,197857.14285714287,120181050.0,120699436.35256565,119662663.64743435
2026-05-06T23:20:00,119803000.0,119982000.0,119725000.0,119982000.0,7.58785461,120094888.1435073,33.50340136054422,-153281.2457817346,-113804.73408575122,202000.0,120155600.0,120659696.64904556,119651503.35095444
2026-05-06T23:25:00,119960000.0,120150000.0,119960000.0,120031000.0,7.80816462,120088803.55841136,37.35244519392917,-138644.56201423705,-118772.69967144838,203000.0,120127950.0,120592197.42722413,119663702.57277587
2026-05-06T23:30:00,120030000.0,120129000.0,120000000.0,120106000.0,5.98272797,120090441.31475314,41.841680129240714,-119614.17374041677,-118940.99448524206,201071.42857142858,120108600.0,120539871.99867614,119677328.00132386
2026-05-06T23:35:00,120105000.0,120106000.0,119979000.0,119986000.0,7.00405518,120080494.52287188,40.18619084561675,-112913.85046331584,-117735.56568085682,197785.7142857143,120092900.0,120517646.56220536,119668153.43779464
2026-05-06T23:40:00,119986000.0,120150000.0,119979000.0,120134000.0,5.66017527,120085590.28259836,43.96802325581395,-94571.27410131693,-113102.70736494884,194500.0,120084600.0,120498659.94989285,119670540.05010715
2026-05-06T23:45:00,120134000.0,120300000.0,120000000.0,120076000.0,7.38706454,120084676.9223509,45.694864048338374,-83749.35502454638,-107232.03689686836,198071.42857142858,120076400.0,120483946.3938718,119668853.6061282
2026-05-06T23:50:00,120063000.0,120118000.0,119997000.0,120078000.0,11.93173691,120084041.02498415,44.81964696853416,-74156.69073334336,-100616.96766416337,199714.2857142857,120061800.0,120445270.35842355,119678329.64157645
2026-05-06T23:55:00,120074000.0,120078000.0,119850000.0,119852000.0,8.55429041,120061941.87974757,40.44321329639889,-83824.47009795904,-97258.46815092252,200785.7142857143,120037850.0,120410199.73655932,119665500.26344068
2026-05-07T00:00:00,119856000.0,119921000.0,119758000.0,119906000.0,8.0599605,120047090.27215256,43.40136054421769,-86135.98418591917,-95033.97135792185,201928.57142857142,120017750.0,120371640.78005867,119663859.21994133
2026-05-07T00:05:00,119906000.0,119911000.0,119821000.0,119861000.0,2.23468513,120029367.3890904,43.40136054421769,-90555.13642938435,-94138.20437221436,199714.2857142857,119998850.0,120343236.12051012,119654463.87948988
2026-05-07T00:10:00,119862000.0,119910000.0,119641000.0,119793000.0,9.79660037,120006856.20917702,50.91779728651236,-98409.96925340593,-94992.55734845268,197785.7142857143,119973500.0,120298652.27202037,119648347.72797963
2026-05-07T00:15:00,119728000.0,120080000.0,119692000.0,120066000.0,3.07345013,120012488.95116016,61.09993293091885,-81664.78164540231,-92327.00220784261,202642.85714285713,119967300.0,120279542.88791361,119655057.11208639
2026-05-07T00:20:00,120066000.0,120168000.0,120066000.0,120162000.0,4.14320646,120026728.09866872,66.07611548556432,-59956.56022438407,-85852.91381115091,196214.2857142857,119964750.0,120269281.99641764,119660218.00358236
2026-05-07T00:25:00,120160000.0,120197000.0,120028000.0,120029000.0,6.27499364,120026944.47022408,57.43287491814014,-52875.11540476978,-79257.3541298747,193142.85714285713,119959800.0,120256270.89144415,119663329.10855585
2026-05-07T00:30:00,120045000.0,120126000.0,119977000.0,120125000.0,1.88156519,120036283.0921075,54.95495495495495,-39066.28980074823,-71219.14126404941,185428.57142857142,119961050.0,120260208.45123842,119661891.54876158
2026-05-07T00:35:00,120124000.0,120124000.0,119835000.0,119847000.0,3.83728596,120018256.13095441,44.49760765550239,-49978.847634628415,-66971.08253816521,192571.42857142858,119950650.0,120250517.5321573,119650782.4678427
2026-05-07T00:40:00,119837000.0,120045000.0,119821000.0,119911000.0,4.49572685,120008041.26133971,44.13004214328718,-52853.59981063008,-64147.58599265818,199357.14285714287,119957700.0,120246095.26968893,119669304.73031107
2026-05-07T00:45:00,120051000.0,120112000.0,119906000.0,120039000.0,1.57048585,120010989.71264069,51.58777711204314,-44292.752087429166,-60176.619211612386,205000.0,119972900.0,120243361.51589265,119702438.48410735
2026-05-07T00:50:00,120039000.0,120096000.0,119978000.0,120093000.0,4.5985982,120018800.21619871,48.698412698412696,-32773.082195043564,-54695.911808298624,201214.2857142857,119993950.0,120229022.64274779,119758877.35725221
2026-05-07T00:55:00,120093000.0,120095000.0,119994000.0,120085000.0,1.28109039,120025104.95751312,50.295081967213115,-24012.394020706415,-48559.20825078018,187000.0,120008100.0,120228110.43037477,119788089.56962523
2026-05-07T01:00:00,120085000.0,120094000.0,119950000.0,120014000.0,3.35387431,120024047.34251188,47.992471769134255,-22538.77913747728,-43355.122428119605,188642.85714285713,120009700.0,120229376.41274337,119790023.58725663
2026-05-07T01:05:00,120000000.0,120160000.0,119999000.0,120160000.0,2.62150004,120036995.2146536,60.17173051519154,-9480.661731660366,-36580.230288827755,183857.14285714287,120016150.0,120245808.12119667,119786491.87880333
2026-05-07T01:10:00,120160000.0,120227000.0,120075000.0,120075000.0,3.18810348,120040614.71801992,55.469255663430424,-5922.528017908335,-30448.689834643872,183071.42857142858,120014600.0,120242113.23848122,119787086.76151878
2026-05-07T01:15:00,120075000.0,120148000.0,120048000.0,120087000.0,2.5887268,120045032.36392277,57.47354497354497,-2110.058264747262,-24780.96352066455,183785.7142857143,120019650.0,120248966.8573233,119790333.1426767
2026-05-07T01:20:00,120048000.0,120083000.0,119822000.0,119917000.0,3.42724762,120032838.80545394,53.84138785625774,-12660.287851154804,-22356.828386762605,183500.0,120008800.0,120235859.55629586,119781740.44370414
2026-05-07T01:25:00,119861000.0,119918000.0,119796000.0,119800000.0,5.43034922,120010663.68112499,40.87791495198903,-30115.19379092753,-23908.50146759559,164500.0,119995000.0,120237861.8840758,119752138.1159242
2026-05-07T01:30:00,119800000.0,119843000.0,119700000.0,119767000.0,3.38510858,119987457.61625594,35.84229390681004,-46079.975438416004,-28342.796261759675,167428.57142857142,119979450.0,120239175.7460436,119719724.2539564
2026-05-07T01:35:00,119824000.0,119961000.0,119736000.0,119848000.0,0.89140083,119974175.93851727,43.26135517498139,-51601.32886092365,-32994.50278159247,171428.57142857142,119979250.0,120239394.79773672,119719105.20226328
2026-05-07T01:40:00,119899000.0,120000000.0,119832000.0,119980000.0,1.36993043,119974730.61103944,44.74256707759246,-44809.21169781685,-35357.44456483735,172785.7142857143,119982950.0,120240803.05893087,119725096.94106913
2026-05-07T01:45:00,119980000.0,120000000.0,119888000.0,119909000.0,2.6097273,119968470.55284521,52.64505119453924,-44640.92375865579,-37214.140403601035,160071.42857142858,119985350.0,120239287.64257352,119731412.35742648
2026-05-07T01:50:00,119976000.0,120033000.0,119905000.0,119970000.0,3.09195001,119968616.214479,52.5235243798118,-39134.248891711235,-37598.162101223075,153214.2857142857,119994200.0,120231718.39817937,119756681.60182063
2026-05-07T01:55:00,119915000.0,119970000.0,119832000.0,119900000.0,1.91746851,119962081.33690956,43.744374437443746,-39957.97372367978,-38070.12442571442,148357.14285714287,119985900.0,120224453.44761379,119747346.55238621
2026-05-07T02:00:00,119915000.0,119915000.0,119759000.0,119783000.0,1.78946504,119945025.97148961,36.797274275979554,-49481.313991189,-40352.36233880934,151071.42857142858,119966950.0,120206812.65807092,119727087.34192908
2026-05-07T02:05:00,119828000.0,119915000.0,119817000.0,119880000.0,2.99201039,119938833.02182393,41.884402216943776,-48640.83911255002,-42010.05769355748,153285.7142857143,119959500.0,120200500.98274533,119718499.01725467
2026-05-07T02:10:00,119880000.0,119980000.0,119880000.0,119959000.0,0.92380171,119940753.68641213,47.83634933123525,-41126.04153969884,-41833.25446278576,150142.85714285713,119951200.0,120179290.10223341,119723109.89776659
2026-05-07T02:15:00,119959000.0,119961000.0,119650000.0,119735000.0,4.66611483,119921158.09723002,34.24759080800594,-52638.65265451372,-43994.33410113135,160857.14285714287,119945600.0,120189419.0873751,119701780.9126249
2026-05-07T02:20:00,119735000.0,119736000.0,119735000.0,119735000.0,2.70250221,119903428.75463668,36.550632911392405,-61058.63398203254,-47407.19407731159,150071.42857142858,119936800.0,120197964.67884018,119675635.32115982
2026-05-07T02:25:00,119736000.0,119790000.0,119713000.0,119713000.0,3.81142917,119885292.68276651,35.321821036106755,-68714.64631576836,-51668.68452500295,148428.57142857142,119920500.0,120195152.3160959,119645847.6839041
2026-05-07T02:30:00,119713000.0,119749000.0,119713000.0,119716000.0,0.76616548,119869169.57012208,40.92140921409214,-73690.55744543672,-56073.05910908971,132071.42857142858,119901650.0,120178195.81803688,119625104.18196312
2026-05-07T02:35:00,119748000.0,119748000.0,119714000.0,119745000.0,0.96558978,119857343.89677712,47.30127576054956,-74435.89457044005,-59745.62620135978,125785.71428571429,119884650.0,120155481.29337963,119613818.70662037
2026-05-07T02:40:00,119745000.0,119774000.0,119700000.0,119774000.0,2.45756279,119849406.38279834,50.3448275862069,-71858.18554222584,-62168.13806953299,120857.14285714286,119872650.0,120140602.29347582,119604697.70652418
2026-05-07T02:45:00,119745000.0,119772000.0,119626000.0,119644000.0,5.69796049,119829843.8701509,40.41353383458647,-79390.08661080897,-65612.5277777882,115357.14285714286,119846850.0,120097088.0130154,119596611.9869846
2026-05-07T02:50:00,119711000.0,119711000.0,119644000.0,119706000.0,0.23842772,119818049.21585082,36.21730382293762,-79440.54942394793,-68378.13210702015,108142.85714285714,119828400.0,120061646.56030634,119595153.43969366
2026-05-07T02:55:00,119706000.0,119706000.0,119644000.0,119644000.0,1.76569912,119801473.1000555,36.54822335025381,-83520.64935535192,-71406.63555668651,104571.42857142857,119806250.0,120019365.11591528,119593134.88408472
2026-05-07T03:00:00,119704000.0,119710000.0,119644000.0,119694000.0,0.45334618,119791237.56671688,35.83162217659137,-81776.90258531272,-73480.68896241176,100142.85714285714,119795100.0,120007149.54733816,119583050.45266184
2026-05-07T03:05:00,119694000.0,119709000.0,119640000.0,119644000.0,0.82121557,119777214.94131528,36.58280922431865,-83467.39269328117,-75478.02970858564,95214.28571428571,119787300.0,120009809.23103265,119564790.76896735
2026-05-07T03:10:00,119644000.0,119739000.0,119501000.0,119711000.0,9.17271324,119770908.75642811,46.01769911504425,-78495.9260520041,-76081.60897726934,101071.42857142857,119784500.0,120009480.4669884,119559519.5330116
2026-05-07T03:15:00,119735000.0,119959000.0,119735000.0,119903000.0,2.4832277,119783488.87486352,51.151151151151154,-58390.12254615128,-72543.31169104573,109357.14285714286,119787250.0,120016796.80751888,119557703.19248112
2026-05-07T03:20:00,119903000.0,119903000.0,119791000.0,119840000.0,0.36066511,119788870.88678128,43.9471007121058,-46997.93891566992,-67434.23713597057,110214.28571428571,119780250.0,119992969.60788548,119567530.39211452
2026-05-07T03:25:00,119805000.0,119840000.0,119800000.0,119810000.0,0.36576419,119790883.1832783,54.75285171102662,-39930.01226596534,-61933.39216196953,90857.14285714286,119775300.0,119979855.5901795,119570744.4098205
2026-05-07T03:30:00,119810000.0,119810000.0,119628000.0,119715000.0,1.73081572,119783656.21344228,48.86877828054299,-41515.76760007441,-57849.867249590505,103785.71428571429,119762550.0,119946787.23265056,119578312.76734944
2026-05-07T03:35:00,119732000.0,119732000.0,119581000.0,119587000.0,1.07295096,119764927.0502573,43.63636363636364,-52495.880553007126,-56779.06991027383,109071.42857142857,119746900.0,119935109.17814189,119558690.82185811
2026-05-07T03:40:00,119587000.0,119709000.0,119585000.0,119671000.0,1.13981234,119755981.61689945,47.89915966386555,-53799.43479757011,-56183.14288773308,115357.14285714286,119741300.0,119931639.4198185,119550960.5801815
2026-05-07T03:45:00,119709000.0,119742000.0,119585000.0,119652000.0,0.43787302,119746078.60576616,45.61734213006598,-55723.308524250984,-56091.17601503666,124142.85714285714,119729900.0,119912412.17695498,119547387.82304502
2026-05-07T03:50:00,119652000.0,119703000.0,119614000.0,119703000.0,2.01383809,119741975.88140748,46.72206832871653,-52527.21747221053,-55378.38430647144,125214.28571428571,119717100.0,119864488.35203567,119569711.64796433
2026-05-07T03:55:00,119717000.0,119745000.0,119636000.0,119715000.0,1.59143151,119739406.74984486,53.67875647668393,-48467.29180498421,-53996.165806174,122428.57142857143,119716100.0,119863248.18882231,119568951.81117769
2026-05-07T04:00:00,119721000.0,119726000.0,119636000.0,119681000.0,2.98071205,119733844.20224059,48.66595517609392,-47446.355264514685,-52686.20369784214,124071.42857142857,119713400.0,119861068.76161835,119565731.23838165
2026-05-07T04:05:00,119640000.0,119695000.0,119582000.0,119582000.0,1.45943945,119719382.84964626,46.81724845995893,-54003.21290074289,-52949.605538422285,127714.28571428571,119706850.0,119865784.9751181,119547915.0248819
2026-05-07T04:10:00,119582000.0,119608000.0,119500000.0,119516000.0,2.98899627,119700013.05444185,41.01010101010101,-63789.888109743595,-55117.66205268655,130714.28571428571,119696850.0,119877099.2718432,119516600.7281568
2026-05-07T04:15:00,119502000.0,119512000.0,119438000.0,119494000.0,10.38256801,119680392.76354264,42.2037422037422,-72485.54659986496,-58591.23896212224,131357.14285714287,119684300.0,119884303.26313128,119484296.73686872
2026-05-07T04:20:00,119494000.0,119630000.0,119463000.0,119544000.0,2.58027737,119667402.97653857,41.16402116402116,-74483.73434454203,-61769.7380386062,126285.71428571429,119672800.0,119877481.6269748,119468118.3730252
2026-05-07T04:25:00,119579000.0,119579000.0,119448000.0,119536000.0,1.9231594,119654888.40734442,25.88699080157687,-75838.62520612776,-64583.515472110514,117928.57142857143,119667400.0,119880794.02645417,119454005.97354583
2026-05-07T04:30:00,119465000.0,119536000.0,119442000.0,119464000.0,0.80464781,119636708.5590259,25.58441558441558,-81779.48129190505,-68022.70863606942,116642.85714285714,119655300.0,119886204.0356603,119424395.9643397
2026-05-07T04:35:00,119464000.0,119625000.0,119457000.0,119593000.0,3.22650148,119632545.83911867,37.51438434982739,-75211.43997685611,-69460.45490422676,125785.71428571429,119652750.0,119885300.05120574,119420199.94879426
2026-05-07T04:40:00,119624000.0,119691000.0,119534000.0,119682000.0,2.51387258,119637255.75920261,48.08806488991888,-62108.71313484013,-67990.10655034943,124000.0,119652150.0,119884313.53129457,119419986.46870543
2026-05-07T04:45:00,119682000.0,119682000.0,119616000.0,119681000.0,1.10365914,119641421.8773738,56.3858695652174,-51215.02443371713,-64635.09012702298,117928.57142857143,119654000.0,119886479.54069576,119421520.45930424
2026-05-07T04:50:00,119650000.0,119695000.0,119649000.0,119695000.0,0.6835192,119646524.55571915,51.8018018018018,-40979.627024784684,-59903.997506575324,112357.14285714286,119653200.0,119884962.67353073,119421437.32646927
2026-05-07T04:55:00,119695000.0,119695000.0,119655000.0,119688000.0,1.04882698,119650474.59803161,52.75229357798165,-33051.84128244221,-54533.5662617487,104000.0,119642450.0,119843311.80114172,119441588.19885828
2026-05-07T05:00:00,119688000.0,119801000.0,119651000.0,119801000.0,1.31618531,119664810.35060002,56.84357541899441,-17449.7089625746,-47116.794801913886,108357.14285714286,119640500.0,119833905.49167624,119447094.50832376
2026-05-07T05:05:00,119770000.0,119818000.0,119770000.0,119801000.0,1.41539996,119677780.79340002,56.10795454545455,-5026.959037184715,-38698.82764896805,104000.0,119640050.0,119831830.0000549,119448269.9999451
2026-05-07T05:10:00,119801000.0,119848000.0,119770000.0,119840000.0,1.39954836,119693230.24164763,61.212976022567,7874.363087117672,-29384.18950175091,103142.85714285714,119646300.0,119855702.2570632,119436897.7429368
2026-05-07T05:15:00,119840000.0,119942000.0,119840000.0,119887000.0,0.89326438,119711684.50434786,73.21156773211567,21641.78796413541,-19178.994008573645,102357.14285714286,119661300.0,119894449.69214514,119428150.30785486
2026-05-07T05:20:00,119874000.0,119887000.0,119815000.0,119840000.0,1.07077202,119723905.0277433,75.39184952978057,28432.314144551754,-9656.732377948565,99785.71428571429,119669750.0,119916247.8915251,119423252.1084749
2026-05-07T05:25:00,119840000.0,119954000.0,119801000.0,119801000.0,2.75429088,119731247.40605345,73.43511450381679,30317.40087684989,-1661.9057269888735,105142.85714285714,119677200.0,119930355.74569611,119424044.25430389
2026-05-07T05:30:00,119806000.0,119837000.0,119499000.0,119561000.0,3.96649873,119715033.3673817,51.00591715976331,12303.52409017086,1131.1802364430732,117357.14285714286,119670100.0,119928127.25274262,119412072.74725738
2026-05-07T05:35:00,119557000.0,119670000.0,119522000.0,119590000.0,1.98208173,119703125.42763107,53.11778290993072,363.26707392930984,977.5976039403206,118571.42857142857,119663850.0,119923349.33576632,119404350.66423368
2026-05-07T05:40:00,119590000.0,119591000.0,119562000.0,119590000.0,1.61328642,119692351.57738048,57.934508816120896,-8995.774942487478,-1017.0769053452391,113928.57142857143,119659300.0,119920717.27080223,119397882.72919777
2026-05-07T05:45:00,119590000.0,119601000.0,119501000.0,119582000.0,2.14274245,119681841.90334424,49.18276374442793,-16864.018403291702,-4186.465204934531,109071.42857142857,119659300.0,119920717.27080223,119397882.72919777
2026-05-07T05:50:00,119548000.0,119583000.0,119503000.0,119581000.0,1.55574632,119672237.91254956,41.36752136752137,-22916.18614719808,-7932.409393387242,103571.42857142857,119662550.0,119918014.46863869,119407085.53136131
2026-05-07T05:55:00,119581000.0,119640000.0,119581000.0,119640000.0,7.26761115,119669167.63516389,46.81181959564542,-22690.20718704164,-10883.968952118123,103071.42857142857,119669850.0,119913086.31567504,119426613.68432496
2026-05-07T06:00:00,119640000.0,119673000.0,119603000.0,119668000.0,2.93216755,119669056.43181494,47.945205479452056,-20020.962050884962,-12711.367571871491,104785.71428571429,119676050.0,119911991.54048476,119440108.45951524
2026-05-07T06:05:00,119668000.0,119764000.0,119649000.0,119729000.0,0.98574682,119674765.34307067,52.88326300984529,-12835.417148754,-12736.177487247995,110142.85714285714,119685700.0,119913158.35940489,119458241.64059511
2026-05-07T06:10:00,119729000.0,119750000.0,119555000.0,119639000.0,6.62243554,119671359.11992109,38.2267441860465,-14238.93134625256,-13036.728259048909,113357.14285714286,119694450.0,119898230.55792807,119490669.44207193
2026-05-07T06:15:00,119604000.0,119717000.0,119556000.0,119700000.0,0.97918003,119674086.82278575,43.25767690253671,-10310.186841756105,-12491.419975590348,121428.57142857143,119699800.0,119897905.34146205,119501694.65853795
2026-05-07T06:20:00,119700000.0,119700000.0,119607000.0,119685000.0,1.45155207,119675126.17299664,39.31034482758621,-8311.196852862835,-11655.375351044848,122500.0,119699950.0,119898003.12950133,119501896.87049867
2026-05-07T06:25:00,119685000.0,119685000.0,119620000.0,119668000.0,1.97953816,119674447.4898541,34.24460431654677,-8006.447467237711,-10925.58977428342,119857.14285714286,119699300.0,119897700.02122243,119500899.97877757
2026-05-07T06:30:00,119668000.0,119745000.0,119629000.0,119716000.0,3.03067666,119678404.87177275,41.0919540229885,-3847.3823079168797,-9509.948281010113,123000.0,119700350.0,119898876.43997319,119501823.56002681
2026-05-07T06:35:00,119716000.0,119787000.0,119704000.0,119780000.0,3.35421068,119688080.59827058,48.54368932038835,4560.402444317937,-6695.878135944503,118000.0,119704950.0,119906511.77060252,119503388.22939748
2026-05-07T06:40:00,119780000.0,119837000.0,119751000.0,119824000.0,3.27566425,119701025.30319719,75.04761904761904,14605.699302136898,-2435.562648328223,100000.0,119706100.0,119910215.44720936,119501984.55279064
2026-05-07T06:45:00,119824000.0,119831000.0,119760000.0,119829000.0,2.0099032,119713213.36955936,73.85229540918164,22708.359811216593,2593.22184358074,94500.0,119707500.0,119914716.64229041,119500283.35770959
2026-05-07T06:50:00,119829000.0,119829000.0,119776000.0,119802000.0,3.89480094,119721669.23912513,70.07575757575756,26643.967220768332,7403.37091901826,96214.28571428571,119705600.0,119908349.93672529,119502850.06327471
2026-05-07T06:55:00,119802000.0,119829000.0,119798000.0,119823000.0,1.59564632,119731319.78777988,72.2735674676525,31098.999040573835,12142.496543329376,91285.71428571429,119702400.0,119894853.84956017,119509946.15043983
2026-05-07T07:00:00,119823000.0,119823000.0,119720000.0,119723000.0,5.7739471,119730527.42703894,61.09375,26257.796061307192,14965.55644692494,92928.57142857143,119696550.0,119878202.61815953,119514897.38184047
2026-05-07T07:05:00,119723000.0,119724000.0,119619000.0,119644000.0,4.30602277,119722286.7197019,50.303030303030305,15863.602319017053,15145.165621343363,96214.28571428571,119688700.0,119864832.84460138,119512567.15539862
2026-05-07T07:10:00,119625000.0,119649000.0,119615000.0,119616000.0,2.28512132,119712164.17496839,46.060606060606055,5305.60320673883,13177.253138422459,93642.85714285714,119691450.0,119860773.70120417,119522126.29879583
2026-05-07T07:15:00,119616000.0,119668000.0,119589000.0,119606000.0,6.22781955,119702053.30116187,39.90147783251232,-3824.5169320106506,9776.899124335838,91071.42857142857,119692250.0,119859696.29932578,119524803.70067422
2026-05-07T07:20:00,119600000.0,119600000.0,119557000.0,119582000.0,5.14999718,119690619.65343218,44.751381215469614,-12848.69063693285,5251.7811720821,80642.85714285714,119691850.0,119860359.5967906,119523340.4032094
2026-05-07T07:25:00,119582000.0,119585000.0,119526000.0,119537000.0,4.00390952,119675989.21024816,34.53510436432637,-23362.23196543753,-471.02145542182643,73357.14285714286,119689600.0,119865332.33234549,119513867.66765451
2026-05-07T07:30:00,119528000.0,119582000.0,119524000.0,119578000.0,3.89939441,119666656.90451024,40.3254972875226,-28062.44546250999,-5989.306256839459,70857.14285714286,119689450.0,119865577.31639059,119513322.68360941
2026-05-07T07:35:00,119581000.0,119581000.0,119571000.0,119574000.0,3.4548364,119657832.43741404,41.2962962962963,-31744.2372854352,-11140.292462558607,66928.57142857143,119686150.0,119868540.29868016,119503759.70131984
2026-05-07T07:40:00,119572000.0,119625000.0,119572000.0,119585000.0,2.56963248,119650896.01480317,36.97813121272365,-33389.581451147795,-15590.150260276445,62428.57142857143,119682000.0,119869825.22671217,119494174.77328783
2026-05-07T07:45:00,119585000.0,119667000.0,119565000.0,119566000.0,8.31586441,119642810.68006001,26.63755458515284,-35813.83022542298,-19634.886253305755,63785.71428571428,119673850.0,119867153.9874885,119480546.0125115
2026-05-07T07:50:00,119567000.0,119665000.0,119562000.0,119649000.0,3.18502617,119643400.13910191,32.3943661971831,-30683.952994704247,-21844.699601585453,65000.0,119674350.0,119867325.8915949,119481374.1084051
2026-05-07T07:55:00,119659000.0,119665000.0,119600000.0,119660000.0,3.47042741,119644981.07823506,33.20079522862824,-25437.650856733322,-22563.289852615027,64571.42857142857,119672350.0,119865035.48138572,119479664.51861428
2026-05-07T08:00:00,119660000.0,119661000.0,119300000.0,119343000.0,26.46742913,119616220.975546,21.05926860025221,-46325.16170755029,-27315.66422360208,86571.42857142857,119655250.0,119897528.54782635,119412971.45217365
2026-05-07T08:05:00,119342000.0,119444000.0,119305000.0,119410000.0,12.7090031,119596580.88263686,25.387365911799762,-56817.369220778346,-33216.00522303734,94285.71428571429,119642350.0,119908106.73482579,119376593.26517421
2026-05-07T08:10:00,119390000.0,119441000.0,119372000.0,119421000.0,9.10341257,119579858.8938143,29.866666666666674,-63512.77545796335,-39275.35927002254,91857.14285714286,119627600.0,119908462.13137786,119346737.86862214
2026-05-07T08:15:00,119420000.0,119421000.0,119349000.0,119380000.0,6.73229205,119560824.71345103,31.460674157303373,-71305.32706308365,-45681.352828634765,89500.0,119607600.0,119899518.0851216,119315681.9148784
2026-05-07T08:20:00,119356000.0,119421000.0,119342000.0,119405000.0,7.03085338,119545984.26455092,35.119887165021154,-74603.70422306657,-51465.82310752112,92714.28571428571,119586650.0,119873269.700355,119300030.299645
2026-05-07T08:25:00,119411000.0,119445000.0,119405000.0,119435000.0,5.55436918,119535414.3345937,38.27160493827161,-73944.55579599738,-55961.56964521638,89928.57142857143,119566950.0,119837123.02448228,119296776.97551772
2026-05-07T08:30:00,119435000.0,119436000.0,119424000.0,119435000.0,5.16030785,119525851.0646324,39.57446808510638,-72585.45596516132,-59286.34690920537,87285.71428571429,119548600.0,119800809.93761465,119296390.06238535
2026-05-07T08:35:00,119435000.0,119437000.0,119400000.0,119425000.0,4.74735432,119516246.20133407,41.64179104477612,-71491.1702747196,-61727.31158230822,85714.28571428571,119528700.0,119750751.77205709,119306648.22794291
2026-05-07T08:40:00,119425000.0,119425000.0,119400000.0,119403000.0,4.26070621,119505460.84882607,36.55913978494624,-71574.09549988806,-63696.66836582419,83357.14285714286,119512700.0,119721524.37849216,119303875.62150784
2026-05-07T08:45:00,119403000.0,119407000.0,119397000.0,119399000.0,4.27904073,119495321.72036643,36.55913978494624,-71142.49451676011,-65185.833596011376,83357.14285714286,119500450.0,119705554.82557388,119295345.17442612
2026-05-07T08:50:00,119398000.0,119399000.0,119393000.0,119394000.0,4.23102051,119485672.03271249,35.1937984496124,-70392.46531894803,-66227.1599405987,80000.0,119489350.0,119692140.29874027,119286559.70125973
2026-05-07T08:55:00,119394000.0,119395000.0,119392000.0,119394000.0,6.13885735,119476941.36293036,36.26198083067093,-69002.64226859808,-66782.25640619859,72928.57142857143,119478750.0,119677998.98467682,119279501.01532318
2026-05-07T09:00:00,119394000.0,119437000.0,119363000.0,119398000.0,15.58067592,119469423.13788937,27.056672760511887,-66808.30634860694,-66787.46639468026,70857.14285714286,119469550.0,119665693.3149511,119273406.6850489
2026-05-07T09:05:00,119398000.0,119438000.0,119359000.0,119360000.0,6.87028775,119459001.88666181,23.86759581881533,-67359.08810530603,-66901.79073680541,71857.14285714286,119460700.0,119659976.69206409,119261423.30793591
2026-05-07T09:10:00,119360000.0,119366000.0,119299000.0,119300000.0,11.87934023,119443858.84983687,43.217665615141954,-71809.31212432683,-67883.2950143097,50857.142857142855,119446800.0,119650362.5857465,119243237.4142535
2026-05-07T09:15:00,119320000.0,119325000.0,119295000.0,119298000.0,7.28200809,119429967.53080478,27.77777777777777,-74637.15929450095,-69234.06787034795,43071.42857142857,119433000.0,119637672.78121047,119228327.21878953
2026-05-07T09:20:00,119298000.0,119300000.0,119220000.0,119221000.0,5.93347184,119410065.86120433,18.55345911949685,-82144.59329627454,-71816.17295553327,43857.142857142855,119414800.0,119627153.82588601,119202446.17411399
2026-05-07T09:25:00,119221000.0,119221000.0,119102000.0,119102000.0,20.79897588,119380726.25537534,14.898989898989896,-96583.24280425906,-76769.58692527843,47214.28571428572,119391600.0,119633702.54460718,119149497.45539282
2026-05-07T09:30:00,119102000.0,119102000.0,118879000.0,118890000.0,47.73554845,119333990.42153007,5.831903945111492,-123706.59221588075,-86156.9879833989,57500.0,119353650.0,119656255.7188036,119051044.2811964
2026-05-07T09:35:00,118890000.0,118908000.0,118802000.0,118808000.0,12.35319564,119283896.09567006,0.6299212598425186,-150088.6284532994,-98943.316077379,62214.28571428572,119311050.0,119667212.86930798,118954887.13069202
2026-05-07T09:40:00,118808000.0,118834000.0,118770000.0,118770000.0,19.03513313,119234953.61036815,0.5943536404160596,-172079.24227516353,-113570.5013169359,65928.57142857143,119282400.0,119712294.67498325,118852505.32501675
2026-05-07T09:45:00,118770000.0,118942000.0,118760000.0,118938000.0,14.27950599,119206672.3141426,20.697954271961493,-173945.62926065922,-125645.52690568057,76285.71428571429,119258800.0,119710471.79514147,118807128.20485853
2026-05-07T09:50:00,118933000.0,118943000.0,118794000.0,118839000.0,9.74779596,119171655.90327188,18.942731277533042,-181323.04779049754,-136781.03108264398,85142.85714285714,119229700.0,119711368.63473162,118748031.36526838
2026-05-07T09:55:00,118839000.0,118839000.0,118805000.0,118805000.0,6.37437377,119136736.29343647,18.336886993603414,-187748.9677464664,-146974.61841540848,86857.14285714286,119200950.0,119712556.54084128,118689343.45915872
2026-05-07T10:00:00,118805000.0,118901000.0,118760000.0,118850000.0,9.84922181,119109428.07501394,22.188139059304703,-187054.18745273352,-154990.53222287347,96500.0,119173200.0,119698236.17920452,118648163.82079548
2026-05-07T10:05:00,118850000.0,118951000.0,118760000.0,118947000.0,8.6013714,119093958.73453642,29.20930232558139,-176640.28052799404,-159320.4818838976,109928.57142857143,119148800.0,119667932.71804748,118629667.28195252
2026-05-07T10:10:00,118947000.0,119003000.0,118945000.0,119001000.0,10.52021908,119085105.52172343,32.355555555555554,-162160.54968351126,-159888.4954438203,108785.71428571429,119127100.0,119631947.19939488,118622252.80060512
2026-05-07T10:15:00,119001000.0,119039000.0,118911000.0,118996000.0,10.78947824,119076619.28155929,33.33333333333333,-149366.90814228356,-157784.177983513,112285.71428571429,119105650.0,119593367.89732224,118617932.10267776
2026-05-07T10:20:00,118996000.0,119100000.0,118924000.0,119100000.0,6.09952808,119078846.01664889,41.19718309859155,-129344.91652859747,-152096.3256925299,120071.42857142857,119090500.0,119557720.4483629,118623279.5516371
2026-05-07T10:25:00,119100000.0,119144000.0,119072000.0,119127000.0,8.0631136,119083432.11030138,42.63565891472868,-110030.3086656928,-143683.1222871625,123071.42857142857,119076900.0,119521602.57357854,118632197.42642146
2026-05-07T10:30:00,119127000.0,119187000.0,119122000.0,119152000.0,5.98476392,119089962.38551077,46.88908926961226,-91649.57249200344,-133276.41232813068,122000.0,119064800.0,119485706.59046248,118643893.40953752
2026-05-07T10:35:00,119152000.0,119200000.0,119124000.0,119200000.0,5.1729777,119100442.15831928,54.72061657032755,-72375.21141585708,-121096.17214567596,118928.57142857143,119055100.0,119452339.36837816,118657860.63162184
2026-05-07T10:40:00,119200000.0,119235000.0,119199000.0,119235000.0,2.58349296,119113257.1908603,70.03484320557492,-53657.40474461019,-107608.4186654628,105571.42857142857,119046950.0,119420552.9274088,118673347.0725912
2026-05-07T10:45:00,119235000.0,119300000.0,119231000.0,119272000.0,4.6229206,119128375.55363551,78.43137254901961,-35429.409150376916,-93172.61676244563,102928.57142857143,119042550.0,119402450.84891903,118682649.15108097
2026-05-07T10:50:00,119272000.0,119272000.0,119122000.0,119134000.0,8.71235902,119128911.21519403,69.86899563318778,-31753.009079128504,-80888.69522578221,109071.42857142857,119034250.0,119376369.01591791,118692130.98408209
2026-05-07T10:55:00,119134000.0,119189000.0,119132000.0,119189000.0,1.94058802,119134633.95660412,65.62889165628891,-24123.316612154245,-69535.61950305662,100142.85714285714,119028800.0,119356392.55823436,118701207.44176564
2026-05-07T11:00:00,119189000.0,119237000.0,119175000.0,119189000.0,4.68423703,119139811.67502278,74.85795454545455,-17870.727737873793,-59202.641150020056,93928.57142857143,119027200.0,119351132.15663974,118703267.84336026
2026-05-07T11:05:00,119189000.0,119198000.0,119020000.0,119022000.0,8.49781944,119128591.5154968,62.96296296296296,-26090.25807583332,-52580.16453518272,104214.28571428571,119023200.0,119345213.14128138,118701186.85871862
2026-05-07T11:10:00,119020000.0,119020000.0,118933000.0,118951000.0,6.39631549,119111678.03783044,55.85168018539977,-37896.55383263528,-49643.442394673235,100500.0,119026250.0,119344079.3981302,118708420.6018698
2026-05-07T11:15:00,118951000.0,118951000.0,118924000.0,118928000.0,4.17259177,119094184.8913704,48.79594423320659,-48549.388926029205,-49424.63170094443,88785.71428571429,119032250.0,119336992.77332653,118727507.22667347
2026-05-07T11:20:00,118944000.0,118998000.0,118907000.0,118934000.0,6.82611711,119078929.18743035,45.47908232118758,-55863.72537897527,-50712.45043655061,91142.85714285714,119040450.0,119323537.09836933,118757362.90163067
2026-05-07T11:25:00,118934000.0,118945000.0,118879000.0,118879000.0,5.18320539,119059888.31243698,42.604298356510746,-65345.17159847915,-53638.99466893631,86714.28571428571,119037500.0,119326255.22323826,118748744.77676174
2026-05-07T11:30:00,118880000.0,119000000.0,118816000.0,118990000.0,6.33210884,119053232.28268108,43.1077694235589,-63174.27992887795,-55546.051720924646,87285.71428571429,119045050.0,119319493.72445866,118770606.27554134
2026-05-07T11:35:00,118990000.0,118990000.0,118818000.0,118899000.0,3.8702393,119038543.49385431,36.774941995359626,-68012.76332244277,-58039.394041228275,94428.57142857143,119049750.0,119309722.36695263,118789777.63304737
2026-05-07T11:40:00,118899000.0,118956000.0,118892000.0,118918000.0,2.45712543,119027063.16110629,36.331775700934585,-69512.85414849222,-60334.08606268107,94357.14285714286,119053150.0,119303731.87022252,118802568.12977748
2026-05-07T11:45:00,118910000.0,119037000.0,118900000.0,119037000.0,6.43583971,119028009.52671522,41.208198489751894,-60403.09221278131,-60347.88729270112,98714.28571428571,119057650.0,119303391.22032827,118811908.77967173
2026-05-07T11:50:00,119036000.0,119114000.0,118899000.0,119059000.0,4.49897557,119030961.00036138,40.371991247264766,-50822.47426073253,-58442.804686307405,111500.0,119060550.0,119304841.00420779,118816258.99579221
2026-05-07T11:55:00,119060000.0,119115000.0,119059000.0,119101000.0,1.62093993,119037631.38127935,40.69640914036997,-39386.69125829637,-54631.5820007052,110571.42857142857,119065800.0,119308759.47247054,118822840.52752946
2026-05-07T12:00:00,119101000.0,119115000.0,119061000.0,119061000.0,2.95797636,119039856.96401465,45.55420219244823,-33169.064219236374,-50339.07844441144,103714.28571428571,119063850.0,119306279.1757672,118821420.8242328
2026-05-07T12:05:00,119101000.0,119101000.0,119000000.0,119000000.0,3.06163584,119036061.06267992,38.57315598548973,-32785.80583573878,-46828.42392267691,106857.14285714286,119057500.0,119299617.41388275,118815382.58611725
2026-05-07T12:10:00,119030000.0,119068000.0,119000000.0,119000000.0,4.4921349,119032626.67575802,38.57315598548973,-32111.904756501317,-43885.12008944179,107285.71428571429,119049900.0,119289051.92264599,118810748.07735401
2026-05-07T12:15:00,119001000.0,119044000.0,118972000.0,118999000.0,3.806651,119029424.13520963,48.26021180030257,-31297.7440276891,-41367.64487709126,99714.28571428571,119039850.0,119269132.88663848,118810567.11336152
2026-05-07T12:20:00,118972000.0,119000000.0,118823000.0,118826000.0,7.53310548,119010050.40804681,41.808650065530806,-44103.76916576922,-41914.869734826854,106000.0,119019400.0,119248354.05192909,118790445.94807091
2026-05-07T12:25:00,118827000.0,118949000.0,118825000.0,118870000.0,5.66046011,118996712.27394712,46.30102040816327,-50124.40117804706,-43556.7760234709,112928.57142857143,118999300.0,119204202.13325033,118794397.86674967
2026-05-07T12:30:00,118870000.0,118892000.0,118834000.0,118870000.0,7.56198208,118984644.4383331,45.88688946015424,-54270.20231384039,-45699.4612815448,110571.42857142857,118986100.0,119188463.82035701,118783736.17964299
2026-05-07T12:35:00,118870000.0,118910000.0,118870000.0,118908000.0,3.17073495,118977344.96801566,51.9053876478318,-53868.534231469035,-47333.27587152965,108714.28571428571,118972050.0,119152983.80586632,118791116.19413368
2026-05-07T12:40:00,118908000.0,118910000.0,118881000.0,118900000.0,1.66296252,118969978.78058559,43.16109422492401,-53578.12722411752,-48582.246142047225,97642.85714285714,118957600.0,119109395.43020654,118805804.56979346
2026-05-07T12:45:00,118900000.0,118900000.0,118835000.0,118852000.0,2.38193299,118958742.7062441,46.17886178861789,-56569.08324715495,-50179.61356306877,90000.0,118949100.0,119104702.59773237,118793497.40226763
2026-05-07T12:50:00,118852000.0,118868000.0,118813000.0,118820000.0,7.86709934,118945529.11517324,42.19745222929936,-60820.46949599683,-52307.78474965439,89357.14285714286,118942550.0,119108500.49991205,118776599.50008795
2026-05-07T12:55:00,118820000.0,118820000.0,118779000.0,118790000.0,6.99325328,118930716.81849007,27.087198515769956,-65851.37929782271,-55016.50365928806,82500.0,118935650.0,119115076.30799302,118756223.69200698
2026-05-07T13:00:00,118790000.0,118790000.0,118750000.0,118756000.0,6.69206807,118914077.12149101,22.50453720508166,-71754.78293974698,-58364.15951537985,70000.0,118926750.0,119123356.87464558,118730143.12535442
2026-05-07T13:05:00,118755000.0,118756000.0,118685000.0,118685000.0,20.86218823,118892260.25277758,14.137931034482762,-81226.05607300997,-62936.538826905875,71071.42857142857,118917050.0,119140839.82150789,118693260.17849211
2026-05-07T13:10:00,118685000.0,118800000.0,118680000.0,118778000.0,7.22277333,118881378.32394162,27.64612954186414,-80302.11273212731,-66409.65360795017,75785.71428571429,118906450.0,119135707.35940665,118677192.64059335
2026-05-07T13:15:00,118764000.0,118841000.0,118730000.0,118841000.0,3.48460934,118877532.76928051,37.480314960629926,-73637.46068181098,-67855.21502272233,76500.0,118903550.0,119134663.98418143,118672436.01581857
2026-05-07T13:20:00,118839000.0,118897000.0,118813000.0,118867000.0,5.30783404,118876529.64839666,39.93948562783661,-65502.61977991462,-67384.69597416079,77642.85714285714,118901000.0,119132567.6552271,118669432.3447729
2026-05-07T13:25:00,118867000.0,118910000.0,118852000.0,118900000.0,6.49042518,118878764.91997793,42.857142857142854,-55750.22169686854,-65057.80111870234,76642.85714285714,118894150.0,119116708.59074813,118671591.40925187
2026-05-07T13:30:00,118900000.0,118969000.0,118881000.0,118881000.0,4.86917108,118878977.78474194,55.102040816326536,-48989.79332189262,-61844.19955934039,70285.71428571429,118885250.0,119093850.22203149,118676649.77796851
2026-05-07T13:35:00,118881000.0,118913000.0,118822000.0,118847000.0,3.23659129,118875932.2814332,47.82608695652174,-45847.12387342751,-58644.78442215782,67928.57142857143,118872550.0,119055151.63716337,118689948.36283663
2026-05-07T13:40:00,118822000.0,118847000.0,118800000.0,118811000.0,2.2940349,118869748.25463003,44.7787610619469,-45734.23899075389,-56062.67533587704,67142.85714285714,118860050.0,119021315.35830575,118698784.64169425
2026-05-07T13:45:00,118811000.0,118843000.0,118800000.0,118813000.0,5.61796662,118864343.65895097,41.02079395085066,-44965.06435057521,-53843.15313881668,67357.14285714286,118850700.0,118998960.22641575,118702439.77358425
2026-05-07T13:50:00,118843000.0,118939000.0,118803000.0,118878000.0,2.22592748,118865644.2628604,48.12286689419795,-38664.82707579434,-50807.48792621221,75000.0,118844600.0,118976086.08091235,118713113.91908765
2026-05-07T13:55:00,118878000.0,118941000.0,118878000.0,118941000.0,2.82234261,118872820.99973084,57.40432612312812,-28262.477905228734,-46298.48592201552,74857.14285714286,118841700.0,118960825.05591762,118722574.94408238
2026-05-07T14:00:00,118941000.0,119000000.0,118933000.0,118970000.0,3.33663509,118882076.14261362,62.54180602006689,-17477.019405156374,-40534.1926186437,75714.28571428571,118848900.0,118980756.22153658,118717043.77846342
2026-05-07T14:05:00,118939000.0,118970000.0,118935000.0,118969000.0,2.60886986,118890354.60522185,65.72934973637962,-8907.477624118328,-34208.84961973863,75285.71428571429,118853850.0,118996067.43915571,118711632.56084429
2026-05-07T14:10:00,118936000.0,119115000.0,118933000.0,119114000.0,5.45317874,118911654.1666293,76.32352941176471,9475.01212027669,-25472.077271735565,85428.57142857143,118866050.0,119049876.54868111,118682223.45131889
2026-05-07T14:15:00,119100000.0,119127000.0,119100000.0,119127000.0,3.22920294,118932163.29361698,85.53054662379421,24806.30736593902,-15416.400344200647,82285.71428571429,118877000.0,119094376.70431525,118659623.29568475
2026-05-07T14:20:00,119122000.0,119127000.0,118964000.0,119040000.0,6.75722754,118942433.45612964,71.26623376623377,29595.1420186311,-6414.091871634297,85357.14285714286,118884000.0,119113190.79617785,118654809.20382215
2026-05-07T14:25:00,119020000.0,119076000.0,118935000.0,119004000.0,3.08501544,118948296.93649824,63.83701188455009,30138.016552582383,896.3298132090395,87500.0,118891600.0,119126336.49280126,118656863.50719874
2026-05-07T14:30:00,119004000.0,119048000.0,118975000.0,118976000.0,2.45229884,118950935.3234984,59.22165820642978,27986.274189680815,6314.318688503395,86714.28571428571,118899400.0,119134486.00889665,118664313.99110335
2026-05-07T14:35:00,119007000.0,119007000.0,118964000.0,118996000.0,3.7949648,118955227.19745094,58.3044982698962,27576.945851907134,10566.844121184142,85642.85714285714,118909700.0,119142645.5323732,118676754.4676268
2026-05-07T14:40:00,119005000.0,119005000.0,118964000.0,118999000.0,2.05166055,118959396.03578894,60.4982206405694,27181.296061888337,13889.734509324982,82285.71428571429,118921850.0,119146232.45076327,118697467.54923673
2026-05-07T14:45:00,118999000.0,119000000.0,118965000.0,118999000.0,2.67095765,118963167.84190427,64.3939393939394,26561.555672988296,16424.098742057646,78285.71428571429,118937550.0,119134406.85421808,118740693.14578192
2026-05-07T14:50:00,118999000.0,119019000.0,118968000.0,119019000.0,5.016694,118968485.19029433,70.3125,27368.74989053607,18613.02897175333,78571.42857142857,118949600.0,119134474.80828077,118764725.19171923
2026-05-07T14:55:00,119019000.0,119047000.0,119001000.0,119018000.0,2.87853846,118973200.88645676,70.0587084148728,27609.50034713745,20412.323246830158,78785.71428571429,118958450.0,119138313.6618167,118778586.3381833
2026-05-07T15:00:00,119018000.0,119038000.0,119000000.0,119001000.0,1.9780474,118975848.42107992,63.2829373650108,26127.358963042498,21555.330390072624,71785.71428571429,118965150.0,119140599.22792351,118789700.77207649
2026-05-07T15:05:00,119000000.0,119018000.0,118900000.0,118900000.0,9.448275,118968624.76192945,45.90818363273453,16611.40934343636,20566.546180745376,75714.28571428571,118965150.0,119140599.22792351,118789700.77207649
2026-05-07T15:10:00,118900000.0,118944000.0,118804000.0,118808000.0,4.74422115,118953327.16555521,35.63829787234043,1627.5581104755402,16778.74856669141,80928.57142857143,118961500.0,119147065.99053198,118775934.00946802
2026-05-07T15:15:00,118805000.0,118891000.0,118800000.0,118891000.0,4.92991713,118947391.24502614,43.962848297213625,-3509.391523450613,12721.120548663006,84928.57142857143,118963700.0,119144533.27593178,118782866.72406822
2026-05-07T15:20:00,118891000.0,118988000.0,118870000.0,118964000.0,2.72138506,118948973.03121413,36.933797909407666,-1670.7122734040022,9842.753984249604,80357.14285714286,118971350.0,119137318.00579442,118805381.99420558
2026-05-07T15:25:00,118964000.0,118999000.0,118919000.0,118999000.0,1.40889622,118953737.50443183,39.261744966442954,2580.9106407165527,8390.385315542995,84142.85714285714,118980650.0,119129187.11214447,118832112.88785553
2026-05-07T15:30:00,118998000.0,119250000.0,118929000.0,119249000.0,4.21239879,118981857.74210498,63.76811594202899,25825.562090352178,11877.420670504831,95428.57142857143,118999200.0,119182384.23283106,118816015.76716894
2026-05-07T15:35:00,119239000.0,119380000.0,119239000.0,119376000.0,10.67902925,119019395.09999974,71.88235294117646,53873.92932763696,20276.722401931256,95428.57142857143,119020950.0,119267408.25951715,118774491.74048285
2026-05-07T15:40:00,119376000.0,119495000.0,119354000.0,119484000.0,5.03537339,119063643.18571405,77.31182795698925,83850.58252689242,32991.49442692349,100285.71428571429,119046650.0,119366890.87973374,118726409.12026626
2026-05-07T15:45:00,119483000.0,119483000.0,119424000.0,119452000.0,4.26991985,119100629.54897939,74.20382165605096,103828.29563142359,47158.854667823514,101500.0,119070800.0,119436067.65961128,118705532.34038872
2026-05-07T15:50:00,119452000.0,119483000.0,119433000.0,119483000.0,5.26617671,119137045.78240992,74.94845360824742,120770.05609074235,61881.094952407286,102142.85714285714,119089250.0,119498352.16199304,118680147.83800696
2026-05-07T15:55:00,119482000.0,119572000.0,119456000.0,119562000.0,6.23244283,119177517.6126566,76.83508102955196,138969.21250654757,77298.71846323535,107928.57142857143,119111000.0,119571568.9844895,118650431.0155105
2026-05-07T16:00:00,119559000.0,119562000.0,119405000.0,119431000.0,3.84513298,119201658.7924036,67.75862068965517,141193.9736584574,90077.76950227976,115500.0,119130550.0,119611186.19024001,118649913.80975999
2026-05-07T16:05:00,119431000.0,119572000.0,119405000.0,119495000.0,30.59546821,119229596.05026992,69.50122649223222,146433.38511756063,101348.89262533592,124142.85714285714,119155100.0,119658155.46413891,118652044.53586109
2026-05-07T16:10:00,119435000.0,119720000.0,119425000.0,119720000.0,5.51226252,119276301.18833944,75.12229210342419,166818.29853858054,114442.77380798486,142500.0,119192300.0,119746976.99467443,118637623.00532557
2026-05-07T16:15:00,119707000.0,119800000.0,119601000.0,119668000.0,10.08310558,119313605.837069,77.78581765557163,176740.17317284644,126902.25368095719,148285.7142857143,119225900.0,119811084.4153769,118640715.5846231
2026-05-07T16:20:00,119668000.0,119787000.0,119637000.0,119696000.0,4.39912371,119350024.32877672,83.68740515933231,184733.20688149333,138468.44432106442,149000.0,119260750.0,119871498.24686825,118650001.75313175
2026-05-07T16:25:00,119696000.0,119699000.0,119656000.0,119690000.0,3.11588013,119382402.96413131,82.1917808219178,188411.7010192573,148457.09566070302,145571.42857142858,119295300.0,119921681.79041894,118668918.20958106
2026-05-07T16:30:00,119690000.0,119800000.0,119690000.0,119800000.0,3.94007787,119422174.11040452,82.7073552425665,197921.49897880852,158349.97632432415,145000.0,119334350.0,119985108.99815847,118683591.00184153
2026-05-07T16:35:00,119794000.0,119804000.0,119749000.0,119750000.0,6.24788358,119453395.62369934,79.04098994586234,199128.0757393837,166505.59620733606,143214.2857142857,119370950.0,120029091.07430263,118712808.92569737
2026-05-07T16:40:00,119751000.0,119764000.0,119679000.0,119712000.0,7.06391226,119478024.61191845,71.41535615171138,194772.79456047714,172159.03587796428,126357.14285714286,119406500.0,120057270.71716219,118755729.28283781
2026-05-07T16:45:00,119702000.0,119712000.0,119592000.0,119592000.0,5.03605804,119488879.41078335,60.055865921787706,179568.25466747582,173640.87963586661,124857.14285714286,119441100.0,120050769.76393178,118831430.23606822
2026-05-07T16:50:00,119592000.0,119691000.0,119592000.0,119592000.0,3.50050592,119498700.41928017,55.59006211180124,165609.503985852,172034.6045058637,121857.14285714286,119480300.0,120014751.84904477,118945848.15095523
2026-05-07T16:55:00,119592000.0,119597000.0,119592000.0,119595000.0,2.15389528,119507871.80792016,57.6307363927428,153025.18930384517,168232.72146546002,117928.57142857143,119515500.0,119973845.99663527,119057154.00336473
2026-05-07T17:00:00,119595000.0,119649000.0,119500000.0,119648000.0,6.54554402,119521217.35002299,58.60271115745568,145649.7269255817,163716.12255748437,125000.0,119549700.0,119930252.56224546,119169147.43775454
2026-05-07T17:05:00,119649000.0,119678000.0,119596000.0,119674000.0,3.09831302,119535768.07859223,56.18101545253863,140285.4788865,159029.9938232875,122571.42857142857,119583450.0,119865284.19911267,119301615.80088733
2026-05-07T17:10:00,119678000.0,119690000.0,119597000.0,119601000.0,7.3504225,119541980.64253584,60.02358490566037,128660.66371187568,152956.12780100515,118000.0,119601050.0,119834806.93628888,119367293.06371112
2026-05-07T17:15:00,119601000.0,119625000.0,119458000.0,119458000.0,4.75399909,119533982.48610386,48.00431499460626,106679.27673786879,143700.75758837786,118000.0,119605150.0,119824733.60115169,119385566.39884831
2026-05-07T17:20:00,119458000.0,119470000.0,119399000.0,119470000.0,8.12544683,119527888.91599873,32.49299719887955,89198.9390603751,132800.3938827773,102000.0,119604450.0,119825742.3524733,119383157.6475267
2026-05-07T17:25:00,119459000.0,119502000.0,119442000.0,119447000.0,1.69167004,119520185.20971313,33.86861313868613,72652.24784226716,120770.76467467529,92071.42857142857,119604200.0,119826227.59430212,119382172.40569788
2026-05-07T17:30:00,119446000.0,119549000.0,119446000.0,119447000.0,2.24925847,119513215.18974045,31.05022831050229,58860.370131880045,108388.68576611625,88714.28571428571,119602400.0,119829099.33717082,119375700.66282918
2026-05-07T17:35:00,119447000.0,119474000.0,119353000.0,119353000.0,3.50123487,119497956.60024136,27.382550335570457,39885.418989762664,94688.03241084554,94285.71428571429,119591950.0,119844306.86928177,119339593.13071823
2026-05-07T17:40:00,119353000.0,119357000.0,119280000.0,119280000.0,4.92981646,119477198.8287898,13.276836158192097,18741.107764571905,79498.64748159082,91928.57142857143,119584400.0,119864537.86079828,119304262.13920172
2026-05-07T17:45:00,119280000.0,119280000.0,119173000.0,119194000.0,3.63311432,119450227.5117622,12.634408602150529,-4898.920776695013,62619.13382993365,95642.85714285714,119569350.0,119897873.50712977,119240826.49287023
2026-05-07T17:50:00,119197000.0,119290000.0,119176000.0,119283000.0,2.16668511,119434301.08207056,23.018867924528294,-16264.767402738333,46842.35358339926,97714.28571428571,119547500.0,119891595.76390424,119203404.23609576
2026-05-07T17:55:00,119290000.0,119291000.0,119241000.0,119241000.0,4.6474867,119415891.45520669,25.523012552301253,-28334.706868693233,31806.941492980764,92714.28571428571,119526150.0,119891119.94829424,119161180.05170576
2026-05-07T18:00:00,119241000.0,119260000.0,119129000.0,119129000.0,2.59921086,119388568.45947272,22.074788902291914,-46402.78244039416,16164.996706305781,95000.0,119497800.0,119893970.93599395,119101629.06400605
2026-05-07T18:05:00,119129000.0,119129000.0,119110000.0,119111000.0,1.96586642,119362133.36809435,21.32701421800948,-61465.77290323377,638.8427843978716,96000.0,119468850.0,119889733.91948876,119047966.08051124
2026-05-07T18:10:00,119110000.0,119112000.0,119075000.0,119075000.0,2.60057659,119334787.33303775,15.35671100362758,-75438.59138092399,-14576.644048666501,88000.0,119432600.0,119858252.88551515,119006947.11448485
2026-05-07T18:15:00,119076000.0,119159000.0,119068000.0,119112000.0,3.19562263,119313569.49179606,16.46778042959427,-82574.69028642774,-28176.25329621875,88642.85714285714,119400700.0,119821800.363084,118979599.636916
2026-05-07T18:20:00,119112000.0,119159000.0,119000000.0,119001000.0,3.98028536,119283800.96876787,15.753424657534254,-96079.32971055806,-41756.868579086615,93357.14285714286,119365150.0,119795540.89943422,118934759.10056578
2026-05-07T18:25:00,119001000.0,119008000.0,118942000.0,118949000.0,7.72786581,119251915.16221856,17.579617834394895,-109713.11467577517,-55348.117798424326,86142.85714285714,119333000.0,119787433.13444798,118878566.86555202
2026-05-07T18:30:00,118942000.0,119007000.0,118942000.0,118994000.0,6.56132036,119227351.81343584,20.904645476772615,-115554.81953828037,-67389.45814639554,85714.28571428571,119303100.0,119764420.71273682,118841779.28726318
2026-05-07T18:35:00,119000000.0,119001000.0,118845000.0,118850000.0,7.18671997,119191413.54548956,18.21086261980831,-130301.96927912533,-79971.96037294151,92571.42857142857,119265850.0,119747780.88606913,118783919.11393087
2026-05-07T18:40:00,118847000.0,118858000.0,118766000.0,118809000.0,9.24749887,119154993.20782389,17.448979591836732,-143641.73652018607,-92705.91560239042,91785.71428571429,119223900.0,119711795.54533517,118736004.45466483
2026-05-07T18:45:00,118809000.0,118857000.0,118794000.0,118855000.0,2.88576465,119126422.42612638,23.28326180257511,-148786.66257493198,-103922.06499689874,87642.85714285714,119182950.0,119648762.01313293,118717137.98686707
2026-05-07T18:50:00,118856000.0,118930000.0,118821000.0,118867000.0,4.57631094,119101715.52840006,26.291618828932258,-150164.74808704853,-113170.60161492872,89928.57142857143,119146250.0,119588440.65904582,118704059.34095418
2026-05-07T18:55:00,118918000.0,118925000.0,118862000.0,118884000.0,2.27451277,119080980.71617149,30.67331670822942,-148177.04017674923,-120171.88932729283,86785.71428571429,119117550.0,119548923.07092099,118686176.92907901
2026-05-07T19:00:00,118910000.0,119000000.0,118872000.0,118999000.0,3.39557945,119073173.02891706,32.850241545893724,-135757.30275212228,-123288.97201225872,87785.71428571429,119094000.0,119494692.55834842,118693307.44165158
2026-05-07T19:05:00,118923000.0,119001000.0,118923000.0,118939000.0,3.37767302,119060394.64521067,32.15130023640663,-129265.97225987911,-124484.37206178281,89785.71428571429,119068600.0,119438278.89337982,118698921.10662018
2026-05-07T19:10:00,118967000.0,118967000.0,118800000.0,118834000.0,13.40472689,119038833.25042869,32.41954707985697,-131083.12389974296,-125804.12242937484,92357.14285714286,119037950.0,119375809.81209902,118700090.18790098
2026-05-07T19:15:00,118811000.0,118880000.0,118807000.0,118818000.0,3.9696997,119017801.51229262,32.49701314217444,-132289.34670704603,-127101.16728490908,96214.28571428571,119011200.0,119328099.1870246,118694300.8129754
2026-05-07T19:20:00,118816000.0,118818000.0,118770000.0,118770000.0,9.10269502,118994201.36826475,32.037691401649,-135555.8819924593,-128792.11022641914,97000.0,118985700.0,119293472.36974582,118677927.63025418
2026-05-07T19:25:00,118770000.0,118770000.0,118600000.0,118605000.0,30.85000102,118957134.57128716,24.05322415557829,-149732.7300708592,-132980.23419530716,102642.85714285714,118956250.0,119291585.10340995,118620914.89659005
2026-05-07T19:30:00,118605000.0,118762000.0,118600000.0,118703000.0,7.87652301,118932931.2787836,34.5435684647303,-151315.92751041055,-136647.37285832784,102857.14285714286,118927250.0,119243373.14389376,118611126.85610624
2026-05-07T19:35:00,118703000.0,118760000.0,118626000.0,118758000.0,4.95900445,118916271.15699469,40.124095139607036,-146444.46194297075,-138606.79067525643,107714.28571428571,118903100.0,119190823.47836076,118615376.52163924
2026-05-07T19:40:00,118758000.0,118924000.0,118747000.0,118900000.0,6.40020195,118914721.52299519,45.58270676691729,-129631.2685560286,-136811.68625141087,115714.28571428571,118891650.0,119159028.91504481,118624271.08495519
2026-05-07T19:45:00,118924000.0,118926000.0,118829000.0,118833000.0,3.43584801,118906938.52080517,49.1388044579534,-120325.98862545192,-133514.54672621907,111500.0,118877750.0,119125283.41082306,118630216.58917694
2026-05-07T19:50:00,118833000.0,118858000.0,118832000.0,118836000.0,3.45515676,118900182.47120467,51.422550052687036,-111424.974564448,-129096.63229386485,106785.71428571429,118865800.0,119095685.64662965,118635914.35337035
2026-05-07T19:55:00,118836000.0,118882000.0,118836000.0,118839000.0,1.17280128,118894355.56918518,49.11699779249449,-102942.12908002734,-123865.73165109736,105571.42857142857,118852150.0,119050778.21657827,118653521.78342173
2026-05-07T20:00:00,118858000.0,118969000.0,118838000.0,118964000.0,2.50253203,118900988.37211993,54.759568204121685,-85151.38542038202,-116122.8624049543,107142.85714285714,118850300.0,119043711.5873087,118656888.4126913
2026-05-07T20:05:00,118964000.0,119141000.0,118913000.0,118939000.0,3.8552423,118904608.52715613,52.67770204479065,-72236.68442867696,-107345.62680969884,118928.57142857143,118849800.0,119042186.2343254,118657413.7656746
2026-05-07T20:10:00,118922000.0,118999000.0,118922000.0,118964000.0,1.59539223,118910264.85790317,48.13233724653148,-59300.81687760353,-97736.66482327977,115285.71428571429,118848300.0,119036371.76681708,118660228.23318292
2026-05-07T20:15:00,118964000.0,119044000.0,118918000.0,118919000.0,4.43443371,118911096.7761981,48.915401301518436,-52079.8287179023,-88605.29760220429,118714.28571428571,118851750.0,119042465.96406011,118661034.03593989
2026-05-07T20:20:00,118918000.0,118968000.0,118918000.0,118968000.0,1.56938384,118916516.1308459,57.73672055427252,-41920.025131613016,-79268.24310808603,110357.14285714286,118859700.0,119056084.26349221,118663315.73650779
2026-05-07T20:25:00,118968000.0,118968000.0,118920000.0,118930000.0,3.30073161,118917800.30886059,56.306306306306304,-36513.68300408125,-70717.33108728507,108571.42857142857,118863450.0,119062305.11784902,118664594.88215098
2026-05-07T20:30:00,118921000.0,118931000.0,118919000.0,118931000.0,1.26594302,118919057.42230244,59.571938168846614,-31782.062442585826,-62930.27735834522,106000.0,118866650.0,119067792.29056229,118665507.70943771
2026-05-07T20:35:00,118927000.0,118931000.0,118918000.0,118919000.0,1.70364265,118919051.95351173,72.81976744186046,-28670.028527528048,-56078.22759218179,94785.71428571429,118868400.0,119070783.06565316,118666016.93434684
2026-05-07T20:40:00,118919000.0,119045000.0,118918000.0,119045000.0,4.02076046,118931047.00555822,73.88268156424581,-15853.819294646382,-48033.34593267471,92285.71428571429,118870700.0,119080250.99869159,118661149.00130841
2026-05-07T20:45:00,119045000.0,119055000.0,118906000.0,118906000.0,5.23363112,118928661.57645744,59.25,-16720.2785076797,-41770.732447675706,93357.14285714286,118869050.0,119076848.96661516,118661251.03338484
2026-05-07T20:50:00,118911000.0,118941000.0,118800000.0,118891000.0,5.34581187,118925074.75965196,49.33135215453195,-18405.16503061354,-37097.618964263274,90785.71428571429,118871900.0,119079237.91386606,118664562.08613394
2026-05-07T20:55:00,118891000.0,118951000.0,118836000.0,118841000.0,3.96739556,118917067.63968511,50.609756097560975,-23504.091337397695,-34378.91343889016,92071.42857142857,118873050.0,119079381.84819354,118666718.15180646
2026-05-07T21:00:00,118870000.0,118951000.0,118837000.0,118901000.0,3.79661689,118915537.38828653,54.558204768583444,-22444.79894144833,-31992.090539401794,98357.14285714286,118879600.0,119080400.9226232,118678799.0773768
2026-05-07T21:05:00,118949000.0,118949000.0,118852000.0,118917000.0,3.09831239,118915676.68464018,55.37190082644628,-20082.734540715814,-29610.2193396646,102000.0,118895200.0,119049200.13670538,118741199.86329462
2026-05-07T21:10:00,118941000.0,119068000.0,118894000.0,119067000.0,2.35055069,118930088.42896016,56.857523302263644,-6037.439246252179,-24895.663320982116,105071.42857142857,118913400.0,119057476.58782019,118769323.41217981
2026-05-07T21:15:00,119067000.0,119069000.0,119001000.0,119004000.0,2.981132,118937127.62620205,54.119138149556406,9.871189549565315,-19914.55641887578,93642.85714285714,118925700.0,119055180.09397916,118796219.90602084
2026-05-07T21:20:00,119004000.0,119037000.0,118990000.0,119005000.0,3.02042096,118943591.66180184,52.6797385620915,4827.45205873251,-14966.154723354124,91500.0,118930950.0,119064493.56671341,118797406.43328659
2026-05-07T21:25:00,119002000.0,119099000.0,119002000.0,119070000.0,1.87747025,118955630.55115405,59.61783439490446,13732.081491187215,-9226.507480445856,89428.57142857143,118942800.0,119081700.34291956,118803899.65708044
2026-05-07T21:30:00,119071000.0,119095000.0,119070000.0,119089000.0,4.44620842,118968332.40342508,58.01324503311259,22067.82157087326,-2967.6416701820335,87642.85714285714,118955450.0,119099387.81552064,118811512.18447936
2026-05-07T21:35:00,119090000.0,119098000.0,119002000.0,119013000.0,8.11906759,118972586.46024175,55.23329129886507,22284.508851841092,2082.7884342225916,91071.42857142857,118964150.0,119099212.20788959,118829087.79211041
2026-05-07T21:40:00,119013000.0,119064000.0,118999000.0,119014000.0,2.43843622,118976530.6068854,55.23329129886507,22280.09565202892,6122.249877783857,94857.14285714286,118966650.0,119103539.1599261,118829760.8400739
2026-05-07T21:45:00,119014000.0,119100000.0,119008000.0,119044000.0,2.7164442,118982956.26337251,57.706535141800245,24415.89618603885,9780.979139434858,100500.0,118971900.0,119112332.26499863,118831467.73500137
2026-05-07T21:50:00,119020000.0,119120000.0,119001000.0,119116000.0,2.46433979,118995627.09543228,54.689564068692206,31554.590095192194,14135.701330586326,99928.57142857143,118979500.0,119133890.48239009,118825109.51760991
2026-05-07T21:55:00,119116000.0,119193000.0,119095000.0,119138000.0,3.48220614,119009186.41967683,68.125,38542.97318533063,19017.155701535186,96285.71428571429,118990450.0,119157332.84576474,118823567.15423526
2026-05-07T22:00:00,119139000.0,119155000.0,119052000.0,119118000.0,2.24066018,119019549.61780284,67.59689922480621,41983.52434501052,23610.42943023025,93571.42857142857,118997950.0,119173824.92565371,118822075.07434629
2026-05-07T22:05:00,119118000.0,119140000.0,119000000.0,119001000.0,3.4462712,119017782.98753591,61.235955056179776,34867.33480519056,25861.810505222315,95357.14285714286,119001500.0,119174441.73037551,118828558.26962449
2026-05-07T22:10:00,119001000.0,119031000.0,118890000.0,118930000.0,4.73752959,119009422.70300868,52.00553250345782,23230.806421518326,25335.60968848152,97285.71428571429,119001450.0,119174478.10845582,118828421.89154418
2026-05-07T22:15:00,118930000.0,119000000.0,118870000.0,119000000.0,2.74048198,119008525.30272214,55.34105534105534,19433.175278514624,24155.122806488143,99642.85714285714,119005500.0,119174138.51092924,118836861.48907076
2026-05-07T22:20:00,118982000.0,119093000.0,118982000.0,119093000.0,3.16889869,119016570.5119867,51.80555555555556,23655.165975257754,24055.131440242065,95142.85714285714,119007900.0,119180231.25995566,118835568.74004434
2026-05-07T22:25:00,119093000.0,119094000.0,118920000.0,118920000.0,3.89973117,119007373.32036892,44.93975903614458,12892.84910261631,21822.674972716915,102714.28571428571,119008600.0,119179294.43304835,118837905.56695165
2026-05-07T22:30:00,118920000.0,118921000.0,118752000.0,118781000.0,6.77864305,118985813.95652427,38.429752066115704,-6774.411684811115,16103.257641211312,111428.57142857143,119003100.0,119195462.4867686,118810737.5132314
2026-05-07T22:35:00,118781000.0,118781000.0,118625000.0,118672000.0,6.68424115,118955926.91304576,30.33596837944664,-30801.189661458135,6722.368180677422,115642.85714285714,118994650.0,119227566.76850893,118761733.23149107
2026-05-07T22:40:00,118672000.0,118672000.0,118532000.0,118532000.0,18.99372018,118915552.92132713,25.419240953221532,-60442.6688208133,-6710.639219620723,123857.14285714286,118976200.0,119286091.39014213,118666308.60985787
2026-05-07T22:45:00,118531000.0,118564000.0,118255000.0,118273000.0,51.01936835,118854357.40501027,21.884498480243153,-103638.21324683726,-26096.154025064032,139071.42857142858,118944000.0,119385624.751404,118502375.248596
2026-05-07T22:50:00,118255000.0,118493000.0,118200000.0,118488000.0,17.9404356,118819466.22358072,32.810457516339866,-119148.81684845686,-44706.6865897426,155357.14285714287,118915050.0,119396811.88702458,118433288.11297542
2026-05-07T22:55:00,118488000.0,118583000.0,118452000.0,118552000.0,6.83935078,118793993.24990638,34.27109974424552,-124837.76477739215,-60732.90222727251,158142.85714285713,118892450.0,119398440.83619745,118386459.16380255
2026-05-07T23:00:00,118525000.0,118566000.0,118441000.0,118480000.0,5.31972571,118764089.13086767,29.667519181585675,-133615.85486669838,-75309.4927551577,158571.42857142858,118866200.0,119401244.15951544,118331155.84048456
2026-05-07T23:05:00,118480000.0,118480000.0,118394000.0,118400000.0,15.00775425,118729413.97554694,27.250308261405678,-145352.3544538617,-89318.0650948985,157714.2857142857,118832700.0,119397110.48891743,118268289.51108257
2026-05-07T23:10:00,118400000.0,118620000.0,118396000.0,118620000.0,7.21734641,118718993.59692341,36.333699231613615,-135341.32302552462,-98522.71668102372,166357.14285714287,118809250.0,119367764.90108757,118250735.09891243
2026-05-07T23:15:00,118620000.0,118620000.0,118401000.0,118409000.0,5.41571659,118689470.39721641,34.55114822546973,-142787.47990614176,-107375.66932604734,172000.0,118779050.0,119356185.38501082,118201914.61498918
2026-05-07T23:20:00,118409000.0,118539000.0,118395000.0,118500000.0,3.90821753,118671425.59748152,38.894628099173545,-139734.8964945972,-113847.51475975732,172214.2857142857,118753350.0,119332207.7772785,118174492.2227215
2026-05-07T23:25:00,118500000.0,118541000.0,118378000.0,118380000.0,4.87385964,118643670.77867375,34.39073514602215,-145323.5004143864,-120142.71189068313,174571.42857142858,118720150.0,119304954.15975194,118135345.84024806
2026-05-07T23:30:00,118380000.0,118380000.0,118101000.0,118101000.0,18.11912969,118591987.84737149,27.163904235727443,-170302.33823858202,-130174.63716026291,186571.42857142858,118669400.0,119284921.82397498,118053878.17602502
2026-05-07T23:35:00,118103000.0,118103000.0,118000000.0,118080000.0,23.72539273,118543227.10000278,29.207920792079207,-189607.09906108677,-142061.1295404277,181500.0,118616500.0,119244186.98199695,117988813.01800305
2026-05-07T23:40:00,118080000.0,118194000.0,118002000.0,118062000.0,8.68510542,118497395.94762157,31.068983675618753,-204007.04444551468,-154450.3125214451,183142.85714285713,118563700.0,119191422.3992549,117935977.6007451
2026-05-07T23:45:00,118095000.0,118200000.0,118030000.0,118168000.0,5.64588617,118466024.90499094,36.708860759493675,-204508.34587839246,-164461.91919283458,184142.85714285713,118522050.0,119138033.75747555,117906066.24252445
2026-05-07T23:50:00,118168000.0,118196000.0,118066000.0,118196000.0,8.55504108,118440308.24737276,40.582959641255606,-200336.90573744476,-171636.9165017566,183428.57142857142,118485350.0,119086273.59615934,117884426.40384066
2026-05-07T23:55:00,118195000.0,118196000.0,118048000.0,118048000.0,5.49542916,118402945.55714679,43.27555289898386,-206591.90955024958,-178627.9151114552,171928.57142857142,118437750.0,119017471.12170196,117858028.87829804
2026-05-08T00:00:00,118050000.0,118050000.0,118000000.0,118001000.0,9.46294161,118364665.02789472,33.820598006644516,-212887.51755684614,-185479.83560053338,154571.42857142858,118383150.0,118905923.68556173,117860376.31443827
2026-05-08T00:05:00,118001000.0,118196000.0,118000000.0,118080000.0,17.74375033,118337554.07285713,34.473684210526315,-209091.911094144,-190202.2506992555,159214.2857142857,118341150.0,118815003.30841385,117867296.69158615
2026-05-08T00:10:00,118111000.0,118111000.0,118000000.0,118001000.0,3.85566062,118305501.3040136,34.31565160445318,-210037.3258473724,-194169.26572887888,158214.2857142857,118302150.0,118751328.09151243,117852971.90848757
2026-05-08T00:15:00,118001000.0,118010000.0,117799000.0,117838000.0,37.91274218,118260977.37029801,32.54658385093168,-221387.29665577412,-199612.87191425794,167142.85714285713,118260450.0,118719793.45595244,117801106.54404756
2026-05-08T00:20:00,117838000.0,117838000.0,117606000.0,117607000.0,11.91471068,118198693.81122202,18.753855644663787,-246184.14219902456,-208927.1259712113,167714.2857142857,118214200.0,118739899.37376694,117688500.62623306
2026-05-08T00:25:00,117607000.0,117831000.0,117580000.0,117600000.0,20.09304924,118141675.3530104,21.45377558221594,-263364.7574571371,-219814.6522683965,170000.0,118180550.0,118772397.58884451,117588702.41115549
2026-05-08T00:30:00,117635000.0,117925000.0,117599000.0,117923000.0,6.08714204,118120849.12891418,32.50454821103699,-248057.66391341388,-225463.25459739997,183000.0,118152300.0,118736241.63370919,117568358.36629081
2026-05-08T00:35:00,117924000.0,118025000.0,117888000.0,117898000.0,4.99295273,118099625.40235093,34.491634491634485,-235232.36083598435,-227417.07584511687,181142.85714285713,118119600.0,118682153.35185583,117557046.64814417
2026-05-08T00:40:00,117898000.0,117953000.0,117850000.0,117862000.0,8.67144018,118076994.41165084,40.88482074752097,-225375.13066609204,-227008.6868093119,168571.42857142858,118088700.0,118635574.02571343,117541825.97428657
2026-05-08T00:45:00,117862000.0,118029000.0,117844000.0,117987000.0,3.67410057,118068423.51530313,46.71378091872791,-205112.34200686216,-222629.41784882196,174428.57142857142,118068050.0,118596303.31841935,117539796.68158065
2026-05-08T00:50:00,117987000.0,118019000.0,117900000.0,117994000.0,7.65731268,118061335.56146474,47.578347578347575,-186341.07064129412,-215371.7484073164,169214.2857142857,118036750.0,118497124.16133083,117576375.83866917
2026-05-08T00:55:00,117993000.0,118000000.0,117763000.0,117763000.0,6.46801267,118032922.65084904,36.756049705689996,-187938.039564088,-209885.00663867072,174000.0,118004450.0,118445080.8754741,117563819.1245259
2026-05-08T01:00:00,117763000.0,117817000.0,117665000.0,117763000.0,5.70230775,118007215.73172057,35.576282478347764,-187047.48200143874,-205317.50171122435,175571.42857142858,117967600.0,118353621.21567005,117581578.78432995
2026-05-08T01:05:00,117751000.0,117767000.0,117550000.0,117630000.0,10.72910074,117971290.42393765,35.93539703903096,-194827.8430905342,-203219.56998708635,180500.0,117930100.0,118292426.9241997,117567773.0758003
2026-05-08T01:10:00,117630000.0,117630000.0,117573000.0,117610000.0,3.1988455,117936881.81213406,36.60041124057574,-200298.74886584282,-202635.40576283765,181000.0,117905550.0,118285241.55071482,117525858.44928518
2026-05-08T01:15:00,117610000.0,117610000.0,117550000.0,117550000.0,4.38359794,117900035.92526414,31.597222222222214,-207088.7890161425,-203526.08241349863,171285.7142857143,117879050.0,118280815.82600737,117477284.17399263
2026-05-08T01:20:00,117553000.0,117699000.0,117549000.0,117669000.0,7.24793592,117878032.5038104,38.78378378378378,-200555.75735023618,-202932.01740084618,174071.42857142858,117859400.0,118261932.19550872,117456867.80449128
2026-05-08T01:25:00,117669000.0,117825000.0,117668000.0,117780000.0,5.05580197,117868696.07487607,47.969187675070025,-184297.04869630933,-199205.02365993883,170214.2857142857,117840000.0,118216464.43880428,117463535.56119572
2026-05-08T01:30:00,117780000.0,117865000.0,117700000.0,117700000.0,5.83434014,117852629.78203073,53.64134690681285,-175840.2593099475,-194532.0707899406,165428.57142857142,117815200.0,118156639.429783,117473760.570217
2026-05-08T01:35:00,117735000.0,117735000.0,117538000.0,117538000.0,4.83286019,117822665.04088494,47.83519553072625,-180133.76894387603,-191652.41042072768,161571.42857142858,117789700.0,118134098.23949671,117445301.76050329
2026-05-08T01:40:00,117538000.0,117587000.0,117525000.0,117587000.0,3.3311959,117800220.75127687,35.49222797927462,-177535.99137565494,-188829.12661171315,142714.2857142857,117769000.0,118109670.54620652,117428329.45379348
2026-05-08T01:45:00,117587000.0,117616000.0,117550000.0,117616000.0,4.31245862,117782675.91782193,37.8657487091222,-171164.10306580365,-185296.12190253125,137642.85714285713,117745800.0,118059417.66867521,117432182.33132479
2026-05-08T01:50:00,117615000.0,117615000.0,117555000.0,117580000.0,2.03237439,117763373.44945794,37.8657487091222,-167093.08968266845,-181655.51545855872,134642.85714285713,117724750.0,118022351.55276904,117427148.44723096
2026-05-08T01:55:00,117580000.0,117655000.0,117500000.0,117502000.0,4.07237143,117738480.73998576,28.25112107623319,-168221.5767508,-178968.727717007,132500.0,117707950.0,118016371.77204876,117399528.22795124
2026-05-08T02:00:00,117503000.0,117566000.0,117500000.0,117509000.0,3.05298317,117716625.43141569,28.25112107623319,-166630.25947652757,-176501.0340689111,128714.28571428571,117703050.0,118021185.67115803,117384914.32884197
2026-05-08T02:05:00,117528000.0,117616000.0,117509000.0,117566000.0,2.48315784,117702280.15223326,39.53241232731137,-158937.57204538584,-172988.34166420606,119428.57142857143,117701350.0,118022156.40169491,117380543.59830509
2026-05-08T02:10:00,117566000.0,117566000.0,117530000.0,117534000.0,0.75441495,117686253.47106819,38.2322713257965,-153651.98990364373,-169121.07131209358,111142.85714285714,117681900.0,117993150.71972017,117370649.28027983
2026-05-08T02:15:00,117534000.0,117560000.0,117432000.0,117433000.0,16.61738759,117662134.09287122,39.53241232731137,-155816.8245230615,-166460.22195428718,104785.71428571429,117658650.0,117971398.94925989,117345901.05074011
2026-05-08T02:20:00,117433000.0,117566000.0,117427000.0,117566000.0,6.39105446,117652978.46497872,47.91271347248577,-145127.5431049615,-162193.68618442205,110642.85714285714,117643850.0,117943835.45578781,117343864.54421219
2026-05-08T02:25:00,117566000.0,117666000.0,117220000.0,117488000.0,15.36822573,117637266.23021884,47.10820895522388,-141321.0970582366,-158019.16835918496,138214.2857142857,117618900.0,117879080.42322893,117358719.57677107
2026-05-08T02:30:00,117471000.0,117571000.0,117394000.0,117544000.0,4.34989099,117628383.73210277,43.805748265609516,-132261.1054597199,-152867.55577929196,140142.85714285713,117596400.0,117789071.41377023,117403728.58622977
2026-05-08T02:35:00,117544000.0,117768000.0,117544000.0,117742000.0,8.29217633,117639204.32904536,48.26642335766423,-107860.70058384538,-143866.18474020265,144928.57142857142,117595350.0,117784393.32558273,117406306.67441727
2026-05-08T02:40:00,117751000.0,117839000.0,117738000.0,117776000.0,2.40800546,117652232.4881839,53.61904761904761,-84802.14177128673,-132053.37614641947,140357.14285714287,117596000.0,117787543.31652468,117404456.68347532
2026-05-08T02:45:00,117776000.0,117839000.0,117737000.0,117738000.0,2.80873656,117660400.82264256,60.799136069114475,-68801.25219710171,-119402.95135655592,133571.42857142858,117601400.0,117802814.3673337,117399985.6326663
2026-05-08T02:50:00,117738000.0,117810000.0,117737000.0,117806000.0,0.55016186,117674267.41096231,61.587301587301596,-50056.38142307103,-105533.63736985895,134357.14285714287,117611200.0,117832470.58928882,117389929.41071118
2026-05-08T02:55:00,117810000.0,118091000.0,117809000.0,118090000.0,3.88133678,117713860.99087067,69.75,-12144.515358820558,-86855.81296765128,150000.0,117638200.0,117943758.0571934,117332641.9428066
2026-05-08T03:00:00,118090000.0,118164000.0,118000000.0,118110000.0,1.88562422,117751588.51554966,72.38175675675676,19292.35423977673,-65626.17952616567,157357.14285714287,117660250.0,118031707.93839951,117288792.06160049
2026-05-08T03:05:00,118110000.0,118200000.0,118034000.0,118034000.0,2.35171047,117778484.84740207,72.50423011844332,37639.846327111125,-44972.97435551031,158142.85714285713,117672950.0,118077537.62631652,117268362.37368348
2026-05-08T03:10:00,118031000.0,118114000.0,118030000.0,118056000.0,0.88478383,117804914.8619352,72.84878863826232,53340.70370234549,-25310.238743939153,159428.57142857142,117690750.0,118130173.48594496,117251326.51405504
2026-05-08T03:15:00,118056000.0,118129000.0,117993000.0,118112000.0,1.6021818,117834161.06556043,72.82608695652175,69501.31043562293,-6347.928908026735,161500.0,117719450.0,118190694.03109442,117248205.96890558
2026-05-08T03:20:00,118112000.0,118170000.0,118111000.0,118170000.0,0.31367427,117866145.72598325,76.0229132569558,85997.49735844135,12121.156345266883,163142.85714285713,117748600.0,118256079.79996097,117241120.20003903
2026-05-08T03:25:00,118170000.0,118199000.0,118082000.0,118131000.0,2.4573617,117891369.94255628,80.08620689655172,94830.72076110542,28663.069228434593,162357.14285714287,117774350.0,118305224.26403108,117243475.73596892
2026-05-08T03:30:00,118097000.0,118199000.0,118095000.0,118170000.0,1.00371607,117917906.1385033,78.33020637898687,103781.75652375817,43686.80668749931,159857.14285714287,117803850.0,118354455.89592883,117253244.10407117
2026-05-08T03:35:00,118134000.0,118203000.0,118132000.0,118167000.0,2.15519341,117941629.36340775,84.25832492431887,109372.66196146607,56823.97774229266,133071.42857142858,117837100.0,118391260.49356805,117282939.50643195
2026-05-08T03:40:00,118202000.0,118209000.0,118010000.0,118010000.0,1.66915969,117948140.852607,71.33699633699634,99982.37235327065,65455.65666448826,134642.85714285713,117862150.0,118398882.91407612,117325417.08592388
2026-05-08T03:45:00,118046000.0,118162000.0,118010000.0,118065000.0,0.87803677,117959270.29521586,67.01791359325605,95873.37197816372,71539.19972722336,129500.0,117887100.0,118412133.09168893,117362066.90831107
2026-05-08T03:50:00,118014000.0,118057000.0,117891000.0,118057000.0,1.7036028,117968577.88614768,65.22210184182015,90923.31901216507,75416.0235842117,134714.2857142857,117913250.0,118415852.43784359,117410647.56215641
2026-05-08T03:55:00,118100000.0,118249000.0,118100000.0,118249000.0,2.89718963,117995284.75413361,73.72330547818014,101325.14852300286,80597.84857196992,141142.85714285713,117954050.0,118423918.72746825,117484181.27253175
2026-05-08T04:00:00,118242000.0,118249000.0,118068000.0,118070000.0,0.92475814,118002400.49183518,61.11111111111111,94040.82522207499,83286.44390199093,148857.14285714287,117979250.0,118414257.50144774,117544242.49855226
2026-05-08T04:05:00,118056000.0,118120000.0,118000000.0,118084000.0,0.4812197,118010171.87356517,49.67320261437908,88378.85311768949,84304.92574513065,137071.42857142858,118009050.0,118379180.83035456,117638919.16964544
2026-05-08T04:10:00,118084000.0,118247000.0,118084000.0,118160000.0,1.36359939,118024441.21893992,52.56673511293634,88998.34673257172,85243.60994261887,137000.0,118039850.0,118343607.71161969,117736092.28838031
2026-05-08T04:15:00,118162000.0,118261000.0,117923000.0,117974000.0,1.37920019,118019637.29332659,47.23247232472325,73631.87196664512,82921.26234742413,149285.7142857143,118051450.0,118323365.98934811,117779534.01065189
2026-05-08T04:20:00,117974000.0,118032000.0,117919000.0,117920000.0,1.38459724,118010148.02729549,43.90681003584229,56445.80915042758,77626.17170802482,151357.14285714287,118058650.0,118306409.02978925,117810890.97021075
2026-05-08T04:25:00,117919000.0,118001000.0,117904000.0,117945000.0,0.63425472,118003943.45326734,42.30414746543778,44331.99003058672,70967.3353725372,148571.42857142858,118069000.0,118273956.4780502,117864043.5219498
2026-05-08T04:30:00,117945000.0,118089000.0,117945000.0,118089000.0,0.94972045,118012044.07676569,46.541417591801874,45823.07772837579,65938.48384370492,154642.85714285713,118083150.0,118246509.82241346,117919790.17758654
2026-05-08T04:35:00,118040000.0,118245000.0,118004000.0,118225000.0,0.89572712,118032325.59326419,53.70662460567824,57318.11136363447,64214.40934769083,163500.0,118089900.0,118265173.50056414,117914626.49943586
2026-05-08T04:40:00,118225000.0,118225000.0,118108000.0,118108000.0,0.95643294,118039532.67961998,47.69687964338782,56337.660663455725,62639.05961084381,164428.57142857142,118089800.0,118265027.49123417,117914572.50876583
2026-05-08T04:45:00,118108000.0,118188000.0,118075000.0,118188000.0,0.5578264,118053672.42441808,50.73787772312017,61309.24304181337,62373.09629703773,167428.57142857142,118097500.0,118275908.75598057,117919091.24401943
2026-05-08T04:50:00,118188000.0,118225000.0,117981000.0,118061000.0,0.59805766,118054370.28875922,51.83058147882269,54374.62247738242,60773.40153310668,170642.85714285713,118097750.0,118275927.76457651,117919572.23542349
2026-05-08T04:55:00,118061000.0,118191000.0,118027000.0,118098000.0,1.15881118,118058525.49935357,51.20000000000001,51273.42833171785,58873.40689282891,171500.0,118097050.0,118275102.00304821,117918997.99695179
2026-05-08T05:00:00,118116000.0,118460000.0,118109000.0,118402000.0,4.32382348,118091237.356558,60.32315978456014,72510.11749584973,61600.74901343308,184928.57142857142,118108650.0,118331345.70931515,117885954.29068485
2026-05-08T05:05:00,118394000.0,118405000.0,118269000.0,118327000.0,1.27567664,118113690.94164771,52.509652509652504,82339.31706893444,65748.46262453336,180928.57142857142,118118450.0,118361598.189599,117875301.810401
2026-05-08T05:10:00,118327000.0,118330000.0,118238000.0,118273000.0,4.1522569,118128863.23291935,57.10286913925822,84794.22480204701,69557.6150600361,174571.42857142858,118123600.0,118375549.36834717,117871650.63165283
2026-05-08T05:15:00,118238000.0,118297000.0,118196000.0,118196000.0,3.52075336,118135257.21073656,53.75335120643432,79608.81946700811,71567.8559414305,173214.2857142857,118125050.0,118378381.0503129,117871718.9496871
2026-05-08T05:20:00,118210000.0,118267000.0,118172000.0,118244000.0,1.64488778,118145613.66685688,52.868852459016395,78468.01677468419,72947.88810808124,168357.14285714287,118136750.0,118389321.51149935,117884178.48850065
2026-05-08T05:25:00,118244000.0,118266000.0,118180000.0,118250000.0,1.11849663,118155555.22239432,60.747663551401864,77158.63555678725,73790.03759782245,150357.14285714287,118146000.0,118401045.91949812,117890954.08050188
2026-05-08T05:30:00,118250000.0,118267000.0,118152000.0,118202000.0,2.54355984,118159978.53454724,61.032863849765256,71424.40656206012,73316.91139066998,150500.0,118153250.0,118405875.68523829,117900624.31476171
2026-05-08T05:35:00,118156000.0,118199000.0,117901000.0,117986000.0,3.37134713,118143409.15030465,51.395507147719535,48887.05442586541,68430.93999770907,165071.42857142858,118140100.0,118399041.08250824,117881158.91749176
2026-05-08T05:40:00,117986000.0,117999000.0,117905000.0,117998000.0,1.63030115,118129560.65979944,46.596858638743456,31629.73233141005,61070.69846444926,161500.0,118136500.0,118401476.26507413,117871523.73492587
2026-05-08T05:45:00,117998000.0,117999000.0,117927000.0,117994000.0,0.81714868,118116650.12077092,40.4149377593361,17429.497273549438,52342.4582262693,149428.57142857142,118132000.0,118403701.84897576,117860298.15102424
2026-05-08T05:50:00,117994000.0,118000000.0,117959000.0,117994000.0,1.26827583,118104969.15688796,44.7610294117647,6105.330236509442,43095.03262831733,144000.0,118123700.0,118401865.49409528,117845534.50590472
2026-05-08T05:55:00,117993000.0,117999000.0,117850000.0,117895000.0,2.29027786,118084972.09432721,36.76603432700993,-10733.8927154392,32329.247559566025,146571.42857142858,118119750.0,118408893.10789315,117830606.89210685
2026-05-08T06:00:00,117895000.0,117895000.0,117797000.0,117833000.0,2.4998674,118060974.75201033,39.0595009596929,-28750.56149300933,20113.285749050956,136142.85714285713,118115400.0,118419430.74636762,117811369.25363238
2026-05-08T06:05:00,117833000.0,117833000.0,117600000.0,117601000.0,3.60594514,118017167.63277125,29.911075181891675,-61045.66595983505,3881.495407273753,141071.42857142858,118098200.0,118473410.59349877,117722989.40650123
2026-05-08T06:10:00,117601000.0,117790000.0,117595000.0,117790000.0,3.46644235,117995532.62012637,22.727272727272734,-70575.49805252254,-11009.903284685506,129142.85714285714,118083250.0,118483026.713995,117683473.286005
2026-05-08T06:15:00,117790000.0,117808000.0,117715000.0,117808000.0,3.76106991,117977672.37059052,25.633802816901408,-75801.71410176158,-23968.26544810072,126071.42857142857,118062400.0,118474359.83452658,117650440.16547342
2026-05-08T06:20:00,117809000.0,117895000.0,117740000.0,117767000.0,3.2593352,117957608.33529618,25.950570342205324,-82303.14588846266,-35635.24153617311,130571.42857142857,118045350.0,118477113.71462081,117613586.28537919
2026-05-08T06:25:00,117879000.0,117896000.0,117768000.0,117871000.0,1.8987809,117949359.92241083,34.93975903614458,-78162.63636648655,-44140.720502235796,132571.42857142858,118029500.0,118462486.93307135,117596513.06692865
2026-05-08T06:30:00,117871000.0,117908000.0,117871000.0,117898000.0,2.17224791,117944468.50122885,33.64839319470698,-71874.0589761436,-49687.38819701736,128428.57142857143,118021350.0,118457961.48573267,117584738.51426733
2026-05-08T06:35:00,117897000.0,117942000.0,117897000.0,117900000.0,1.93259536,117940233.40587373,33.3965844402277,-65968.48912358284,-52943.60838233046,125500.0,118011450.0,118449719.5517601,117573180.4482399
2026-05-08T06:40:00,117898000.0,117929000.0,117816000.0,117832000.0,3.95691049,117929925.46245718,32.774674115456236,-66014.34192715585,-55557.755091295534,125357.14285714286,117982950.0,118387088.83752988,117578811.16247012
2026-05-08T06:45:00,117816000.0,117863000.0,117800000.0,117853000.0,2.55522621,117922599.22793745,42.43458475540387,-63622.75262024999,-57170.75459708643,108357.14285714286,117959250.0,118332878.5095625,117585621.4904375
2026-05-08T06:50:00,117853000.0,117857000.0,117784000.0,117784000.0,2.66392115,117909399.30146721,38.56837606837607,-66528.22820465267,-59042.24931859968,106857.14285714286,117934800.0,118285261.10978779,117584338.89021221
2026-05-08T06:55:00,117784000.0,117787000.0,117739000.0,117743000.0,6.50018112,117893551.74894652,37.101747173689624,-71317.09678836167,-61497.21881255208,105142.85714285714,117912150.0,118249854.49555166,117574445.50444834
2026-05-08T07:00:00,117743000.0,117760000.0,117614000.0,117677000.0,11.78200902,117872927.77285637,34.74494706448509,-79521.28617116809,-65102.03228427529,112642.85714285714,117883800.0,118198629.00956419,117568970.99043581
2026-05-08T07:05:00,117677000.0,117677000.0,117480000.0,117586000.0,12.14587774,117845601.31829862,35.014548981571295,-92302.10365149379,-70542.04655771899,116071.42857142857,117850600.0,118142001.26069881,117559198.73930119
2026-05-08T07:10:00,117600000.0,117759000.0,117439000.0,117715000.0,10.03323348,117833163.09750828,44.626593806921676,-90973.09052465856,-74628.25535110691,131928.57142857142,117826250.0,118071796.32964069,117580703.67035931
2026-05-08T07:15:00,117748000.0,117937000.0,117746000.0,117921000.0,3.58185804,117841528.5167932,64.92537313432837,-72462.06211447716,-74195.01670378097,131142.85714285713,117823000.0,118061255.94375975,117584744.05624025
2026-05-08T07:20:00,117916000.0,117999000.0,117892000.0,117964000.0,3.467655,117853192.4675748,59.39524838012959,-53703.14171200991,-70096.64170542677,124857.14285714286,117821300.0,118054734.85510728,117587865.14489272
2026-05-08T07:25:00,117998000.0,118000000.0,117930000.0,117959000.0,3.32801991,117863269.37542483,58.26944140197152,-38792.84063643217,-63835.88149162785,123214.28571428571,117819550.0,118048005.20118259,117591094.79881741
2026-05-08T07:30:00,117959000.0,117989000.0,117660000.0,117689000.0,10.85846843,117846672.29205105,46.58493870402802,-48207.3587038815,-60710.17693407858,135642.85714285713,117804300.0,118024285.74116474,117584314.25883526
2026-05-08T07:35:00,117689000.0,117715000.0,117650000.0,117712000.0,1.52724129,117833846.35947476,42.507068803016026,-53199.27617889643,-59207.99678304216,131071.42857142857,117795150.0,118014473.62533842,117575826.37466158
2026-05-08T07:40:00,117712000.0,117803000.0,117652000.0,117778000.0,2.92835368,117828527.6585724,44.54545454545455,-51239.10581114888,-57614.218588663505,139214.2857142857,117792400.0,118011103.74097349,117573696.25902651
2026-05-08T07:45:00,117779000.0,117779000.0,117681000.0,117709000.0,3.50079147,117817144.0720417,41.81662382176521,-54623.71186704934,-57016.117244340676,143000.0,117797800.0,118001418.42538902,117594181.57461098
2026-05-08T07:50:00,117709000.0,117795000.0,117706000.0,117771000.0,2.77766789,117812749.39851393,47.37295434969853,-51707.10735964775,-55954.31526740209,141285.7142857143,117796850.0,118000798.67775474,117592901.32224526
2026-05-08T07:55:00,117771000.0,117772000.0,117767000.0,117772000.0,2.54790256,117808868.50341737,46.45048203330411,-48752.99149362743,-54514.050512647154,137142.85714285713,117795050.0,117999219.66628662,117590880.33371338
2026-05-08T08:00:00,117772000.0,117797000.0,117680000.0,117797000.0,6.95425942,117807738.16975859,50.592525068368275,-43888.621610075235,-52388.96473213277,140285.7142857143,117796550.0,118000292.32952952,117592807.67047048
2026-05-08T08:05:00,117797000.0,117896000.0,117796000.0,117895000.0,2.74781318,117816048.82025777,56.58578856152513,-31759.68655474484,-48263.109096655186,144000.0,117797750.0,118003610.32566822,117591889.67433178
2026-05-08T08:10:00,117896000.0,117896000.0,117867000.0,117872000.0,2.09814248,117821377.50404274,58.77587758775878,-23729.783744379878,-43356.44402620013,135642.85714285713,117796450.0,117999959.70492832,117592940.29507168
2026-05-08T08:15:00,117868000.0,117872000.0,117797000.0,117797000.0,3.39220444,117819055.83699106,59.63470319634703,-23151.030445739627,-39315.361310108034,126928.57142857143,117791300.0,117988903.64369114,117593696.35630886
2026-05-08T08:20:00,117797000.0,117872000.0,117796000.0,117869000.0,1.63137716,117823812.4239443,57.41811175337187,-16690.172101274133,-34790.32346834126,109500.0,117793150.0,117993037.62632516,117593262.37367484
2026-05-08T08:25:00,117869000.0,117870000.0,117850000.0,117859000.0,2.40413963,117827163.6216639,46.318289786223275,-12235.765454173088,-30279.411865507627,95071.42857142857,117793450.0,117993733.45702505,117593166.54297495
2026-05-08T08:30:00,117851000.0,117871000.0,117850000.0,117859000.0,3.19220766,117830195.65769592,43.42928660826033,-8606.40679384768,-25944.810851175636,88928.57142857143,117797200.0,117999536.45767699,117594863.54232301
2026-05-08T08:35:00,117860000.0,117862000.0,117859000.0,117862000.0,1.76641038,117833224.64267725,43.91468005018821,-5425.497224718332,-21840.948125884177,84142.85714285714,117803150.0,118005774.12699902,117600525.87300098
2026-05-08T08:40:00,117862000.0,117863000.0,117859000.0,117861000.0,3.27462418,117835869.91480324,66.28787878787878,-2951.2746594548225,-18063.01343259831,60928.57142857143,117812350.0,118007425.45099002,117617274.54900998
2026-05-08T08:45:00,117861000.0,117872000.0,117860000.0,117871000.0,2.31698259,117839215.63720293,65.4368932038835,-181.4276392608881,-14486.696273930826,57142.857142857145,117826600.0,117991334.42742474,117661865.57257526
2026-05-08T08:50:00,117870000.0,117896000.0,117868000.0,117896000.0,2.68422143,117844623.67175503,62.44725738396624,3985.0499707460403,-10792.347024995453,48357.142857142855,117835650.0,117994346.36682078,117676953.63317922
2026-05-08T08:55:00,117896000.0,117898000.0,117870000.0,117896000.0,4.56072973,117849516.65539742,73.08641975308642,7203.970605701208,-7193.083498856122,43357.142857142855,117834400.0,117990640.57024181,117678159.42975819
2026-05-08T09:00:00,117896000.0,117896000.0,117756000.0,117865000.0,9.94430638,117850991.25964527,62.5668449197861,7170.885968059301,-4320.289605473037,47000.0,117829450.0,117974256.91318192,117684643.08681808
2026-05-08T09:05:00,117865000.0,117997000.0,117793000.0,117991000.0,5.5154865,117864325.42539333,71.9438877755511,17114.527508720756,-33.326182634278666,61214.28571428572,117831050.0,117982441.40627773,117679658.59372227
2026-05-08T09:10:00,117991000.0,118049000.0,117978000.0,118015000.0,5.20798564,117878675.38487968,71.88755020080322,26624.622419387102,5298.263537769998,57928.57142857143,117847350.0,118004437.00237703,117690262.99762297
2026-05-08T09:15:00,118007000.0,118137000.0,117930000.0,118087000.0,7.74877961,117898515.82441495,70.33898305084746,39515.72672355175,12141.756174926348,65571.42857142857,117866100.0,118043385.85302901,117688814.14697099
2026-05-08T09:20:00,118087000.0,118144000.0,118029000.0,118137000.0,5.23155987,117921228.6030421,76.55310621242485,53153.87708467245,20344.18035687557,71714.28571428571,117884050.0,118093548.12208682,117674551.87791318
2026-05-08T09:25:00,118142000.0,118144000.0,118043000.0,118080000.0,6.60016304,117936349.68846665,79.41787941787942,58686.28688800335,28012.60166310113,73571.42857142857,117902600.0,118112535.7295134,117692664.2704866
2026-05-08T09:30:00,118080000.0,118128000.0,118030000.0,118100000.0,4.11198494,117951935.4324222,76.92307692307693,63947.447994440794,35199.57092936907,75142.85714285714,117919050.0,118136974.636901,117701125.363099
2026-05-08T09:35:00,118116000.0,118128000.0,118029000.0,118084000.0,5.8451267,117964513.01028676,75.86206896551724,66064.34119185805,41372.52498186687,80785.71428571429,117934650.0,118152920.98078454,117716379.01921546
2026-05-08T09:40:00,118084000.0,118087000.0,118030000.0,118070000.0,2.58150229,117974559.39025946,73.4966592427617,65853.19664634764,46268.65931476303,83357.14285714286,117948300.0,118164460.85628413,117732139.14371587
2026-05-08T09:45:00,118071000.0,118071000.0,117937000.0,117937000.0,9.30731607,117970982.30547285,56.47668393782383,54327.61961899698,47880.45137560982,92714.28571428571,117950400.0,118165192.33545086,117735607.66454914
2026-05-08T09:50:00,117937000.0,117949000.0,117800000.0,117866000.0,5.23978846,117960983.99066591,50.38520801232665,39014.67329137027,46107.29575876191,103071.42857142857,117950100.0,118165369.62286009,117734830.37713991
2026-05-08T09:55:00,117834000.0,117889000.0,117781000.0,117880000.0,4.69588519,117953271.22965011,50.68912710566616,27689.548125371337,42423.746232083795,109928.57142857143,117954250.0,118160085.78022556,117748414.21977444
2026-05-08T10:00:00,117886000.0,118008000.0,117881000.0,117969000.0,3.44390817,117954769.20777866,55.09065550906555,25600.75150670111,39059.14728700726,117071.42857142857,117959250.0,118161187.8486982,117757312.1513018
2026-05-08T10:05:00,117962000.0,118006000.0,117852000.0,117937000.0,5.90541883,117953076.90227593,52.7369826435247,21119.776930749416,35471.2732157557,126071.42857142857,117963150.0,118159881.47608916,117766418.52391084
2026-05-08T10:10:00,117888000.0,117930000.0,117800000.0,117833000.0,4.33556811,117941641.00682108,48.05352798053528,9072.064349249005,30191.431442454363,125857.14285714286,117961850.0,118161796.59813379,117761903.40186621
2026-05-08T10:15:00,117800000.0,117832000.0,117700000.0,117799000.0,4.44207485,117928056.1490286,36.84931506849315,-3182.662765607238,23516.612600842043,120785.71428571429,117958700.0,118167077.28939798,117750322.71060202
2026-05-08T10:20:00,117799000.0,117800000.0,117711000.0,117713000.0,2.59911206,117907574.61102588,30.934343434343432,-19608.073892459273,14891.675302181782,122071.42857142857,117951300.0,118183442.51521088,117719157.48478912
2026-05-08T10:25:00,117711000.0,117760000.0,117711000.0,117760000.0,3.03086717,117893519.88616627,28.683181225554108,-28504.2441611588,6212.491409513666,110785.71428571429,117945750.0,118190917.93385246,117700582.06614754
2026-05-08T10:30:00,117760000.0,117821000.0,117718000.0,117812000.0,2.23074719,117885756.08748378,28.86866059817946,-31001.195292919874,-1230.2459309730411,109928.57142857143,117941550.0,118193101.3759391,117689998.6240609
2026-05-08T10:35:00,117812000.0,117812000.0,117732000.0,117812000.0,2.96796344,117878731.69819961,31.17977528089888,-32604.206062316895,-7505.037957241812,108428.57142857143,117937350.0,118194838.49744368,117679861.50255632
2026-05-08T10:40:00,117812000.0,117852000.0,117776000.0,117832000.0,2.61206961,117874281.06027584,31.17977528089888,-31893.126681521535,-12382.655702097756,106857.14285714286,117935700.0,118195552.67080854,117675847.32919146
2026-05-08T10:45:00,117832000.0,117833000.0,117780000.0,117829000.0,3.68157565,117869968.5783448,31.759656652360505,-31211.875010728836,-16148.499563823972,103571.42857142857,117927600.0,118190278.8313151,117664921.1686849
2026-05-08T10:50:00,117829000.0,117834000.0,117780000.0,117781000.0,3.65512531,117861495.3804072,30.286493860845837,-34151.499769970775,-19749.099605053336,103357.14285714286,117915900.0,118182995.80382526,117648804.19617474
2026-05-08T10:55:00,117780000.0,117782000.0,117710000.0,117710000.0,3.52090139,117847067.24893986,33.08494783904621,-41729.251364573836,-24145.129956957437,98928.57142857143,117897050.0,118166505.1813138,117627594.8186862
2026-05-08T11:00:00,117709000.0,117722000.0,117534000.0,117599000.0,10.41107375,117823441.79665987,31.223628691983123,-56045.390062749386,-30525.18197811583,101714.28571428571,117870150.0,118146084.60323629,117594215.39676371
2026-05-08T11:05:00,117613000.0,117613000.0,117513000.0,117549000.0,3.6877343,117797304.48269226,27.844712182061585,-70611.64813038707,-38542.47520857008,101142.85714285714,117843600.0,118136198.80922161,117551001.19077839
2026-05-08T11:10:00,117549000.0,117654000.0,117549000.0,117625000.0,3.13368931,117780894.53195967,26.566757493188007,-75156.5893727839,-45865.29804141285,99500.0,117819850.0,118101734.84024137,117537965.15975863
2026-05-08T11:15:00,117624000.0,117624000.0,117250000.0,117300000.0,16.18419591,117735095.0527254,18.987341772151893,-103786.88135048747,-57449.61470322778,115285.71428571429,117780650.0,118120050.88081022,117441249.11918978
2026-05-08T11:20:00,117300000.0,117483000.0,117290000.0,117409000.0,7.0319484,117704038.38103727,29.45736434108528,-116340.10861106217,-69227.71348479466,119285.71428571429,117747600.0,118096951.51954806,117398248.48045194
2026-05-08T11:25:00,117409000.0,117474000.0,117400000.0,117430000.0,3.05570952,117677939.48760514,31.89401373895977,-123174.23129543662,-80017.01704692305,115071.42857142857,117722250.0,118086975.05866894,117357524.94133106
2026-05-08T11:30:00,117431000.0,117600000.0,117400000.0,117568000.0,10.00926852,117667469.06021416,43.230625583566756,-116116.35896785557,-87236.88543110956,123000.0,117707350.0,118071696.43722121,117343003.56277879
2026-05-08T11:35:00,117568000.0,117596000.0,117480000.0,117488000.0,2.85704926,117650376.7687652,37.68115942028985,-115645.18994805217,-92918.5463344981,127785.71428571429,117687750.0,118055152.76192987,117320347.23807013
2026-05-08T11:40:00,117488000.0,117561000.0,117481000.0,117559000.0,4.38152817,117641674.219359,38.735529830810336,-108294.32886473835,-95993.70284054615,126142.85714285714,117667250.0,118013735.43677151,117320764.56322849
2026-05-08T11:45:00,117559000.0,117602000.0,117493000.0,117559000.0,2.55173627,117633800.48418196,38.735529830810336,-101300.98381240666,-97055.15903491827,128214.28571428571,117648350.0,117973459.39049724,117323240.60950276
2026-05-08T11:50:00,117552000.0,117594000.0,117494000.0,117556000.0,3.02575155,117626390.91425987,37.52260397830018,-94906.75639176369,-96625.47850628736,129928.57142857143,117634500.0,117949945.54955943,117319054.45044057
2026-05-08T11:55:00,117501000.0,117563000.0,117400000.0,117439000.0,6.30198416,117608544.16052084,34.016393442622956,-98148.80890959501,-96930.1445869489,137785.7142857143,117616500.0,117933503.4036012,117299496.5963988
2026-05-08T12:00:00,117440000.0,117440000.0,117180000.0,117180000.0,13.08147478,117567730.43094742,29.000698812019564,-120231.34226220846,-101590.38412200082,152500.0,117589850.0,117958160.09532158,117221539.90467842
2026-05-08T12:05:00,117201000.0,117365000.0,117090000.0,117356000.0,13.5654257,117547565.62800005,38.4765625,-122122.42859531939,-105696.79301666454,167000.0,117569650.0,117942948.96301688,117196351.03698312
2026-05-08T12:10:00,117350000.0,117419000.0,117300000.0,117377000.0,3.44904459,117531321.28247625,42.32365145228216,-120537.1266785711,-108664.85974904586,162071.42857142858,117547900.0,117912329.41703437,117183470.58296563
2026-05-08T12:15:00,117377000.0,117592000.0,117376000.0,117500000.0,6.69573836,117528338.3031928,48.38709677419355,-108109.47273607552,-108553.7823464518,170357.14285714287,117532300.0,117875204.06821735,117189395.93178265
2026-05-08T12:20:00,117514000.0,117598000.0,117500000.0,117553000.0,1.83722251,117530687.03622206,47.593582887700535,-92912.76981545985,-105425.57984025341,169857.14285714287,117518350.0,117831310.91903321,117205389.08096679
2026-05-08T12:25:00,117553000.0,117553000.0,117501000.0,117502000.0,1.49594934,117527954.93753424,58.265139116202946,-84016.06217321754,-101143.67630684623,146785.7142857143,117502000.0,117778692.49509539,117225307.50490461
2026-05-08T12:30:00,117501000.0,117553000.0,117501000.0,117553000.0,3.27911602,117530340.18157859,56.18556701030928,-72019.88311249018,-95318.91766797504,136714.2857142857,117490600.0,117735898.87248439,117245301.12751561
2026-05-08T12:35:00,117551000.0,117594000.0,117451000.0,117500000.0,3.24749812,117527450.64047587,52.92642140468228,-66028.34814341366,-89460.80376306277,141642.85714285713,117480100.0,117702792.518722,117257407.481278
2026-05-08T12:40:00,117501000.0,117578000.0,117460000.0,117575000.0,2.28544031,117531979.15090674,50.30891438658429,-54598.75979848206,-82488.39497014663,135785.7142857143,117478900.0,117699139.96482308,117258660.03517692
2026-05-08T12:45:00,117575000.0,117575000.0,117480000.0,117510000.0,2.50848432,117529885.89843942,50.98389982110913,-50206.931211441755,-76032.10221840566,134285.7142857143,117476950.0,117695258.78662069,117258641.21337931
2026-05-08T12:50:00,117512000.0,117512000.0,117500000.0,117501000.0,2.18073362,117527134.86049281,47.25378787878788,-46911.829826012254,-70208.04773992699,129428.57142857143,117470750.0,117678124.43886541,117263375.56113459
2026-05-08T12:55:00,117501000.0,117501000.0,117436000.0,117437000.0,4.08649057,117518550.58806492,44.55357142857143,-48901.00304454565,-65946.63880085072,126285.71428571429,117477600.0,117669715.53541392,117285484.46458608
2026-05-08T13:00:00,117437000.0,117477000.0,117434000.0,117476000.0,3.68087219,117514498.15110636,46.53979238754325,-46791.0845913291,-62115.5279589464,122214.28571428571,117480950.0,117670346.24294613,117291553.75705387
2026-05-08T13:05:00,117476000.0,117501000.0,117474000.0,117501000.0,3.18916484,117513212.61290576,52.91353383458647,-42610.480850577354,-58214.5185372726,112500.0,117484500.0,117672531.91218516,117296468.08781484
2026-05-08T13:10:00,117500000.0,117609000.0,117500000.0,117607000.0,5.32885433,117522144.74500997,73.43578485181119,-30393.649078205228,-52650.344645459125,101714.28571428571,117486450.0,117678885.33431973,117294014.66568027
2026-05-08T13:15:00,117607000.0,117671000.0,117603000.0,117615000.0,2.73834479,117530988.10262807,67.4293405114401,-19837.51422430575,-46087.77856122845,86928.57142857143,117492800.0,117693648.30620463,117291951.69379537
2026-05-08T13:20:00,117622000.0,117673000.0,117612000.0,117673000.0,1.47072442,117544513.04523492,68.97435897435898,-6714.189034238458,-38213.06065583045,82785.71428571429,117498500.0,117713248.32270654,117283751.67729346
2026-05-08T13:25:00,117673000.0,117675000.0,117614000.0,117653000.0,3.38955864,117554845.13616492,61.29985228951256,2048.691830173135,-30160.710158629732,71714.28571428571,117503200.0,117727428.83048587,117278971.16951413
2026-05-08T13:30:00,117653000.0,117698000.0,117640000.0,117657000.0,2.85999854,117564574.17081587,58.28025477707007,9209.938184574246,-22286.58048998894,68857.14285714286,117508250.0,117741839.72129515,117274660.27870485
2026-05-08T13:35:00,117657000.0,117699000.0,117620000.0,117648000.0,1.61639331,117572519.48788103,62.45733788395904,13997.696004286408,-15029.725191133872,70785.71428571429,117518700.0,117757878.5063394,117279521.4936606
2026-05-08T13:40:00,117648000.0,117650000.0,117547000.0,117582000.0,3.51984634,117573422.39379713,52.4126455906822,12324.313145041466,-9558.917523898805,74428.57142857143,117538800.0,117718237.24896409,117359362.75103591
2026-05-08T13:45:00,117582000.0,117660000.0,117545000.0,117660000.0,2.77900317,117581667.88010216,62.77955271565496,17095.0324075222,-4228.127537614603,72428.57142857143,117554000.0,117719174.23018073,117388825.76981927
2026-05-08T13:50:00,117660000.0,117700000.0,117655000.0,117693000.0,1.39871399,117592270.93914005,60.102739726027394,23270.438867777586,1271.5857434638351,67214.28571428571,117569800.0,117723759.11965948,117415840.88034052
2026-05-08T13:55:00,117693000.0,117757000.0,117693000.0,117753000.0,2.6434904,117607578.46874577,70.98445595854922,32629.8548823148,7543.2395712340285,65000.0,117582450.0,117752948.30991602,117411951.69008398
2026-05-08T14:00:00,117754000.0,117769000.0,117668000.0,117677000.0,5.62975355,117614190.04315093,63.62229102167183,33528.20241641998,12740.23214027122,71357.14285714286,117588650.0,117763599.34605256,117413700.65394744
2026-05-08T14:05:00,117724000.0,117774000.0,117680000.0,117760000.0,1.67014487,117628076.70570798,74.28571428571428,40471.03079879284,18286.391871975546,73642.85714285714,117601550.0,117787310.99528272,117415789.00471728
2026-05-08T14:10:00,117749000.0,117771000.0,117681000.0,117688000.0,2.86658713,117633783.68611676,65.1862464183381,39705.77063341439,22570.267624263317,77000.0,117608300.0,117796428.84722419,117420171.15277581
2026-05-08T14:15:00,117682000.0,117688000.0,117657000.0,117657000.0,2.50694848,117635994.76362944,61.07954545454545,36180.78593823314,25292.371287057285,77285.71428571429,117616150.0,117798257.28474694,117434042.71525306
2026-05-08T14:20:00,117666000.0,117678000.0,117655000.0,117667000.0,1.40585196,117638947.64328378,54.93421052631579,33804.449941277504,26994.78701790133,71142.85714285714,117620750.0,117803128.29395318,117438371.70604682
2026-05-08T14:25:00,117656000.0,117679000.0,117655000.0,117672000.0,1.45016295,117642095.48678055,54.71074380165289,31956.272736370564,27987.08416159518,68000.0,117628850.0,117804794.0999744,117452905.9000256
2026-05-08T14:30:00,117672000.0,117743000.0,117669000.0,117740000.0,3.80311117,117651419.72613478,55.44715447154472,35568.598028972745,29503.386935070695,68928.57142857143,117640800.0,117812598.65816523,117469001.34183477
2026-05-08T14:35:00,117740000.0,117764000.0,117680000.0,117762000.0,2.30325381,117661951.1807886,58.83306320907618,39748.413024276495,31552.39215291186,70571.42857142857,117657050.0,117807885.53260006,117506214.46739994
2026-05-08T14:40:00,117764000.0,117775000.0,117762000.0,117764000.0,2.64816824,117671670.1159516,58.69918699186992,42729.76764425635,33787.86725118076,67357.14285714286,117671450.0,117803303.94631144,117539596.05368856
2026-05-08T14:45:00,117774000.0,117783000.0,117690000.0,117691000.0,4.44039711,117673511.05728954,53.166421207658324,38755.27604857087,34781.349010658785,68357.14285714286,117680950.0,117785685.20495947,117576214.79504053
2026-05-08T14:50:00,117690000.0,117691000.0,117675000.0,117683000.0,1.6221649,117674414.76611911,58.13204508856683,34561.52592603862,34737.384393734756,62142.857142857145,117684750.0,117783533.9215556,117585966.0784444
2026-05-08T14:55:00,117683000.0,117725000.0,117682000.0,117685000.0,2.48831334,117675422.88363157,52.29357798165138,31041.50487932563,33998.20849085293,57000.0,117688250.0,117781429.7922525,117595070.2077475
2026-05-08T15:00:00,117685000.0,117722000.0,117510000.0,117615000.0,6.87206483,117669668.3232857,43.29896907216495,22345.85870447755,31667.738533577853,68928.57142857143,117685350.0,117783979.07652843,117586720.92347157
2026-05-08T15:05:00,117616000.0,117616000.0,117540000.0,117600000.0,1.44729554,117663033.24487753,35.75418994413407,14081.795647799969,28150.549956422277,69785.71428571429,117682700.0,117787635.26826727,117577764.73173273
2026-05-08T15:10:00,117599000.0,117726000.0,117544000.0,117726000.0,3.12445494,117669030.07869872,54.17376490630324,17497.908117368817,26020.021588611588,75571.42857142857,117686150.0,117792060.14066058,117580239.85933942
2026-05-08T15:15:00,117726000.0,117821000.0,117726000.0,117764000.0,4.0522233,117678074.83310837,50.3690036900369,23006.282181948423,25417.273707278957,75428.57142857143,117691950.0,117801698.94796287,117582201.05203713
2026-05-08T15:20:00,117719000.0,117754000.0,117651000.0,117700000.0,1.8871138,117680162.9442409,51.123595505617985,21954.36690852046,24724.69234752726,77071.42857142857,117697850.0,117794632.50168076,117601067.49831924
2026-05-08T15:25:00,117744000.0,117744000.0,117652000.0,117652000.0,3.39206525,117677480.7590751,49.546279491833026,17050.964720979333,23189.946822217677,81428.57142857143,117697450.0,117794954.60178077,117599945.39821923
2026-05-08T15:30:00,117701000.0,117701000.0,117544000.0,117545000.0,2.59171096,117664863.5439251,40.586419753086425,4479.3423265218735,19447.825923078515,91000.0,117690050.0,117809067.86685866,117571032.13314134
2026-05-08T15:35:00,117545000.0,117662000.0,117500000.0,117609000.0,3.99813769,117659543.20640844,45.54455445544555,-315.85290932655334,15495.090156597504,100857.14285714286,117682850.0,117803248.06782855,117562451.93217145
2026-05-08T15:40:00,117601000.0,117783000.0,117601000.0,117662000.0,1.50143006,117659777.1867505,44.36416184971098,158.74743762612343,12427.821612803229,108571.42857142857,117682100.0,117802837.90666261,117561362.09333739
2026-05-08T15:45:00,117662000.0,117662000.0,117615000.0,117640000.0,1.83086237,117657893.64515522,41.1849710982659,-1226.2095263153315,9697.015384979517,105928.57142857143,117676100.0,117792382.59588292,117559817.40411708
2026-05-08T15:50:00,117639000.0,117659000.0,117610000.0,117615000.0,1.19511065,117653808.53609282,39.58041958041958,-4291.617865264416,6899.288734930731,108500.0,117672450.0,117791704.65896231,117553195.34103769
2026-05-08T15:55:00,117615000.0,117615000.0,117600000.0,117609000.0,1.70757009,117649541.05646494,43.672839506172835,-7123.016217842698,4094.8277443760458,102928.57142857143,117670050.0,117792502.95552087,117547597.04447913
2026-05-08T16:00:00,117604000.0,117609000.0,117502000.0,117511000.0,2.07961723,117636346.67013495,38.34688346883469,-17077.83810415864,-139.70542533089156,109428.57142857143,117662250.0,117803891.31868175,117520608.68131825
2026-05-08T16:05:00,117511000.0,117511000.0,117401000.0,117428000.0,10.56231914,117616504.1301221,34.310134310134316,-31303.663364306092,-6372.497013125932,114214.28571428571,117650050.0,117826026.64318703,117474073.35681297
2026-05-08T16:10:00,117428000.0,117473000.0,117402000.0,117406000.0,2.15787497,117596456.11772951,36.4461738002594,-43847.50180615485,-13867.497971731716,104142.85714285714,117633350.0,117834916.78402223,117431783.21597777
2026-05-08T16:15:00,117402000.0,117431000.0,117372000.0,117380000.0,3.10703045,117575841.24937432,35.93350383631713,-55249.682900965214,-22143.934957578418,102928.57142857143,117614250.0,117835884.00366133,117392615.99633867
2026-05-08T16:20:00,117380000.0,117406000.0,117356000.0,117358000.0,2.201618,117555094.4637196,22.8613569321534,-65308.37540656328,-30776.82304737539,93500.0,117593950.0,117831625.12103269,117356274.87896731
2026-05-08T16:25:00,117356000.0,117358000.0,117327000.0,117358000.0,4.7148751,117536323.56241298,18.28125,-72444.86240774393,-39110.4309194491,88928.57142857143,117577300.0,117832368.28807,117322231.71193
2026-05-08T16:30:00,117358000.0,117564000.0,117327000.0,117535000.0,4.84249243,117536197.50884983,39.04382470119522,-63090.88655503094,-43906.52204656547,97785.71428571429,117569900.0,117820606.70639531,117319193.29360469
2026-05-08T16:35:00,117533000.0,117564000.0,117487000.0,117543000.0,3.34323004,117536845.36514986,42.3562412342216,-54405.111894860864,-46006.24001622455,96714.28571428571,117562800.0,117807758.94392844,117317841.05607156
2026-05-08T16:40:00,117543000.0,117599000.0,117542000.0,117599000.0,4.3146639,117542764.8541832,54.0785498489426,-42512.780045479536,-45307.54802207554,89571.42857142857,117562000.0,117806344.88137189,117317655.11862811
2026-05-08T16:45:00,117599000.0,117808000.0,117566000.0,117700000.0,2.04539106,117557739.62997527,56.509298998569385,-24653.96984961629,-41176.832387583694,95285.71428571429,117567000.0,117818603.69840811,117315396.30159189
2026-05-08T16:50:00,117701000.0,117827000.0,117701000.0,117827000.0,1.9295112,117583383.47473954,60.67270375161708,-250.01348704099655,-32991.46860747516,91357.14285714286,117572050.0,117840576.17239884,117303523.82760116
2026-05-08T16:55:00,117827000.0,117852000.0,117797000.0,117851000.0,3.18843909,117608870.76285958,63.61290322580645,20787.274415135384,-22235.720002953054,91928.57142857143,117576400.0,117860392.14221896,117292407.85778104
2026-05-08T17:00:00,117851000.0,117864000.0,117801000.0,117822000.0,2.08253432,117629168.78544438,63.28626444159179,34719.19770696759,-10844.736460968925,92928.57142857143,117582500.0,117882462.45379083,117282537.54620917
2026-05-08T17:05:00,117862000.0,117883000.0,117822000.0,117863000.0,2.61521468,117651438.42492586,65.6019656019656,48509.5171212852,1026.1142554818998,96214.28571428571,117593050.0,117917173.74180242,117268926.25819758
2026-05-08T17:10:00,117862000.0,117935000.0,117862000.0,117922000.0,2.81797232,117677206.19398054,76.51612903225806,63467.636125430465,13514.418629471615,93785.71428571429,117611900.0,117966660.0523408,117257139.9476592
2026-05-08T17:15:00,117921000.0,117976000.0,117920000.0,117968000.0,6.77572077,117704900.84217286,86.58536585365854,78133.19789648056,26438.174482873404,89928.57142857143,117629850.0,118018684.84520052,117241015.15479948
2026-05-08T17:20:00,117967000.0,117975000.0,117922000.0,117925000.0,1.84114495,117725862.66672784,84.18972332015811,85302.70415133238,38211.0804165652,88642.85714285714,117643000.0,118053592.8960854,117232407.1039146
2026-05-08T17:25:00,117960000.0,118000000.0,117926000.0,117997000.0,6.62188218,117751685.26989661,88.32298136645963,95691.31783644855,49707.12790054188,89785.71428571429,117660850.0,118100878.83876784,117220821.16123216
2026-05-08T17:30:00,118000000.0,118008000.0,117989000.0,118000000.0,5.89996174,117775334.29181123,90.83969465648855,102979.36197337508,60361.57471510852,87571.42857142857,117680100.0,118144683.52600107,117215516.47399893
2026-05-08T17:35:00,118000000.0,118061000.0,117999000.0,118061000.0,4.84725911,117802540.54973397,91.49940968122786,112381.91094705462,70765.64196149775,89785.71428571429,117702700.0,118195819.86372484,117209580.13627516
2026-05-08T17:40:00,118061000.0,118105000.0,118060000.0,118105000.0,3.89706064,117831346.21166407,89.91596638655462,121977.84634298086,81008.08283779437,76071.42857142857,117732400.0,118247947.49640808,117216852.50359192
2026-05-08T17:45:00,118100000.0,118250000.0,118100000.0,118206000.0,5.29346361,117867027.52483891,91.07806691449814,136162.94847548008,92039.05596533151,81285.71428571429,117771300.0,118307146.05016151,117235453.94983849
2026-05-08T17:50:00,118205000.0,118227000.0,118199000.0,118222000.0,6.6331666,117900834.4272352,90.61277705345502,147001.27124625444,103031.49902151611,79214.28571428571,117812100.0,118355048.24799423,117269151.75200577
2026-05-08T17:55:00,118221000.0,118270000.0,118193000.0,118210000.0,3.6396716,117930278.76749852,87.61061946902655,152860.34155100584,112997.26752741406,67428.57142857143,117853600.0,118384227.19592257,117322972.80407743
2026-05-08T18:00:00,118200000.0,118210000.0,118128000.0,118151000.0,5.06891924,117951299.83726057,76.55737704918033,151002.23034761846,120598.26009145495,64214.28571428572,117893250.0,118385039.37511265,117401460.62488735
2026-05-08T18:05:00,118152000.0,118210000.0,118142000.0,118210000.0,3.680251,117975937.94799766,77.82945736434108,152532.1747854501,126985.04303025399,65142.857142857145,117935850.0,118377464.87150781,117494235.12849219
2026-05-08T18:10:00,118206000.0,118315000.0,118206000.0,118314000.0,2.55484031,118008134.33390264,84.16666666666666,160288.88709671795,133645.8118435468,68428.57142857143,117974800.0,118404815.22616862,117544784.77383138
2026-05-08T18:15:00,118300000.0,118320000.0,118272000.0,118282000.0,9.51048637,118034216.77829286,79.46554149085794,161986.7228152752,139313.9940378925,67500.0,118011750.0,118411474.04955104,117612025.95044896
2026-05-08T18:20:00,118276000.0,118286000.0,118271000.0,118286000.0,2.97917532,118058196.13274115,77.7439024390244,161790.02176497877,143809.19958330976,63357.142857142855,118046100.0,118413223.61319919,117678976.38680081
2026-05-08T18:25:00,118286000.0,118288000.0,118200000.0,118200000.0,3.5808639,118071701.26295628,66.66666666666666,152931.75146327913,145633.70995930364,65642.85714285714,118071100.0,118405639.36909382,117736560.63090618
2026-05-08T18:30:00,118200000.0,118256000.0,118142000.0,118142000.0,4.25075041,118078396.38076997,65.26019690576652,139621.91858915985,144431.3516852749,70000.0,118086850.0,118402105.80256777,117771594.19743223
2026-05-08T18:35:00,118143000.0,118143000.0,118085000.0,118085000.0,3.3845098,118079025.29688711,56.321839080459775,123055.84532779455,140156.25041377882,68785.71428571429,118098550.0,118393677.07343397,117803422.92656603
2026-05-08T18:40:00,118085000.0,118135000.0,118080000.0,118089000.0,2.43495967,118079975.26861216,56.38450502152081,108993.47060361505,133923.69445174607,71357.14285714286,118111900.0,118376980.64314173,117846819.35685827
2026-05-08T18:45:00,118095000.0,118125000.0,118080000.0,118117000.0,1.77433534,118083501.43350624,54.21686746987952,98967.46794958413,126932.44915131369,70142.85714285714,118124600.0,118362406.11297533,117886793.88702467
2026-05-08T18:50:00,118118000.0,118118000.0,118088000.0,118116000.0,2.13608445,118086596.53507707,50.88566827697262,89904.73119272292,119526.90555959554,69071.42857142857,118134300.0,118352313.13335623,117916286.86664377
2026-05-08T18:55:00,118118000.0,118155000.0,118109000.0,118154000.0,2.07879664,118093015.91268878,45.340501792114694,84811.08010181785,112583.74046804,61642.857142857145,118143600.0,118347131.35022971,117940068.64977029
2026-05-08T19:00:00,118154000.0,118288000.0,118123000.0,118287000.0,1.47175713,118111490.58767079,54.81481481481482,90463.50639696419,108159.69365382486,71428.57142857143,118161700.0,118346941.91863902,117976458.08136098
2026-05-08T19:05:00,118287000.0,118308000.0,118081000.0,118085000.0,6.69014913,118108967.67455928,42.774566473988436,77747.16225329041,102077.18737371798,82142.85714285714,118166100.0,118338613.18790172,117993586.81209828
2026-05-08T19:10:00,118085000.0,118173000.0,118081000.0,118164000.0,2.51344124,118114208.84841077,50.73446327683616,73200.20131734014,96301.79016244243,82857.14285714286,118174300.0,118328151.7399796,118020448.2600204
2026-05-08T19:15:00,118143000.0,118262000.0,118126000.0,118187000.0,2.04018231,118121141.33903831,48.6454652532391,70638.33504195511,91169.09913834497,87714.28571428571,118180600.0,118324942.2832605,118036257.7167395
2026-05-08T19:20:00,118214000.0,118265000.0,118095000.0,118204000.0,1.82868134,118129032.64008228,42.78215223097113,69182.30493970215,86771.74029861641,92071.42857142857,118185550.0,118325705.51512897,118045394.48487103
2026-05-08T19:25:00,118204000.0,118272000.0,118195000.0,118205000.0,1.68952953,118136267.62674111,44.73324213406293,67332.91035884619,82883.97431066236,94142.85714285714,118185500.0,118325625.50765206,118045374.49234794
2026-05-08T19:30:00,118221000.0,118280000.0,118221000.0,118280000.0,2.23388693,118149956.42419435,49.62593516209476,71099.53385978937,80527.08622048776,98428.57142857143,118188400.0,118333999.88432619,118042800.11567381
2026-05-08T19:35:00,118280000.0,118443000.0,118280000.0,118440000.0,6.7884794,118177579.62189013,63.698630136986296,86003.87382367253,81622.44374112472,103785.71428571429,118199900.0,118383941.07093115,118015858.92906885
2026-05-08T19:40:00,118440000.0,118583000.0,118402000.0,118583000.0,6.61920602,118216191.08647202,72.94484911550468,108108.36953526735,86919.62889995326,108571.42857142857,118221500.0,118471102.20984179,117971897.79015821
2026-05-08T19:45:00,118583000.0,118613000.0,118545000.0,118609000.0,4.88934213,118253601.45918897,78.17204301075269,126268.77649408579,94789.45841877977,109285.71428571429,118241450.0,118545110.11123937,117937789.88876063
2026-05-08T19:50:00,118608000.0,118744000.0,118608000.0,118744000.0,5.41887897,118300306.08212334,80.86710650329877,149827.28591772914,105797.02391856966,115071.42857142857,118262950.0,118640209.63417646,117885690.36582354
2026-05-08T19:55:00,118743000.0,118777000.0,118653000.0,118730000.0,6.11058322,118341229.3123973,79.27411652340018,165460.56497135758,117729.73212912725,120714.28571428571,118285350.0,118716695.64233096,117854004.35766904
2026-05-08T20:00:00,118744000.0,118900000.0,118730000.0,118801000.0,5.63198758,118385016.9969309,80.66248880931064,181487.08770602942,130481.20324450769,130714.28571428571,118311100.0,118800226.78369348,117821973.21630652
2026-05-08T20:05:00,118801000.0,118858000.0,118730000.0,118734000.0,3.00313774,118418253.47341368,75.30541012216405,186630.5218975246,141711.06697511108,136571.42857142858,118337800.0,118858661.06845453,117816938.93154547
2026-05-08T20:10:00,118734000.0,118808000.0,118730000.0,118750000.0,1.71612996,118449848.3807076,72.49757045675413,189809.7877524048,151330.81113056984,130357.14285714286,118368200.0,118911434.98840888,117824965.01159112
2026-05-08T20:15:00,118750000.0,118798000.0,118735000.0,118752000.0,3.10987498,118478624.72540212,90.2291917973462,190297.13521419466,159124.07594729483,118642.85714285714,118401550.0,118953408.28653838,117849691.71346162
2026-05-08T20:20:00,118751000.0,118845000.0,118734000.0,118737000.0,5.57356761,118503231.89441144,87.45098039215686,187313.75063052773,164762.01088394143,120000.0,118433950.0,118984632.82016154,117883267.17983846
2026-05-08T20:25:00,118737000.0,118833000.0,118737000.0,118810000.0,2.14277469,118532447.9044675,88.22085889570552,188665.07324297726,169542.6233557486,117142.85714285714,118468600.0,119022512.17240359,117914687.82759641
2026-05-08T20:30:00,118810000.0,118822000.0,118777000.0,118781000.0,2.42812601,118556119.53261346,84.88512696493349,185260.38214740157,172686.1751140792,108214.28571428571,118501850.0,119046400.91106054,117957299.08893946
2026-05-08T20:35:00,118781000.0,118802000.0,118707000.0,118707000.0,6.27091047,118570489.10093598,77.88888888888889,174578.52579449117,173064.6452501616,109500.0,118529500.0,119055526.01496606,118003473.98503394
2026-05-08T20:40:00,118706000.0,118706000.0,118519000.0,118563000.0,7.94727863,118569775.8532278,64.60268317853458,152732.87166278064,168998.2905326854,117571.42857142857,118543300.0,119056873.28181039,118029726.71818961
2026-05-08T20:45:00,118551000.0,118700000.0,118527000.0,118632000.0,4.7383883,118575701.9624442,60.933940774487475,139381.0586346537,163074.8441530791,118285.71428571429,118570650.0,119037603.51960737,118103696.48039263
2026-05-08T20:50:00,118641000.0,118800000.0,118632000.0,118799000.0,2.31398513,118596968.44221142,61.973392461197335,140653.78565096855,158590.63245265698,117357.14285714286,118602400.0,119038249.99833962,118166550.00166038
2026-05-08T20:55:00,118799000.0,118799000.0,118680000.0,118743000.0,3.00624728,118610876.20961985,57.18884120171674,135580.80783581734,153988.66752928906,121000.0,118630200.0,119023322.23892431,118237077.76107569
2026-05-08T21:00:00,118743000.0,118819000.0,118682000.0,118777000.0,3.44758856,118626697.52298939,51.985559566787,132773.42284862697,149745.61859315666,121071.42857142857,118658850.0,119001464.26829909,118316235.73170091
2026-05-08T21:05:00,118804000.0,118816000.0,118740000.0,118777000.0,2.79413835,118641012.04460946,52.8763769889841,129060.81725637615,145608.65832580056,117642.85714285714,118687450.0,118958586.76875046,118416313.23124954
2026-05-08T21:10:00,118755000.0,118777000.0,118663000.0,118718000.0,4.34203509,118648344.23083714,44.84472049689441,119974.74943047762,140481.876546736,113642.85714285714,118709350.0,118901030.95751457,118517669.04248543
2026-05-08T21:15:00,118745000.0,118771000.0,118718000.0,118771000.0,2.17189575,118660025.73266217,52.33881163084703,115716.72193804383,135528.84562499757,108285.71428571429,118725900.0,118871209.68743747,118580590.31256253
2026-05-08T21:20:00,118770000.0,118771000.0,118769000.0,118771000.0,1.06299063,118670594.71050386,51.35483870967742,111061.95143043995,130635.46678608605,102857.14285714286,118735300.0,118865192.42512664,118605407.57487336
2026-05-08T21:25:00,118770000.0,118839000.0,118770000.0,118831000.0,2.59555038,118685871.40474159,54.74189675870348,110935.71298223734,126695.51602531632,103285.71428571429,118746400.0,118868560.20542505,118624239.79457495
2026-05-08T21:30:00,118833000.0,118990000.0,118715000.0,118768000.0,12.76266743,118693693.17571858,51.75936435868332,104546.94254012406,122265.80132827787,115000.0,118747600.0,118870131.88629052,118625068.11370948
2026-05-08T21:35:00,118768000.0,118784000.0,118573000.0,118636000.0,3.93097525,118688198.5875549,40.74468085106383,87820.16293402016,115376.67364942635,123214.28571428571,118742900.0,118875103.82986735,118610696.17013265
2026-05-08T21:40:00,118635000.0,118699000.0,118615000.0,118694000.0,2.76277649,118688751.10302587,45.51083591331269,78341.11722630262,107969.56236480162,126000.0,118737550.0,118868508.3702436,118606591.6297564
2026-05-08T21:45:00,118694000.0,118703000.0,118519000.0,118527000.0,4.67353678,118673346.23607102,41.525423728813564,56699.80087721348,97715.610067284,132357.14285714287,118727200.0,118888536.00113793,118565863.99886207
2026-05-08T21:50:00,118528000.0,118528000.0,118332000.0,118510000.0,7.15793547,118657789.45168331,47.16577540106952,37742.0766620785,85720.90338624289,132928.57142857142,118715200.0,118902937.33049975,118527462.66950025
2026-05-08T21:55:00,118504000.0,118551000.0,118344000.0,118377000.0,4.81628448,118631047.59914204,37.23723723723724,11849.363084286451,70946.59532585161,135357.14285714287,118696450.0,118936366.19150734,118456533.80849266
2026-05-08T22:00:00,118344000.0,118500000.0,118344000.0,118481000.0,2.42007787,118616757.3516047,33.01282051282051,-275.69015285372734,56702.13823011055,134500.0,118683650.0,118941130.32116939,118426169.67883061
2026-05-08T22:05:00,118477000.0,118483000.0,118252000.0,118270000.0,5.395603,118583732.84192806,28.322639780018335,-26604.14280128479,40040.88202383148,142500.0,118656650.0,118966308.06269091,118346991.93730909
2026-05-08T22:10:00,118270000.0,118281000.0,117923000.0,117923000.0,18.5241851,118520805.90460159,19.586894586894587,-74609.57843409479,17110.789932246225,158285.7142857143,118613750.0,119058944.16225427,118168555.83774573
2026-05-08T22:15:00,117943000.0,118050000.0,117921000.0,118046000.0,10.09376199,118475586.29463954,26.06417812704649,-101558.45730955899,-6623.059516114819,162071.42857142858,118580700.0,119090238.11902237,118071161.88097763
2026-05-08T22:20:00,118045000.0,118048000.0,118000000.0,118048000.0,3.27853096,118434863.79038817,27.210884353741505,-121355.34580390155,-29569.51677367217,157357.14285714287,118554950.0,119117544.16989516,117992355.83010484
2026-05-08T22:25:00,118000000.0,118001000.0,117851000.0,117860000.0,9.53647968,118380114.85797025,21.61993769470405,-150479.91262078285,-53751.595943094304,167642.85714285713,118516350.0,119157180.47269684,117875519.52730316
2026-05-08T22:30:00,117862000.0,118121000.0,117814000.0,118058000.0,7.05784689,118349437.25244927,30.227398779811423,-155788.56283204257,-74158.98932088396,189428.57142857142,118479300.0,119136789.99592151,117821810.00407849
2026-05-08T22:35:00,118112000.0,118158000.0,118019000.0,118049000.0,6.39314503,118320824.18078744,27.682648401826484,-158890.3421960771,-91105.25989592259,194428.57142857142,118444600.0,119116585.40084393,117772614.59915607
2026-05-08T22:40:00,118048000.0,118048000.0,117875000.0,117943000.0,5.29775808,118284840.92547436,27.01949860724234,-167965.6355189383,-106477.33502052573,187214.2857142857,118402900.0,119091340.77068174,117714459.22931826
2026-05-08T22:45:00,117943000.0,117948000.0,117847000.0,117895000.0,6.52692736,118247713.21828632,28.34599649327879,-176990.82959787548,-120580.03393599569,179357.14285714287,118358800.0,119059233.12915729,117658366.87084271
2026-05-08T22:50:00,117896000.0,117979000.0,117868000.0,117868000.0,4.16466337,118211550.05464,25.416666666666657,-184198.70724265277,-133303.7685973271,181285.7142857143,118316300.0,119028023.80805154,117604576.19194846
2026-05-08T22:55:00,117877000.0,117898000.0,117839000.0,117841000.0,4.74374938,118176259.5732457,27.727272727272734,-189900.62041458488,-144623.13896077868,172357.14285714287,118269800.0,118977952.40702759,117561647.59297241
2026-05-08T23:00:00,117894000.0,118094000.0,117840000.0,118081000.0,4.14012775,118167187.23293659,37.83323879750426,-173058.52252462506,-150310.21567354797,176500.0,118235300.0,118906930.8823344,117563669.1176656
2026-05-08T23:05:00,118087000.0,118373000.0,118086000.0,118169000.0,4.59788384,118167359.87741882,43.9464493597206,-150871.0267700851,-150422.3778928554,182571.42857142858,118202200.0,118812686.12208892,117591713.87791108
2026-05-08T23:10:00,118169000.0,118260000.0,118169000.0,118256000.0,3.48832298,118175801.79385513,43.38624338624338,-124828.1622698754,-145303.53476825941,177928.57142857142,118176600.0,118727188.35516393,117626011.64483607
2026-05-08T23:15:00,118256000.0,118800000.0,118255000.0,118710000.0,12.65626685,118226677.81348798,61.31687242798353,-66785.14122530818,-129599.85605966917,200357.14285714287,118180300.0,118744708.25090021,117615891.74909979
2026-05-08T23:20:00,118710000.0,118783000.0,118489000.0,118620000.0,4.23109973,118264137.06934626,70.65797273266153,-27728.24278613925,-109225.5334049632,195785.7142857143,118176600.0,118727640.89064053,117625559.10935947
2026-05-08T23:25:00,118620000.0,118625000.0,118426000.0,118426000.0,3.07778351,118279552.58655138,60.80773606370876,-12287.900786370039,-89838.00688124457,200785.7142857143,118171550.0,118710794.88138996,117632305.11861004
2026-05-08T23:30:00,118420000.0,118481000.0,118043000.0,118481000.0,5.53348404,118298738.05449887,61.95472114853672,4336.730703890324,-71003.05936421758,228642.85714285713,118170100.0,118705656.33641449,117634543.66358551
2026-05-08T23:35:00,118464000.0,118600000.0,118353000.0,118599000.0,5.59390055,118327334.43026087,71.22343480758185,26725.410866305232,-51457.36531811302,232214.2857142857,118181200.0,118743353.97778265,117619046.02221735
2026-05-08T23:40:00,118599000.0,118600000.0,118527000.0,118544000.0,2.35588366,118347969.2464265,65.20650813516897,39574.37212328613,-33251.017829833196,215500.0,118184350.0,118754230.2367257,117614469.7632743
2026-05-08T23:45:00,118546000.0,118622000.0,118500000.0,118527000.0,2.6405913,118365019.79438588,64.88169364881693,47834.10675911605,-17033.992912043348,214285.7142857143,118197200.0,118786472.02189608,117607927.97810392
2026-05-08T23:50:00,118501000.0,118527000.0,118443000.0,118490000.0,2.50917696,118376922.67111105,67.79440468445023,50808.72384689748,-3465.4495602551833,207857.14285714287,118225550.0,118813833.66770141,117637266.33229859
2026-05-08T23:55:00,118490000.0,118527000.0,118400000.0,118427000.0,1.58964427,118381691.94052905,67.13917525773196,47534.6064786762,6734.561647531094,209714.2857142857,118244600.0,118833077.92964922,117656122.07035078
2026-05-09T00:00:00,118427000.0,118500000.0,118223000.0,118223000.0,2.7986731,118366578.42238343,60.26604973973395,28154.205617800355,11018.490441584949,221571.42857142858,118253350.0,118834680.334573,117672019.665427
2026-05-09T00:05:00,118222000.0,118400000.0,118211000.0,118261000.0,1.68954829,118356523.33453739,62.06896551724138,15680.624252513051,11950.91720377057,230857.14285714287,118273400.0,118824481.76869634,117722318.23130366
2026-05-09T00:10:00,118260000.0,118279000.0,118121000.0,118122000.0,3.72410994,118334187.77886716,51.250762660158635,-5359.140341416001,8488.905694733256,224000.0,118276600.0,118823139.8911622,117730060.1088378
2026-05-09T00:15:00,118121000.0,118159000.0,118063000.0,118075000.0,3.248362,118309503.22849885,47.05882352941176,-25531.501315668225,1684.8242926529592,210000.0,118277900.0,118822279.85963751,117733520.14036249
2026-05-09T00:20:00,118076000.0,118149000.0,117953000.0,117955000.0,7.3559243,118275741.01626086,40.7725321888412,-50617.74992720783,-8775.6905513192,217500.0,118278500.0,118821349.98412377,117735650.01587623
2026-05-09T00:25:00,117963000.0,118002000.0,117900000.0,117975000.0,5.7002378,118247099.01471221,19.298245614035082,-68099.93616217375,-20640.53967349011,185857.14285714287,118282500.0,118814522.75376748,117750477.24623252
2026-05-09T00:30:00,117996000.0,118093000.0,117893000.0,118093000.0,5.04788712,118232422.91807297,28.48979591836735,-71607.63265779614,-30833.95827035132,179142.85714285713,118293750.0,118797639.66001864,117789860.33998136
2026-05-09T00:35:00,118122000.0,118149000.0,118020000.0,118121000.0,1.21414751,118221811.21158983,35.59962228517469,-71306.16828647256,-38928.40027357557,174142.85714285713,118307750.0,118772731.6634755,117842768.3365245
2026-05-09T00:40:00,118149000.0,118353000.0,118121000.0,118255000.0,2.56881061,118224972.04858127,40.070298769771526,-59567.91365608573,-43056.3029500776,159428.57142857142,118316450.0,118769937.29454727,117862962.70545273
2026-05-09T00:45:00,118285000.0,118400000.0,118202000.0,118354000.0,2.41090131,118237260.42490686,39.052725647899905,-41795.00289262831,-42804.04293858775,155928.57142857142,118325700.0,118774041.55213234,117877358.44786766
2026-05-09T00:50:00,118354000.0,118441000.0,118216000.0,118401000.0,5.19327348,118252854.67015383,43.56435643564357,-23644.773629039526,-38972.18907667811,166785.7142857143,118332950.0,118781235.37668252,117884664.62331748
2026-05-09T00:55:00,118417000.0,118463000.0,118327000.0,118328000.0,1.5256291,118260011.36823441,41.4738646101114,-14978.41425010562,-34173.43411136361,167785.7142857143,118313850.0,118725552.63924088,117902147.36075912
2026-05-09T01:00:00,118328000.0,118498000.0,118217000.0,118217000.0,3.28834089,118255915.04745018,39.00080580177277,-16872.538221016526,-30713.254933294196,181857.14285714287,118293700.0,118681039.69859192,117906360.30140808
2026-05-09T01:05:00,118217000.0,118330000.0,118217000.0,118218000.0,3.40218748,118252304.09055015,41.13655640373198,-18084.486765533686,-28187.501299742096,180857.14285714287,118283300.0,118666833.76300977,117899766.23699023
2026-05-09T01:10:00,118240000.0,118263000.0,118184000.0,118185000.0,4.46542444,118245894.17716442,48.11507936507937,-21460.406716167927,-26842.082383027264,166714.2857142857,118268500.0,118642641.26237364,117894358.73762636
2026-05-09T01:15:00,118201000.0,118229000.0,118118000.0,118139000.0,2.32363302,118235713.77933924,43.996062992125985,-27530.310874462128,-26979.728081314235,161142.85714285713,118245500.0,118589431.75577663,117901568.24422337
2026-05-09T01:20:00,118139000.0,118181000.0,118124000.0,118124000.0,2.72253893,118225074.37178312,50.11210762331838,-33168.779250621796,-28217.53831517575,153928.57142857142,118224500.0,118541961.31136021,117907038.68863979
2026-05-09T01:25:00,118124000.0,118249000.0,118122000.0,118122000.0,2.0604841,118215257.76494664,52.77449822904368,-37367.93505246937,-30047.617662634475,156142.85714285713,118204250.0,118490610.74047296,117917889.25952704
2026-05-09T01:30:00,118122000.0,118152000.0,117951000.0,117976000.0,5.03799923,118192471.31114219,51.20274914089347,-51878.750167280436,-34413.84416356367,156500.0,118178550.0,118448733.93345045,117908366.06654955
2026-05-09T01:35:00,117976000.0,117977000.0,117884000.0,117884000.0,2.49738916,118163093.0910334,45.18518518518518,-69995.44291912019,-41530.16391467498,155857.14285714287,118151400.0,118425563.5316837,117877236.4683163
2026-05-09T01:40:00,117899000.0,117987000.0,117850000.0,117890000.0,5.47033056,118137084.2252207,37.81512605042017,-82913.13162305951,-49806.75745635189,151357.14285714287,118134750.0,118430223.12639403,117839276.87360597
2026-05-09T01:45:00,117857000.0,117953000.0,117852000.0,117858000.0,1.61035645,118110504.77519968,34.28912783751494,-94641.65546092391,-58773.73705726629,149357.14285714287,118114600.0,118428229.61729103,117800970.38270897
2026-05-09T01:50:00,117858000.0,117990000.0,117853000.0,117919000.0,2.43521192,118092266.22518067,28.01047120418849,-97886.03561355174,-66596.19676852338,142571.42857142858,118104450.0,118429984.68567722,117778915.31432278
2026-05-09T01:55:00,117919000.0,117965000.0,117854000.0,117897000.0,2.22348024,118073669.44183013,16.739446870451232,-101067.40427313745,-73490.4382694462,136357.14285714287,118095550.0,118433953.35633525,117757146.64366475
2026-05-09T02:00:00,117897000.0,117994000.0,117871000.0,117993000.0,0.91774515,118065986.6378463,22.282608695652172,-94750.04462726414,-77742.35954100979,129071.42857142857,118097450.0,118432944.90544413,117761955.09455587
2026-05-09T02:05:00,117993000.0,118106000.0,117940000.0,117940000.0,2.72026777,118053987.91043237,22.90502793296089,-92948.69396878779,-80783.62642656539,131214.2857142857,118095700.0,118434235.60801598,117757164.39198402
2026-05-09T02:10:00,117940000.0,117977000.0,117851000.0,117897000.0,2.30765018,118039036.68086739,25.308641975308646,-93908.33440481126,-83408.56802221456,120142.85714285714,118085900.0,118435917.68376382,117735882.31623618
2026-05-09T02:15:00,117977000.0,118130000.0,117932000.0,118130000.0,0.95985364,118047699.85411812,45.0,-75003.11441130936,-81727.47730003353,128714.28571428571,118086350.0,118436580.76602963,117736119.23397037
2026-05-09T02:20:00,118130000.0,118195000.0,118039000.0,118052000.0,1.35833945,118048109.39182115,42.810810810810814,-65558.81824077666,-78493.74548818216,134214.2857142857,118076200.0,118417503.75420085,117734896.24579915
2026-05-09T02:25:00,118052000.0,118183000.0,117994000.0,118026000.0,2.40349487,118046003.73545723,43.75690607734807,-59486.405933484435,-74692.27757724262,139785.7142857143,118059800.0,118375457.10910152,117744142.89089848
2026-05-09T02:30:00,118077000.0,118401000.0,118077000.0,118366000.0,1.64499156,118076479.57017559,59.83739837398374,-26928.403061017394,-65139.50267399759,162500.0,118058050.0,118366037.33740206,117750062.66259794
2026-05-09T02:35:00,118401000.0,118411000.0,118121000.0,118123000.0,3.84231256,118080910.08730172,50.03399048266485,-20497.735248550773,-56211.14918890823,174142.85714285713,118047800.0,118330572.43966058,117765027.56033942
2026-05-09T02:40:00,118171000.0,118268000.0,118123000.0,118179000.0,1.1701716,118090251.98374917,57.34974656046344,-10758.633854180574,-47120.64612196271,170142.85714285713,118045900.0,118324363.3775411,117767436.6224589
2026-05-09T02:45:00,118179000.0,118340000.0,118151000.0,118340000.0,2.34843918,118114037.5091064,65.72413793103448,9837.626598417759,-35728.99157788661,177000.0,118052000.0,118350930.02173544,117753069.97826456
2026-05-09T02:50:00,118300000.0,118357000.0,118216000.0,118284000.0,0.88342754,118130224.41300102,63.13333333333333,21394.9517211318,-24304.20291808293,177285.7142857143,118056950.0,118368178.78705986,117745721.21294014
2026-05-09T02:55:00,118284000.0,118284000.0,117989000.0,118057000.0,3.40393408,118123250.65938187,55.87020648967552,12097.756854623556,-17023.810963541637,191142.85714285713,118052850.0,118361678.87443408,117744021.12556592
2026-05-09T03:00:00,118057000.0,118410000.0,118022000.0,118286000.0,1.53660906,118138750.59658359,59.84970477724101,22943.56991530955,-9030.3347877714,209071.42857142858,118060950.0,118385722.61681305,117736177.38318695
2026-05-09T03:05:00,118286000.0,118332000.0,118200000.0,118264000.0,1.36160701,118150679.11119467,59.84970477724101,29424.550861239433,-1339.3576579692335,210571.42857142858,118068050.0,118404442.92501481,117731657.07498519
2026-05-09T03:10:00,118224000.0,118264000.0,118197000.0,118201000.0,0.70930749,118155471.57679518,55.68306010928961,29141.27894297242,4756.769662219098,206571.42857142858,118079300.0,118417774.0369426,117740825.9630574
2026-05-09T03:15:00,118201000.0,118394000.0,118200000.0,118264000.0,3.98380319,118165807.61710039,58.80434782608696,33612.88893356919,10527.993516489118,208571.42857142858,118098300.0,118433257.7192486,117763342.2807514
2026-05-09T03:20:00,118334000.0,118370000.0,118202000.0,118319000.0,2.20245511,118180397.36785273,61.39308855291576,41120.69859647751,16646.534532486796,211571.42857142858,118119750.0,118453485.39786707,117786014.60213293
2026-05-09T03:25:00,118221000.0,118352000.0,118221000.0,118231000.0,1.75972188,118185216.66615248,52.95840656121851,39514.33068457246,21220.09376290393,204285.7142857143,118138400.0,118451603.75073376,117825196.24926624
2026-05-09T03:30:00,118231000.0,118279000.0,118180000.0,118181000.0,1.59286365,118184815.07889986,53.84157236450268,33816.87057483196,23739.44912528954,200214.2857142857,118151500.0,118447510.3127649,117855489.6872351
2026-05-09T03:35:00,118181000.0,118181000.0,118042000.0,118179000.0,4.32097276,118184261.26186177,54.622356495468274,28808.12694953382,24753.184690138394,196642.85714285713,118165600.0,118436355.20114557,117894844.79885443
2026-05-09T03:40:00,118179000.0,118180000.0,118057000.0,118066000.0,0.61437097,118172998.2845416,39.495798319327726,15541.354856222868,22910.81872335529,178642.85714285713,118169250.0,118432059.81716827,117906440.18283173
2026-05-09T03:45:00,118066000.0,118139000.0,118064000.0,118090000.0,0.54289546,118165093.68601385,48.63523573200993,6884.580653697252,19705.571109423683,163285.7142857143,118176750.0,118419834.45575888,117933665.54424112
2026-05-09T03:50:00,118071000.0,118261000.0,118059000.0,118059000.0,0.65589208,118154989.5254411,44.93243243243243,-2449.183529496193,15274.620181639708,167357.14285714287,118184850.0,118397586.827782,117972113.172218
2026-05-09T03:55:00,118059000.0,118164000.0,118034000.0,118034000.0,1.73402137,118143466.71349432,35.40076335877862,-11728.352806597948,9874.025583992177,163142.85714285713,118180050.0,118402124.88068576,117957975.11931424
2026-05-09T04:00:00,118046000.0,118046000.0,117850000.0,117881000.0,6.91779778,118118469.88363773,32.40174672489083,-31069.82898887992,1685.2546694177581,167071.42857142858,118171500.0,118425242.09865844,117917757.90134156
2026-05-09T04:05:00,117881000.0,117998000.0,117848000.0,117979000.0,2.82951307,118105187.03757699,46.161417322834644,-38051.67125146091,-6262.130514757976,156714.2857142857,118169150.0,118429354.19107433,117908945.80892567
2026-05-09T04:10:00,117979000.0,117997000.0,117850000.0,117943000.0,7.39193656,118089740.65304585,29.16160388821386,-45959.93318082392,-14201.691047971166,139500.0,118148000.0,118409595.10698791,117886404.89301209
2026-05-09T04:15:00,117891000.0,118049000.0,117891000.0,117900000.0,1.08510666,118071670.11466053,28.436018957345965,-55062.30439978838,-22373.81371833461,141357.14285714287,118136850.0,118420971.74929257,117852728.25070743
2026-05-09T04:20:00,117913000.0,118007000.0,117896000.0,117898000.0,3.37184552,118055130.10374048,30.651340996168585,-61725.84533314407,-30244.220041296503,144500.0,118122800.0,118425339.84513573,117820260.15486427
2026-05-09T04:25:00,117898000.0,117980000.0,117893000.0,117893000.0,1.23146704,118039689.14147949,24.41379310344827,-66642.00024867058,-37523.77608277132,136857.14285714287,118100450.0,118401469.65314405,117799430.34685595
2026-05-09T04:30:00,117893000.0,118011000.0,117893000.0,117959000.0,0.96998785,118032004.4613386,25.543478260869577,-64469.27831353247,-42912.87652892355,133285.7142857143,118084200.0,118378513.54565822,117789886.45434178
2026-05-09T04:35:00,118006000.0,118012000.0,117906000.0,118009000.0,0.57704069,118029813.56025872,34.09742120343839,-58043.706674173474,-45939.04255797354,131500.0,118081800.0,118377825.31897406,117785774.68102594
2026-05-09T04:40:00,117980000.0,118058000.0,117980000.0,118000000.0,0.84789828,118026974.17356741,36.22526636225266,-53065.908874973655,-47364.415821373565,130000.0,118067500.0,118349280.42963685,117785719.57036315
2026-05-09T04:45:00,118001000.0,118049000.0,118000000.0,118010000.0,0.73475764,118025357.5856086,37.29323308270676,-47763.464344248176,-47444.22552594849,123571.42857142857,118054800.0,118321798.60043003,117787801.39956997
2026-05-09T04:50:00,118044000.0,118044000.0,118003000.0,118005000.0,0.47998675,118023418.7679316,44.524236983842,-43463.67487607896,-46648.115395974586,117714.28571428571,118045000.0,118303662.14501385,117786337.85498615
2026-05-09T04:55:00,118038000.0,118059000.0,117982000.0,118059000.0,2.02832193,118026807.45670001,47.359454855195914,-35291.889111846685,-44376.87013914901,117857.14285714286,118034750.0,118272253.57338035,117797246.42661965
2026-05-09T05:00:00,118065000.0,118199000.0,117998000.0,118146000.0,2.42432602,118038159.12749049,56.765163297045106,-21547.13514713943,-39810.923140747094,117785.71428571429,118026100.0,118230277.32231416,117821922.67768584
2026-05-09T05:05:00,118146000.0,118203000.0,118070000.0,118071000.0,1.27173976,118041286.82963425,52.66955266955267,-16515.807851165533,-35151.90008283078,118000.0,118018100.0,118199771.65291728,117836428.34708272
2026-05-09T05:10:00,118071000.0,118203000.0,118055000.0,118150000.0,0.70009464,118051640.46490718,71.72859450726979,-6083.676119551063,-29338.25529017484,114571.42857142857,118016550.0,118192818.30625352,117840281.69374648
2026-05-09T05:15:00,118150000.0,118208000.0,118150000.0,118154000.0,1.39226704,118061388.99205889,66.66666666666666,2478.0644236654043,-22974.99134740679,108000.0,118015300.0,118187013.47002925,117843586.52997075
2026-05-09T05:20:00,118150000.0,118227000.0,118127000.0,118220000.0,1.37346922,118076494.80233899,74.95495495495496,14422.698018208146,-15495.453474283802,104642.85714285714,118023000.0,118216691.01818703,117829308.98181297
2026-05-09T05:25:00,118220000.0,118232000.0,118201000.0,118204000.0,0.67334692,118088638.15449718,78.78787878787878,22340.314674720168,-7928.299844483009,95571.42857142857,118028700.0,118236861.98146234,117820538.01853766
2026-05-09T05:30:00,118203000.0,118203000.0,118069000.0,118154000.0,2.86121183,118094863.09216411,72.22222222222221,24300.38111869991,-1482.5636518464253,97285.71428571429,118033450.0,118248736.80992186,117818163.19007814
2026-05-09T05:35:00,118153000.0,118154000.0,118118000.0,118153000.0,0.38673793,118100399.94052944,72.72727272727272,25479.346211642027,3909.8183208512655,93642.85714285714,118039400.0,118261229.14240709,117817570.85759291
2026-05-09T05:40:00,118153000.0,118154000.0,118109000.0,118154000.0,1.26134345,118105504.70809807,69.23076923076923,26192.445971503854,8366.343850981784,88428.57142857143,118053050.0,118267307.56757504,117838792.43242496
2026-05-09T05:45:00,118154000.0,118237000.0,118100000.0,118217000.0,0.87518602,118116123.30732682,70.0,31478.2939774096,12988.733876267348,90642.85714285714,118064950.0,118288141.6570786,117841758.3429214
2026-05-09T05:50:00,118236000.0,118237000.0,118099000.0,118118000.0,2.9887803,118116302.03996237,59.67213114754098,27363.464990854263,15863.680099184732,94928.57142857143,118073700.0,118290388.08531113,117857011.91468887
2026-05-09T05:55:00,118118000.0,118118000.0,118001000.0,118043000.0,2.3419864,118109320.89329928,52.44444444444444,17844.85578495264,16259.915236338315,99785.71428571429,118080850.0,118282307.0869807,117879392.9130193
2026-05-09T06:00:00,118043000.0,118168000.0,118020000.0,118168000.0,1.45556234,118114909.37965173,60.25157232704402,20155.405771404505,17039.013343351555,107428.57142857143,118094350.0,118279762.51306212,117908937.48693788
2026-05-09T06:05:00,118168000.0,118177000.0,118100000.0,118138000.0,1.75430096,118117108.48635155,55.12321660181582,19342.81210526824,17499.77309573489,107428.57142857143,118106600.0,118266637.36405836,117946562.63594164
2026-05-09T06:10:00,118159000.0,118177000.0,118102000.0,118177000.0,0.67928736,118122812.44003236,52.14384508990318,21596.844849973917,18319.187446582695,98428.57142857143,118117500.0,118264362.62825839,117970637.37174161
2026-05-09T06:15:00,118169000.0,118228000.0,118104000.0,118228000.0,1.22230636,118132830.30288643,61.23032904148784,27185.083098962903,20092.36657705874,97785.71428571429,118128450.0,118273900.98649956,117982999.01350044
2026-05-09T06:20:00,118228000.0,118247000.0,118182000.0,118195000.0,1.32511967,118138751.22642106,53.445635528330776,28621.052290067077,21798.10371966041,91857.14285714286,118138200.0,118273161.35899237,118003238.64100763
2026-05-09T06:25:00,118228000.0,118229000.0,118182000.0,118183000.0,2.28586597,118142965.39533333,52.193645990922846,28462.66858176887,23131.0166920821,91071.42857142857,118146850.0,118268759.84589577,118024940.15410423
2026-05-09T06:30:00,118183000.0,118217000.0,118177000.0,118177000.0,3.47331809,118146206.78625396,46.422628951747086,27535.585407674313,24011.930435200542,86785.71428571429,118155450.0,118257948.21564564,118052951.78435436
2026-05-09T06:35:00,118177000.0,118230000.0,118177000.0,118186000.0,2.49631442,118149996.61613454,48.484848484848484,27213.391064345837,24652.2225610296,88357.14285714286,118161800.0,118254396.6919951,118069203.3080049
2026-05-09T06:40:00,118185000.0,118220000.0,118102000.0,118175000.0,6.08897622,118152377.8907884,51.89189189189189,25773.342606589198,24876.44657014152,87142.85714285714,118163250.0,118255713.07940277,118070786.92059723
2026-05-09T06:45:00,118139000.0,118175000.0,118106000.0,118142000.0,0.47209068,118151389.52023713,49.063032367972745,21718.907574370503,24244.93877098732,89500.0,118166800.0,118249261.09130348,118084338.90869652
2026-05-09T06:50:00,118108000.0,118167000.0,118108000.0,118131000.0,1.71277646,118149447.66116694,48.073701842546065,17417.354115232825,22879.42183983642,90500.0,118165850.0,118249554.42986462,118082145.57013538
2026-05-09T06:55:00,118131000.0,118221000.0,118114000.0,118197000.0,2.62578173,118153976.45534152,48.333333333333336,19113.660047650337,22126.269481399206,88357.14285714286,118168000.0,118252626.73460875,118083373.26539125
2026-05-09T07:00:00,118220000.0,118297000.0,118175000.0,118240000.0,3.10577311,118162169.17388043,61.213235294117645,23655.054609537125,22432.026507026792,87214.28571428571,118169000.0,118256633.20687605,118081366.79312395
2026-05-09T07:05:00,118240000.0,118301000.0,118240000.0,118296000.0,2.40658754,118174914.9668442,74.0952380952381,31410.79046730697,24227.77929908283,83214.28571428571,118173600.0,118277176.87203747,118070023.12796253
2026-05-09T07:10:00,118291000.0,118363000.0,118291000.0,118352000.0,2.02804639,118191780.20809713,70.17543859649123,41596.50043603778,27701.523526473822,77785.71428571429,118183500.0,118313634.34353942,118053365.65646058
2026-05-09T07:15:00,118362000.0,118423000.0,118300000.0,118370000.0,3.67198965,118208753.52161169,76.12612612612612,50538.62077692151,32268.94297656336,81071.42857142857,118194350.0,118347862.24878272,118040837.75121728
2026-05-09T07:20:00,118380000.0,118380000.0,118270000.0,118330000.0,2.09235572,118220300.80526772,67.19101123595505,53777.73362775147,36570.70110680099,83571.42857142857,118203150.0,118366768.65161988,118039531.34838012
2026-05-09T07:25:00,118308000.0,118328000.0,118271000.0,118327000.0,1.94518835,118230462.63333745,62.46851385390428,55463.332201719284,40349.22732578465,78928.57142857143,118208650.0,118381370.97973934,118035929.02026066
2026-05-09T07:30:00,118327000.0,118341000.0,118296000.0,118298000.0,1.63665025,118236894.76349579,63.104325699745544,53838.5067858547,43047.08321779866,77500.0,118217650.0,118389237.35691375,118046062.64308625
2026-05-09T07:35:00,118298000.0,118333000.0,118274000.0,118298000.0,2.31684516,118242714.30982953,65.09186351706037,51951.95118327439,44828.05681089381,78357.14285714286,118230400.0,118384332.86301439,118076467.13698561
2026-05-09T07:40:00,118298000.0,118319000.0,118273000.0,118274000.0,1.58519628,118245693.89936958,62.15538847117794,47967.30561223626,45455.906571162304,78785.71428571429,118235700.0,118387875.93695946,118083524.06304054
2026-05-09T07:45:00,118274000.0,118312000.0,118268000.0,118269000.0,3.02422638,118247913.52800106,60.506329113924046,43899.93594130874,45144.71244519159,78142.85714285714,118242250.0,118387854.90882418,118096645.09117582
2026-05-09T07:50:00,118269000.0,118270000.0,118241000.0,118241000.0,1.87199395,118247255.09676285,58.00970873786408,37979.347897827625,43711.6395357188,71785.71428571429,118245450.0,118387793.50594328,118103106.49405672
2026-05-09T07:55:00,118241000.0,118242000.0,118230000.0,118232000.0,1.83225274,118245802.23040448,61.5979381443299,32189.94874241948,41407.30137705894,67714.28571428571,118245650.0,118387901.48227888,118103398.51772112
2026-05-09T08:00:00,118232000.0,118232000.0,118200000.0,118203000.0,2.48348908,118241725.8275088,58.86699507389162,24973.8673671782,38120.61457508279,65785.71428571429,118246050.0,118387745.70806564,118104354.29193436
2026-05-09T08:05:00,118203000.0,118224000.0,118200000.0,118216000.0,6.41588121,118239275.74869844,52.691218130311604,20072.676917999983,34511.02704366623,59857.142857142855,118247700.0,118387053.54507987,118108346.45492013
2026-05-09T08:10:00,118216000.0,118216000.0,118200000.0,118200000.0,2.23879361,118235535.20120335,43.86503067484662,14727.611159607768,30554.343866854542,52285.71428571428,118248850.0,118386110.83506274,118111589.16493726
2026-05-09T08:15:00,118200000.0,118212000.0,118121000.0,118161000.0,8.18765642,118228436.61061254,28.155339805825236,7260.934441074729,25895.66198169858,54428.57142857143,118247600.0,118387696.8086342,118107503.1913658
2026-05-09T08:20:00,118157000.0,118161000.0,118150000.0,118150000.0,1.48891593,118220966.45722087,11.74242424242425,450.735479965806,20806.676681352026,50071.42857142857,118246350.0,118389585.2132536,118103114.7867464
2026-05-09T08:25:00,118151000.0,118155000.0,118150000.0,118151000.0,1.16623584,118214302.9851046,5.668016194331997,-4810.254993617535,15683.290346358115,41642.857142857145,118246800.0,118388705.23153448,118104894.76846552
2026-05-09T08:30:00,118151000.0,118155000.0,118132000.0,118154000.0,2.15085502,118208559.84366608,8.095238095238102,-8637.979666739702,10819.036343738553,35428.57142857143,118247950.0,118386230.37878856,118109669.62121144
2026-05-09T08:35:00,118155000.0,118161000.0,118114000.0,118115000.0,3.03244732,118199649.38236454,6.910569105691067,-14649.5818503201,5725.312704926822,34571.42857142857,118243850.0,118392931.78610207,118094768.21389793
2026-05-09T08:40:00,118115000.0,118178000.0,118114000.0,118114000.0,5.46429326,118191492.29832983,7.798165137614674,-19272.351859092712,725.7797921229148,35928.57142857143,118237550.0,118397565.09797192,118077534.90202808
2026-05-09T08:45:00,118115000.0,118151000.0,118114000.0,118114000.0,2.09329638,118184112.07944128,7.798165137614674,-22674.55227212608,-3954.286620726884,34357.142857142855,118228450.0,118395034.86062512,118061865.13937488
2026-05-09T08:50:00,118114000.0,118151000.0,118114000.0,118150000.0,2.01949756,118180863.30997069,23.043478260869563,-22209.899578377604,-7605.409212257028,33714.28571428572,118218350.0,118377733.38419643,118058966.61580357
2026-05-09T08:55:00,118150000.0,118175000.0,118117000.0,118150000.0,2.72788954,118177923.94711635,23.555555555555557,-21592.751176401973,-10402.877605086018,34714.28571428572,118207350.0,118352386.14794436,118062313.85205564
2026-05-09T09:00:00,118170000.0,118181000.0,118113000.0,118144000.0,5.55120656,118174693.09501003,26.108374384236456,-21341.791588813066,-12590.660401831428,37500.0,118198050.0,118333509.41322623,118062590.58677377
2026-05-09T09:05:00,118113000.0,118136000.0,118112000.0,118113000.0,2.48643666,118168817.56215194,23.555555555555557,-23374.894002079964,-14747.507121881135,38928.57142857143,118187350.0,118313403.0798806,118061296.9201194
2026-05-09T09:10:00,118118000.0,118127000.0,118112000.0,118115000.0,2.97266236,118163692.08004223,27.77777777777777,-24541.85579022765,-16706.37685555044,37714.28571428572,118178200.0,118296780.37469654,118059619.62530346
2026-05-09T09:15:00,118115000.0,118115000.0,118109000.0,118112000.0,2.91684352,118158769.02480012,22.340425531914903,-25415.77906253934,-18448.25729694822,36428.57142857143,118168900.0,118276595.2816247,118061204.7183753
2026-05-09T09:20:00,118109000.0,118216000.0,118106000.0,118216000.0,4.11684413,118164219.59386678,52.89855072463768,-17514.541978880763,-18261.514233334732,43142.857142857145,118166000.0,118264511.01995537,118067488.98004463
2026-05-09T09:25:00,118216000.0,118220000.0,118163000.0,118200000.0,1.98394325,118167627.25159375,57.70750988142293,-12400.871420711279,-17089.385670810043,40714.28571428572,118162550.0,118250095.41678475,118075004.58321525
2026-05-09T09:30:00,118200000.0,118312000.0,118187000.0,118269000.0,3.4096299,118177281.79906102,69.13183279742765,-2748.840397402644,-14221.276616128564,48857.142857142855,118163950.0,118257469.43226165,118070430.56773835
2026-05-09T09:35:00,118269000.0,118344000.0,118259000.0,118270000.0,2.35073609,118186112.10391235,69.13183279742765,4924.390066981316,-10392.143279506588,54571.42857142857,118165850.0,118266465.52668719,118065234.47331281
2026-05-09T09:40:00,118270000.0,118342000.0,118270000.0,118302000.0,2.51777376,118197149.04639688,71.76470588235294,13432.768464252353,-5627.1609307548,58071.42857142857,118170800.0,118287557.23802657,118054042.76197343
2026-05-09T09:45:00,118302000.0,118350000.0,118292000.0,118303000.0,2.72006491,118207230.08959717,81.12582781456953,20025.568992435932,-496.6149461166533,58857.142857142855,118175150.0,118304771.75743298,118045528.24256702
2026-05-09T09:50:00,118302000.0,118353000.0,118273000.0,118353000.0,3.25555353,118221112.93820696,84.04558404558405,28951.260927706957,5392.960228648069,60000.0,118182800.0,118334735.72048044,118030864.27951956
2026-05-09T09:55:00,118353000.0,118377000.0,118349000.0,118377000.0,1.81291811,118235959.3250444,85.06666666666666,37528.925424829125,11820.153267884281,59357.142857142855,118193600.0,118368050.5962338,118019149.4037662
2026-05-09T10:00:00,118377000.0,118402000.0,118356000.0,118390000.0,4.89246888,118250629.86551635,84.0909090909091,44858.674812316895,18427.857576770803,60000.0,118205600.0,118399370.78156804,118011829.21843196
2026-05-09T10:05:00,118402000.0,118459000.0,118390000.0,118419000.0,4.91095422,118266665.11641955,85.30183727034121,52403.53630037606,25222.993321491856,60785.71428571428,118219000.0,118432894.21881416,118005105.78118584
2026-05-09T10:10:00,118419000.0,118486000.0,118412000.0,118486000.0,2.70295803,118287554.15295103,88.68778280542986,63062.29061380029,32790.852779953544,61214.28571428572,118235600.0,118477899.85772313,117993300.14227687
2026-05-09T10:15:00,118478000.0,118555000.0,118475000.0,118506000.0,5.9437384,118308358.51933666,95.59164733178655,72289.94951334596,40690.67212663203,64642.857142857145,118255150.0,118518647.3484337,117991652.6515663
2026-05-09T10:20:00,118506000.0,118555000.0,118470000.0,118480000.0,3.20955603,118324705.32701887,90.1098901098901,76621.70563676953,47876.87882865954,69642.85714285714,118273450.0,118546342.09357703,118000557.90642297
2026-05-09T10:25:00,118480000.0,118498000.0,118449000.0,118449000.0,2.99342162,118336542.91492185,84.88612836438924,76669.41535583138,53635.386134093904,72714.28571428571,118290200.0,118563008.08754799,118017391.91245201
2026-05-09T10:30:00,118450000.0,118560000.0,118444000.0,118556000.0,3.34321212,118357443.58969119,84.97942386831275,84368.68176983297,59782.045261241714,73142.85714285714,118310500.0,118599333.22450674,118021666.77549326
2026-05-09T10:35:00,118556000.0,118611000.0,118555000.0,118611000.0,3.41507226,118381591.81924441,89.14285714285714,93826.86848430336,66591.00990585405,73071.42857142857,118333550.0,118641405.38300008,118025694.61699992
2026-05-09T10:40:00,118611000.0,118624000.0,118591000.0,118624000.0,2.32445673,118404678.31264971,87.84648187633262,101204.91370521486,73513.7906657262,66500.0,118357550.0,118677777.86295159,118037322.13704841
2026-05-09T10:45:00,118624000.0,118670000.0,118591000.0,118591000.0,4.76949977,118422423.23525451,82.03592814371258,103199.62248279154,79450.95702913927,66071.42857142857,118381450.0,118696130.43941018,118066769.56058982
2026-05-09T10:50:00,118591000.0,118706000.0,118590000.0,118701000.0,3.20995005,118448954.35570645,84.4559585492228,112361.2932061404,86033.0242645395,69214.28571428571,118410750.0,118730061.67746958,118091438.32253042
2026-05-09T10:55:00,118701000.0,118706000.0,118600000.0,118617000.0,3.48119126,118464958.70278203,73.71601208459214,111557.91507537663,91138.00242670694,72642.85714285714,118436000.0,118735067.32211646,118136932.67788354
2026-05-09T11:00:00,118617000.0,118648000.0,118600000.0,118648000.0,2.74146108,118482391.20727898,72.93934681181959,112130.1069663614,95336.42333463783,70357.14285714286,118457600.0,118752132.20715678,118163067.79284322
2026-05-09T11:05:00,118647000.0,118702000.0,118601000.0,118701000.0,4.28399097,118503211.09230003,74.10714285714286,115528.48970754445,99374.83660921916,75571.42857142857,118482650.0,118770068.47356665,118195231.52643335
2026-05-09T11:10:00,118700000.0,118707000.0,118696000.0,118699000.0,3.52671713,118521857.65493813,73.37367624810892,116714.93214343488,102842.8557160623,73071.42857142857,118504150.0,118788592.40930378,118219707.59069622
2026-05-09T11:15:00,118697000.0,118699000.0,118648000.0,118648000.0,2.32047812,118533871.21161069,66.76427525622255,112246.02029527724,104723.4886319053,71785.71428571429,118523050.0,118791783.07045823,118254316.92954177
2026-05-09T11:20:00,118649000.0,118650000.0,118592000.0,118593000.0,3.10912204,118539502.52479063,57.97317436661699,103078.1147698462,104394.41385949349,70642.85714285714,118537600.0,118786736.95240298,118288463.04759702
2026-05-09T11:25:00,118594000.0,118599000.0,118589000.0,118590000.0,1.29554618,118544311.8081439,56.42201834862385,94481.28719554842,102411.78852670449,65642.85714285714,118551950.0,118775988.97687213,118327911.02312787
2026-05-09T11:30:00,118590000.0,118600000.0,118580000.0,118600000.0,2.98049391,118549615.44546352,59.40438871473354,87466.89194853604,99422.80921107081,61000.0,118564300.0,118768516.70636338,118360083.29363662
2026-05-09T11:35:00,118600000.0,118600000.0,118585000.0,118585000.0,1.47021865,118552985.40303843,60.932475884244376,79777.92824275792,95493.83301740824,58571.42857142857,118574700.0,118758965.36927976,118390434.63072024
2026-05-09T11:40:00,118585000.0,118588000.0,118559000.0,118570000.0,1.77621142,118554605.84084429,51.320754716981135,71648.08000327647,90724.68241458188,52357.142857142855,118583700.0,118746289.69993924,118421110.30006076
2026-05-09T11:45:00,118562000.0,118570000.0,118562000.0,118570000.0,1.84002584,118556071.95124008,45.684210526315795,64462.03844808042,85472.1536212816,48928.57142857143,118591250.0,118734512.54882123,118447987.45117877
2026-05-09T11:50:00,118570000.0,118571000.0,118561000.0,118562000.0,1.58061572,118556636.52731244,43.40425531914893,57459.16214759648,79869.55532654458,47285.71428571428,118595050.0,118730369.46605995,118459730.53394005
2026-05-09T11:55:00,118561000.0,118562000.0,118555000.0,118556000.0,1.87020272,118556575.90566364,46.049661399548526,50839.14040622115,74063.47234247989,42142.857142857145,118597550.0,118727690.77398205,118467409.22601795
2026-05-09T12:00:00,118556000.0,118562000.0,118555000.0,118561000.0,2.89448211,118556997.24798138,29.289940828402365,45472.01066118479,68345.18000622086,34357.142857142855,118601600.0,118720930.41258806,118482269.58741194
2026-05-09T12:05:00,118560000.0,118600000.0,118560000.0,118599000.0,2.11971154,118560997.51007839,46.917808219178085,43780.13395884633,63432.170796745966,29642.85714285714,118609100.0,118704503.63007556,118513696.36992444
2026-05-09T12:10:00,118599000.0,118600000.0,118562000.0,118597000.0,1.98542746,118564426.31864235,40.30418250950571,41796.12646885216,59104.96193116721,28928.571428571428,118611150.0,118703461.31538107,118518838.68461893
2026-05-09T12:15:00,118597000.0,118600000.0,118555000.0,118600000.0,4.29812603,118567814.28829545,26.29107981220656,40004.71175198257,55284.91189533028,24928.571428571428,118610600.0,118703046.0582406,118518153.9417594
2026-05-09T12:20:00,118600000.0,118649000.0,118560000.0,118648000.0,1.65938347,118575451.0227435,40.15444015444015,41974.347381189466,52622.798992502125,30500.0,118611800.0,118705591.70651259,118518008.29348741
2026-05-09T12:25:00,118629000.0,118648000.0,118551000.0,118555000.0,2.33750036,118573503.30629173,34.5514950166113,35620.365639045835,49222.312321810874,33785.71428571428,118610000.0,118706805.82844575,118513194.17155425
2026-05-09T12:30:00,118554000.0,118555000.0,118481000.0,118486000.0,3.78291402,118565169.65807347,33.01587301587301,24731.971218407154,44324.244101130134,34928.57142857143,118599250.0,118701124.79415551,118497375.20584449
2026-05-09T12:35:00,118481000.0,118487000.0,118439000.0,118445000.0,1.4725398,118553724.92873314,29.461756373937675,12648.676772400737,37989.13063538425,37642.857142857145,118590650.0,118713164.48893912,118468135.51106088
2026-05-09T12:40:00,118439000.0,118445000.0,118403000.0,118403000.0,1.31476693,118539370.17361571,24.41558441558442,-312.8636257350445,30328.731783160394,39214.28571428572,118578400.0,118723653.89749283,118433146.10250717
2026-05-09T12:45:00,118403000.0,118456000.0,118391000.0,118456000.0,2.91176641,118531430.15708087,34.751773049645394,-6236.431018844247,23015.699222759467,42785.71428571428,118566150.0,118709176.3501671,118423123.6498329
2026-05-09T12:50:00,118456000.0,118456000.0,118413000.0,118439000.0,1.8049032,118522627.28497793,34.58823529411764,-12162.457540303469,15980.06787014688,43785.71428571428,118553150.0,118692552.14451274,118413747.85548726
2026-05-09T12:55:00,118439000.0,118479000.0,118413000.0,118479000.0,0.98260518,118518472.30545622,40.21505376344086,-13475.869116470218,10088.88047282346,47928.57142857143,118544700.0,118680331.2337884,118409068.7662116
2026-05-09T13:00:00,118479000.0,118580000.0,118407000.0,118580000.0,2.60155176,118524332.08588895,51.61290322580645,-6294.344065129757,6812.235565232818,59571.42857142857,118544050.0,118678828.53179047,118409271.46820953
2026-05-09T13:05:00,118576000.0,118750000.0,118506000.0,118750000.0,5.01194673,118545824.26818524,63.43490304709141,12965.19087895751,8042.826627977756,76500.0,118552050.0,118714471.77064347,118389628.22935653
2026-05-09T13:10:00,118736000.0,118750000.0,118677000.0,118736000.0,1.58826372,118563936.24264379,61.96990424076608,26790.00952884555,11792.263208151315,81214.28571428571,118558850.0,118740028.91709583,118377671.08290417
2026-05-09T13:15:00,118736000.0,118748000.0,118559000.0,118576000.0,3.12620376,118565085.1719158,48.65181711606096,24552.58813455701,14344.328193432453,91857.14285714286,118558400.0,118739350.00763518,118377449.99236482
2026-05-09T13:20:00,118576000.0,118658000.0,118576000.0,118658000.0,1.73775156,118573934.20316193,53.269024651661304,29061.131621837616,17287.688879113488,95000.0,118562800.0,118749137.1025574,118376462.8974426
2026-05-09T13:25:00,118658000.0,118658000.0,118594000.0,118594000.0,1.28319807,118575845.23143223,49.69818913480885,27156.87217029929,19261.52553735065,96357.14285714286,118564000.0,118750840.77093671,118377159.22906329
2026-05-09T13:30:00,118594000.0,118594000.0,118500000.0,118575000.0,2.55442767,118575764.73320058,46.21761658031088,23839.78146417439,20177.1767227154,96714.28571428571,118564650.0,118751551.91629784,118377748.08370216
2026-05-09T13:35:00,118575000.0,118575000.0,118500000.0,118550000.0,1.05972939,118573310.94908625,49.72129319955407,18974.940808787942,19936.72953992991,95142.85714285714,118564350.0,118751329.6217436,118377370.3782564
2026-05-09T13:40:00,118540000.0,118565000.0,118515000.0,118563000.0,0.8276713,118572328.95393518,54.577883472057074,15984.254360154271,19146.23450397478,93428.57142857143,118564450.0,118751424.21719252,118377475.78280748
2026-05-09T13:45:00,118550000.0,118565000.0,118515000.0,118564000.0,1.13803244,118571535.72022706,57.42821473158551,13538.739286616445,18024.735460503114,93571.42857142857,118562700.0,118748966.47578138,118376433.52421862
2026-05-09T13:50:00,118550000.0,118577000.0,118511000.0,118545000.0,2.39434999,118569008.50877687,59.12596401028278,9952.780305504799,16410.344429503453,95285.71428571429,118560100.0,118745801.40151957,118374398.59848043
2026-05-09T13:55:00,118511000.0,118545000.0,118492000.0,118494000.0,4.02629366,118561864.8412743,52.44845360824742,2961.4702171087265,13720.569587024509,94428.57142857143,118554800.0,118741752.96340612,118367847.03659388
2026-05-09T14:00:00,118494000.0,118512000.0,118428000.0,118428000.0,2.44882126,118549115.808772,49.333333333333336,-7814.758145228028,9413.504040574004,97357.14285714286,118543800.0,118733531.77743445,118354068.22256555
2026-05-09T14:05:00,118430000.0,118459000.0,118407000.0,118410000.0,1.02516395,118535866.68412703,45.70361145703611,-17604.512467339635,4009.900738991276,96357.14285714286,118536550.0,118735344.7632478,118337755.2367522
2026-05-09T14:10:00,118443000.0,118459000.0,118423000.0,118423000.0,2.17563873,118525117.47611494,39.02097902097902,-24036.889643147588,-1599.4573374364968,87500.0,118533400.0,118737493.27073157,118329306.72926843
2026-05-09T14:15:00,118456000.0,118456000.0,118415000.0,118422000.0,1.14993533,118515296.764104,19.963369963369956,-28882.34880205989,-7056.035630361176,73000.0,118532250.0,118738686.30341691,118325813.69658309
2026-05-09T14:20:00,118423000.0,118455000.0,118422000.0,118453000.0,1.81925114,118509363.73895122,24.86678507992896,-29876.57066386938,-11620.142637062818,70142.85714285714,118534750.0,118735734.81220445,118333765.18779555
2026-05-09T14:25:00,118454000.0,118455000.0,118453000.0,118455000.0,1.20981815,118504186.24000348,35.06172839506172,-30155.50151668489,-15327.214412987232,56785.71428571428,118534700.0,118735767.78118733,118333632.21881267
2026-05-09T14:30:00,118455000.0,118456000.0,118421000.0,118455000.0,3.95307545,118499501.83619362,18.575851393188856,-30030.384646192193,-18267.848459628225,53428.57142857143,118535500.0,118735086.41447283,118335913.58552717
2026-05-09T14:35:00,118456000.0,118513000.0,118456000.0,118500000.0,1.57601352,118499549.28036566,34.53947368421052,-26000.3884126544,-19814.356450233463,53000.0,118536550.0,118735103.16138192,118337996.83861808
2026-05-09T14:40:00,118502000.0,118513000.0,118501000.0,118512000.0,0.4748993,118500735.06318799,39.39393939393939,-21589.418276265264,-20169.368815439822,47214.28571428572,118533150.0,118730897.60628004,118335402.39371996
2026-05-09T14:45:00,118512000.0,118513000.0,118421000.0,118421000.0,2.00797705,118493141.24764627,32.231404958677686,-25146.755995318294,-21164.846251415518,48428.57142857143,118516700.0,118691950.91785935,118341449.08214065
2026-05-09T14:50:00,118421000.0,118468000.0,118421000.0,118424000.0,0.74222995,118486556.36691806,30.31161473087819,-27407.954994633794,-22413.468000059176,48214.28571428572,118501100.0,118647293.6711137,118354906.3288863
2026-05-09T14:55:00,118424000.0,118425000.0,118423000.0,118423000.0,0.76010567,118480503.37959254,30.02832861189802,-28946.98036453128,-23720.1704729536,44785.71428571428,118493450.0,118639152.6171062,118347747.3828938
2026-05-09T15:00:00,118424000.0,118443000.0,118423000.0,118443000.0,1.66537233,118476931.62915516,35.593220338983045,-28227.447758451104,-24621.625930053102,41500.0,118482700.0,118607512.4487719,118357887.5512281
2026-05-09T15:05:00,118443000.0,118504000.0,118427000.0,118458000.0,0.77167445,118475128.61685467,44.33962264150943,-26145.449873238802,-24926.390718690243,43214.28571428572,118475900.0,118589495.58923987,118362304.41076013
2026-05-09T15:10:00,118458000.0,118468000.0,118457000.0,118460000.0,0.42172824,118473687.79620184,56.29921259842519,-24056.756944686174,-24752.46396388943,38000.0,118470150.0,118573834.28800432,118366465.71199568
2026-05-09T15:15:00,118460000.0,118460000.0,118369000.0,118369000.0,4.08753284,118463717.5298969,43.7308868501529,-29405.424798995256,-25683.056130910598,40785.71428571428,118461100.0,118567011.38301735,118355188.61698265
2026-05-09T15:20:00,118370000.0,118380000.0,118357000.0,118359000.0,2.56227522,118453744.43181148,40.123456790123456,-34058.59277831018,-27358.163460390515,38928.57142857143,118450900.0,118554764.08122367,118347035.91877633
2026-05-09T15:25:00,118360000.0,118380000.0,118354000.0,118356000.0,1.86580945,118444435.43830563,39.87730061349694,-37555.42133444548,-29397.615035201507,37857.142857142855,118440500.0,118538149.2110622,118342850.7889378
2026-05-09T15:30:00,118356000.0,118356000.0,118344000.0,118350000.0,1.70074685,118435441.58703843,32.89036544850498,-40345.75229626894,-31587.242487414995,36357.142857142855,118430750.0,118523272.25905731,118338227.74094269
2026-05-09T15:35:00,118350000.0,118350000.0,118260000.0,118260000.0,3.42241147,118418732.86446333,24.935732647814902,-49251.61555926502,-35120.117101785,42642.857142857145,118419050.0,118534287.92321707,118303812.07678293
2026-05-09T15:40:00,118260000.0,118270000.0,118230000.0,118236000.0,2.01028147,118401329.73451445,23.486682808716694,-57582.40169912577,-39612.57402125315,43000.0,118409450.0,118550620.25928034,118268279.74071966
2026-05-09T15:45:00,118230000.0,118249000.0,118200000.0,118244000.0,2.68825919,118386345.95027497,15.957446808510625,-62814.98455286026,-44253.05612757457,42357.142857142855,118401150.0,118560529.42150734,118241770.57849266
2026-05-09T15:50:00,118244000.0,118245000.0,118200000.0,118201000.0,1.74820256,118368693.95501068,11.793611793611788,-69628.94565419853,-49328.23403289937,44642.857142857145,118390050.0,118572303.12068664,118207796.87931336
2026-05-09T15:55:00,118201000.0,118230000.0,118200000.0,118229000.0,1.26023488,118355389.76881918,22.09302325581396,-71940.40867483616,-53850.668961286734,40214.28571428572,118380400.0,118575514.4333597,118185285.5666403
2026-05-09T16:00:00,118230000.0,118248000.0,118199000.0,118200000.0,5.01044705,118340590.74321735,19.72972972972974,-75244.9405722171,-58129.52328347281,40357.142857142855,118367750.0,118575446.0076144,118160053.9923856
2026-05-09T16:05:00,118199000.0,118200000.0,118150000.0,118152000.0,2.26905999,118322629.72005379,17.50599520383693,-80805.5289183557,-62664.72441044939,43785.71428571428,118352600.0,118577028.53744805,118128171.46255195
2026-05-09T16:10:00,118150000.0,118152000.0,118114000.0,118115000.0,1.90391842,118302855.46100104,12.21198156682027,-87192.82145257294,-67570.3438188741,45071.42857142857,118335600.0,118578146.49038899,118093053.50961101
2026-05-09T16:15:00,118115000.0,118198000.0,118109000.0,118198000.0,3.33326166,118292869.22661999,24.103585657370516,-84582.37746709585,-70972.75054851845,45928.57142857143,118320500.0,118557491.22790787,118083508.77209213
2026-05-09T16:20:00,118197000.0,118241000.0,118196000.0,118240000.0,1.4206091,118287834.06217998,29.704797047970487,-78222.82873243093,-72422.76618530095,48357.142857142855,118306900.0,118528326.85616608,118085473.14383392
2026-05-09T16:25:00,118240000.0,118301000.0,118237000.0,118283000.0,1.64472591,118287373.6753057,41.29554655870446,-68918.64862711728,-71721.94267366422,46428.57142857143,118300000.0,118514962.42021637,118085037.57978363
2026-05-09T16:30:00,118283000.0,118290000.0,118250000.0,118250000.0,2.57899079,118283814.27765754,39.458413926499034,-63476.12975680828,-70072.78009029303,47642.857142857145,118291300.0,118499096.5604295,118083503.4395705
2026-05-09T16:35:00,118250000.0,118251000.0,118217000.0,118217000.0,2.68698641,118277451.01311873,37.29433272394881,-61121.15195521712,-68282.45446327786,48214.28571428572,118281000.0,118481607.49841686,118080392.50158314
2026-05-09T16:40:00,118217000.0,118217000.0,118172000.0,118182000.0,2.56775151,118268360.44044074,35.41666666666667,-61371.569324851036,-66900.27743559249,50571.42857142857,118267950.0,118457856.87468506,118078043.12531494
2026-05-09T16:45:00,118182000.0,118182000.0,118140000.0,118140000.0,1.77448501,118256135.63658924,38.63636363636364,-64218.80151672661,-66363.98225181933,47142.857142857145,118252050.0,118427670.9734508,118076429.0265492
2026-05-09T16:50:00,118143000.0,118150000.0,118108000.0,118108000.0,2.76600809,118242027.4807236,38.059701492537314,-68270.40734779835,-66745.26727101512,47285.71428571428,118234450.0,118391940.15006799,118076959.84993201
2026-05-09T16:55:00,118108000.0,118149000.0,118106000.0,118139000.0,2.16751279,118232215.33970231,40.608228980322004,-68193.79758752882,-67034.97333431787,46857.142857142855,118222950.0,118372459.33785312,118073440.66214688
2026-05-09T17:00:00,118139000.0,118345000.0,118109000.0,118345000.0,3.47144345,118242956.73592114,59.97229916897507,-50923.58996810019,-63812.69666107434,60500.0,118222250.0,118369186.2554236,118075313.7445764
2026-05-09T17:05:00,118345000.0,118377000.0,118276000.0,118278000.0,1.45024288,118246294.18964295,53.21944809461235,-42157.204055815935,-59481.59814002266,65571.42857142857,118218350.0,118354049.78474177,118082650.21525823
2026-05-09T17:10:00,118276000.0,118383000.0,118275000.0,118375000.0,1.95662414,118258551.88586743,60.55488540410133,-27070.637269183993,-52999.40596585493,69785.71428571429,118219600.0,118360756.7251414,118078443.2748586
2026-05-09T17:15:00,118375000.0,118383000.0,118324000.0,118324000.0,0.96920989,118264785.03959435,60.33653846153846,-19010.55631364882,-46201.63603541371,70428.57142857143,118222800.0,118370560.26102054,118075039.73897946
2026-05-09T17:20:00,118340000.0,118424000.0,118323000.0,118423000.0,2.30795292,118279853.13106155,67.22595078299776,-4581.597658276558,-37877.62835998628,74928.57142857143,118232150.0,118404968.46270768,118059331.53729232
2026-05-09T17:25:00,118423000.0,118423000.0,118400000.0,118422000.0,0.56343923,118293390.92810331,63.793103448275865,6695.581888318062,-28962.986310325414,70214.28571428571,118241050.0,118433640.62118503,118048459.37881497
2026-05-09T17:30:00,118423000.0,118447000.0,118420000.0,118443000.0,2.01715453,118307639.4111411,62.83185840707965,17129.88971669972,-19744.411104920386,68928.57142857143,118253150.0,118464628.28058198,118041671.71941802
2026-05-09T17:35:00,118444000.0,118470000.0,118443000.0,118470000.0,1.52421637,118323102.32436576,62.06451612903226,27263.550952985883,-10342.818693339133,66285.71428571429,118265200.0,118497339.34109545,118033060.65890455
2026-05-09T17:40:00,118470000.0,118495000.0,118464000.0,118495000.0,0.85987446,118339473.53156902,65.97131681877445,36886.63538651168,-896.9278773689703,65642.85714285714,118279950.0,118531336.45024829,118028563.54975171
2026-05-09T17:45:00,118495000.0,118513000.0,118490000.0,118513000.0,2.11601749,118355999.86189577,69.68085106382979,45441.625921189785,8370.78288234278,64857.142857142855,118298000.0,118562217.61366047,118033782.38633953
2026-05-09T17:50:00,118508000.0,118513000.0,118470000.0,118470000.0,0.5770835,118366857.01790568,68.94736842105263,48196.20111592114,16335.866529058454,64714.28571428572,118315750.0,118575869.70928384,118055630.29071616
2026-05-09T17:55:00,118475000.0,118475000.0,118379000.0,118475000.0,1.72804682,118377156.3495337,73.16735822959889,50203.96001647413,23109.48522654159,68571.42857142857,118329600.0,118592800.8638604,118066399.1361396
2026-05-09T18:00:00,118475000.0,118513000.0,118443000.0,118501000.0,4.0381058,118388950.98291145,77.40585774058577,53278.93966770172,29143.37611477362,70571.42857142857,118342650.0,118612931.9385675,118072368.0614325
2026-05-09T18:05:00,118501000.0,118513000.0,118465000.0,118485000.0,0.59631795,118398098.50834846,74.64387464387464,53804.59107914567,34075.61910764803,70928.57142857143,118352750.0,118628684.29805322,118076815.70194678
2026-05-09T18:10:00,118485000.0,118485000.0,118379000.0,118379000.0,2.00986175,118396279.60279147,52.823920265780735,45147.428041636944,36289.98089444582,61642.857142857145,118359200.0,118631021.61333069,118087378.38666931
2026-05-09T18:15:00,118380000.0,118408000.0,118280000.0,118291000.0,3.13502932,118386252.97395419,51.04333868378812,30830.306823715568,35198.04608029977,63571.42857142857,118362900.0,118628515.39270554,118097284.60729446
2026-05-09T18:20:00,118291000.0,118376000.0,118281000.0,118376000.0,0.84473036,118385276.50024426,50.08183306055646,26042.473313122988,33366.93152686441,62642.857142857145,118372600.0,118624199.01263303,118121000.98736697
2026-05-09T18:25:00,118315000.0,118393000.0,118297000.0,118299000.0,0.81058834,118377059.6906972,48.03767660910518,15852.091237172484,29863.963468926027,65285.71428571428,118380550.0,118610302.70458294,118150797.29541706
2026-05-09T18:30:00,118299000.0,118348000.0,118297000.0,118302000.0,2.4577353,118369911.14872605,38.817005545286506,7926.839283213019,25476.538631783427,61714.28571428572,118390250.0,118585315.3062034,118195184.6937966
2026-05-09T18:35:00,118302000.0,118313000.0,118235000.0,118236000.0,2.05944916,118357157.70599024,34.65346534653466,-3637.6953164190054,19653.69184214294,65642.85714285714,118395100.0,118567351.83522058,118222848.16477942
2026-05-09T18:40:00,118238000.0,118238000.0,118226000.0,118226000.0,0.65078767,118344666.49589592,31.764705882352942,-13454.493702858686,13032.054733142615,64571.42857142857,118389150.0,118576268.06011465,118202031.93988535
2026-05-09T18:45:00,118227000.0,118238000.0,118227000.0,118230000.0,1.23445288,118333745.87723917,29.020979020979027,-20673.301627218723,6290.983461070347,63500.0,118386750.0,118580967.32265961,118192532.67734039
2026-05-09T18:50:00,118234000.0,118234000.0,118226000.0,118226000.0,0.70499029,118323484.36512116,25.589836660617053,-26412.55795967579,-249.72482307888004,61857.142857142855,118379300.0,118586417.66297399,118172182.33702601
2026-05-09T18:55:00,118226000.0,118232000.0,118198000.0,118198000.0,2.06024214,118311533.47320485,21.92513368983957,-32841.74673341215,-6768.129205145533,62642.857142857145,118373000.0,118594374.65266404,118151625.34733596
2026-05-09T19:00:00,118209000.0,118209000.0,118147000.0,118170000.0,2.15296108,118298054.09480439,22.527472527472526,-39738.21375861764,-13362.146115839954,64000.0,118360350.0,118598009.88524075,118122690.11475925
2026-05-09T19:05:00,118158000.0,118170000.0,118140000.0,118141000.0,1.62803137,118283096.56196587,20.701754385964918,-47001.9618409425,-20090.109260860467,59285.71428571428,118346300.0,118601212.24496205,118091387.75503795
2026-05-09T19:10:00,118140000.0,118141000.0,118123000.0,118130000.0,2.08437714,118268515.93701674,16.576576576576585,-53034.79054543376,-26679.04551777513,55571.42857142857,118330650.0,118598661.21343394,118062638.78656606
2026-05-09T19:15:00,118125000.0,118191000.0,118125000.0,118170000.0,1.39552511,118259133.46682467,22.797927461139892,-53966.097472935915,-32136.455908807286,56857.142857142855,118315650.0,118584402.49815243,118046897.50184757
2026-05-09T19:20:00,118170000.0,118193000.0,118155000.0,118192000.0,1.39436965,118252739.80331756,31.111111111111114,-52325.76988083124,-36174.31870321208,52000.0,118300500.0,118560708.4184892,118040291.5815108
2026-05-09T19:25:00,118192000.0,118193000.0,118159000.0,118189000.0,4.06354694,118246669.34585875,37.5609756097561,-50683.62410491705,-39076.179783553074,45285.71428571428,118284300.0,118528664.78340472,118039935.21659528
2026-05-09T19:30:00,118189000.0,118193000.0,118160000.0,118171000.0,1.22094101,118239462.74149126,20.116618075801753,-50255.34893454611,-41312.01361375168,40857.142857142855,118269350.0,118502192.63943028,118036507.36056972
2026-05-09T19:35:00,118193000.0,118275000.0,118170000.0,118275000.0,1.38625223,118242847.24230161,46.75675675675676,-41050.798884406686,-41259.77066788269,41500.0,118259350.0,118471241.00971965,118047458.99028035
2026-05-09T19:40:00,118275000.0,118294000.0,118234000.0,118266000.0,1.27919051,118245052.26684432,45.21276595744681,-34089.39016841352,-39825.69456798885,42142.857142857145,118247600.0,118426575.32908496,118068624.67091504
2026-05-09T19:45:00,118266000.0,118266000.0,118265000.0,118265000.0,2.1911549,118246952.05095437,54.66237942122187,-28326.58402147889,-37525.87245868686,36642.857142857145,118236600.0,118377033.01456198,118096166.98543802
2026-05-09T19:50:00,118265000.0,118266000.0,118265000.0,118265000.0,1.31602315,118248670.90324442,56.47840531561462,-23488.754886180162,-34718.448944185526,35857.142857142855,118230900.0,118355340.47403865,118106459.52596135
2026-05-09T19:55:00,118266000.0,118274000.0,118265000.0,118274000.0,2.53018291,118251083.19817352,57.189542483660134,-18712.806077748537,-31517.32037089813,35642.857142857145,118230050.0,118352985.11339433,118107114.88660567
2026-05-09T20:00:00,118274000.0,118299000.0,118256000.0,118296000.0,0.93386949,118255360.98882367,60.80246913580247,-13002.728736951947,-27814.402044108894,38142.857142857145,118226050.0,118333179.97516552,118118920.02483448
2026-05-09T20:05:00,118296000.0,118299000.0,118265000.0,118296000.0,0.88376337,118259231.37084046,66.55405405405405,-8380.842173784971,-23927.69007004411,38142.857142857145,118225900.0,118332607.47026588,118119192.52973412
2026-05-09T20:10:00,118296000.0,118296000.0,118267000.0,118290000.0,1.14222856,118262161.7164747,71.8978102189781,-5142.830283284187,-20170.718112692128,35785.71428571428,118225300.0,118330327.5151919,118120272.4848081
2026-05-09T20:15:00,118294000.0,118342000.0,118290000.0,118335000.0,1.32275066,118269098.69585806,83.44827586206897,1042.4249617904425,-15928.089497795616,37357.142857142855,118230250.0,118346168.07451825,118114331.92548175
2026-05-09T20:20:00,118335000.0,118363000.0,118335000.0,118353000.0,0.97975743,118277089.29625253,87.54208754208754,7312.440610080957,-11279.983476220303,38071.42857142857,118236600.0,118364801.15772536,118108398.84227464
2026-05-09T20:25:00,118352000.0,118353000.0,118350000.0,118351000.0,0.80973875,118284128.41089515,84.94208494208495,11981.96921646595,-6627.592937683052,33571.42857142857,118242650.0,118380590.14720356,118104709.85279644
2026-05-09T20:30:00,118351000.0,118353000.0,118348000.0,118353000.0,1.53240782,118290687.60985751,83.68200836820084,15663.42930161953,-2169.388489822536,31214.285714285714,118249000.0,118395160.69022976,118102839.30977024
2026-05-09T20:35:00,118353000.0,118359000.0,118339000.0,118342000.0,0.82475871,118295574.5041568,80.97165991902834,17491.77062983811,1762.8433341095933,30214.285714285714,118256200.0,118405926.2062637,118106473.7937363
2026-05-09T20:40:00,118342000.0,118408000.0,118340000.0,118404000.0,1.48587378,118305900.74185616,90.03436426116838,23670.76431286335,6144.427529860345,32714.285714285714,118267900.0,118425621.80705619,118110178.19294381
2026-05-09T20:45:00,118404000.0,118449000.0,118400000.0,118448000.0,0.73320699,118319434.00453652,87.44588744588745,31752.07543988526,11265.95711186533,28714.285714285714,118283250.0,118448545.11089027,118117954.88910973
2026-05-09T20:50:00,118448000.0,118487000.0,118409000.0,118450000.0,1.1295198,118331868.86124733,91.07142857142857,37881.28415262699,16589.022520017665,30000.0,118299250.0,118464034.86772636,118134465.13227364
2026-05-09T20:55:00,118450000.0,118480000.0,118449000.0,118456000.0,0.53486826,118343690.87446187,91.70305676855895,42730.30768364668,21817.27955274347,32142.85714285714,118313550.0,118480729.04048942,118146370.95951058
2026-05-09T21:00:00,118477000.0,118478000.0,118383000.0,118399000.0,2.60653418,118348958.41022742,73.42657342657343,41495.43657337129,25752.910956869033,38857.142857142855,118323900.0,118484911.14704797,118162888.85295203
2026-05-09T21:05:00,118399000.0,118478000.0,118383000.0,118477000.0,3.90622514,118361152.84734862,78.59154929577464,46277.284716919065,29857.78570887904,45000.0,118338300.0,118500025.04281558,118176574.95718442
2026-05-09T21:10:00,118477000.0,118477000.0,118383000.0,118434000.0,1.00467217,118368090.67141065,68.35106382978724,46066.1710434556,33099.46277579435,48642.857142857145,118351450.0,118497950.90712856,118204949.09287144
2026-05-09T21:15:00,118434000.0,118472000.0,118384000.0,118472000.0,1.13906952,118377986.79794297,71.25603864734299,48407.1370138824,36160.99762341197,52500.0,118361300.0,118512571.24470203,118210028.75529797
2026-05-09T21:20:00,118407000.0,118570000.0,118407000.0,118569000.0,3.25306702,118396178.5314722,77.62376237623762,57427.47061449289,40414.29222162815,62071.42857142857,118376450.0,118546997.69359182,118205902.30640818
2026-05-09T21:25:00,118569000.0,118648000.0,118569000.0,118582000.0,3.25777119,118413875.81418914,76.10993657505286,64877.27647691965,45306.88907268645,64000.0,118392300.0,118577526.00704066,118207073.99295934
2026-05-09T21:30:00,118582000.0,118658000.0,118535000.0,118535000.0,4.9616109,118425411.45093302,68.12749003984064,66225.38903033733,49490.589064216634,70785.71428571429,118405800.0,118591317.31370474,118220282.68629526
2026-05-09T21:35:00,118535000.0,118538000.0,118502000.0,118519000.0,1.6156218,118434324.64608225,66.27906976744185,65250.544004917145,52642.58005235674,73142.85714285714,118418050.0,118599227.98750928,118236872.01249072
2026-05-09T21:40:00,118506000.0,118592000.0,118506000.0,118589000.0,2.00080994,118449055.63216966,70.20547945205479,69327.22617579997,55979.50927704539,78928.57142857143,118432700.0,118619617.48812896,118245782.51187104
2026-05-09T21:45:00,118524000.0,118618000.0,118524000.0,118604000.0,1.66784647,118463812.2386297,72.27891156462584,72927.7352706641,59369.15447576914,84214.28571428571,118448100.0,118638318.60000928,118257881.39999072
2026-05-09T21:50:00,118577000.0,118642000.0,118564000.0,118625000.0,1.92796485,118479163.4539983,70.20109689213893,76592.77532763779,62813.87864614287,84928.57142857143,118464850.0,118655448.25481063,118274251.74518937
2026-05-09T21:55:00,118614000.0,118624000.0,118552000.0,118593000.0,1.31284932,118490005.02980798,63.55140186915888,76038.68676455319,65458.84026982494,86642.85714285714,118477750.0,118666256.45668131,118289243.54331869
2026-05-09T22:00:00,118597000.0,118627000.0,118532000.0,118626000.0,2.53593016,118502956.93173103,65.54770318021201,77370.5126850754,67841.17475287503,87857.14285714286,118491400.0,118681402.10525154,118301397.89474846
2026-05-09T22:05:00,118626000.0,118663000.0,118597000.0,118653000.0,4.17146845,118517246.74775665,66.7802385008518,79686.09695118666,70210.15919253737,90357.14285714286,118506500.0,118697519.9769107,118315480.0230893
2026-05-09T22:10:00,118653000.0,118662000.0,118599000.0,118650000.0,3.05038465,118529889.91463697,73.54596622889306,80352.88123998046,72238.70360202598,88071.42857142857,118521350.0,118708258.67457557,118334441.32542443
2026-05-09T22:15:00,118650000.0,118662000.0,118600000.0,118611000.0,1.12861196,118537614.68467155,63.56275303643725,76848.47712163627,73160.65830594805,85714.28571428571,118534800.0,118705367.59734245,118364232.40265755
2026-05-09T22:20:00,118611000.0,118644000.0,118605000.0,118605000.0,1.47823043,118544032.33375046,68.7089715536105,72748.4627597332,73078.21919670509,81785.71428571429,118544850.0,118706416.37873289,118383283.62126711
2026-05-09T22:25:00,118605000.0,118622000.0,118533000.0,118572000.0,2.47783445,118546695.92101233,61.06194690265487,66074.67985214293,71677.51132779266,81857.14285714286,118551050.0,118706363.57076307,118395736.42923693
2026-05-09T22:30:00,118572000.0,118591000.0,118533000.0,118537000.0,1.21976414,118545772.49996352,45.897435897435905,57300.92196325958,68802.19345488604,74357.14285714286,118555400.0,118703502.95139039,118407297.04860961
2026-05-09T22:35:00,118537000.0,118570000.0,118531000.0,118568000.0,1.38379343,118547889.4047289,48.28431372549019,52246.82764047384,65491.12029200361,71500.0,118561000.0,118701555.28973931,118420444.71026069
2026-05-09T22:40:00,118569000.0,118598000.0,118520000.0,118520000.0,3.35571449,118545233.27094519,48.16625916870415,43862.6018589288,61165.41660538865,68285.71428571429,118567050.0,118687177.08183208,118446922.91816792
2026-05-09T22:45:00,118524000.0,118582000.0,118489000.0,118499000.0,5.04273783,118540830.10228375,47.58454106280193,35118.69161003828,55956.07160631858,72357.14285714286,118568150.0,118685167.81240934,118451132.18759066
2026-05-09T22:50:00,118499000.0,118582000.0,118486000.0,118573000.0,0.90433909,118543893.90206625,48.08612440191387,33770.97057047486,51519.05139914984,73071.42857142857,118575100.0,118673619.35423008,118476580.64576992
2026-05-09T22:55:00,118573000.0,118573000.0,118494000.0,118572000.0,0.8811661,118546570.67329803,46.039603960396036,32250.437327846885,47665.32858488925,72000.0,118580100.0,118665919.63951412,118494280.36048588
2026-05-09T23:00:00,118572000.0,118573000.0,118523000.0,118572000.0,0.97736986,118548992.51393633,43.080939947780685,30691.610002964735,44270.584868504346,70000.0,118580250.0,118665998.40799513,118494501.59200487
2026-05-09T23:05:00,118573000.0,118581000.0,118525000.0,118581000.0,0.99641646,118552040.8459424,48.333333333333336,29838.493323892355,41384.16655958195,68785.71428571429,118580200.0,118665945.27760522,118494454.72239478
2026-05-09T23:10:00,118581000.0,118612000.0,118539000.0,118598000.0,1.36264778,118556417.90823358,45.93023255813954,30186.18261152506,39144.56976997058,67214.28571428571,118583350.0,118666699.04413316,118500000.95586684
2026-05-09T23:15:00,118598000.0,118599000.0,118530000.0,118533000.0,0.79429283,118554187.63125896,34.29319371727749,24929.401482328773,36301.53611244222,67428.57142857143,118584050.0,118665333.06614617,118502766.93385383
2026-05-09T23:20:00,118538000.0,118574000.0,118515000.0,118519000.0,1.36956367,118550836.42828192,33.33333333333333,19409.93590837717,32923.21607162921,67142.85714285714,118580550.0,118666811.47520927,118494288.52479073
2026-05-09T23:25:00,118519000.0,118531000.0,118484000.0,118512000.0,3.23487727,118547137.7208265,36.28808864265928,14305.967884242535,29199.766434151876,66071.42857142857,118575950.0,118666644.33917236,118485255.66082764
2026-05-09T23:30:00,118512000.0,118512000.0,118412000.0,118497000.0,2.49988703,118542362.69979541,35.4054054054054,8947.520368084311,25149.317220938367,70428.57142857143,118569550.0,118663670.80702908,118475429.19297092
2026-05-09T23:35:00,118497000.0,118497000.0,118410000.0,118419000.0,0.85709574,118530613.87124346,31.566265060240966,-1574.8817641437054,19804.477423921955,70285.71428571429,118560850.0,118675723.43149386,118445976.56850614
2026-05-09T23:40:00,118419000.0,118497000.0,118403000.0,118496000.0,1.08160902,118527317.31207742,45.51422319474836,-3658.5315057635307,15111.875637984858,72857.14285714286,118554350.0,118668410.5102567,118440289.4897433
2026-05-09T23:45:00,118495000.0,118531000.0,118460000.0,118526000.0,1.18262901,118527191.85378434,45.39473684210527,-2856.16555967927,11518.267398452033,75142.85714285714,118548000.0,118652692.02955644,118443307.97044356
2026-05-09T23:50:00,118527000.0,118528000.0,118413000.0,118423000.0,0.87468431,118517268.82009059,40.50880626223092,-10411.506592676044,7132.312600226418,77785.71428571429,118536650.0,118643968.0712698,118429331.9287302
2026-05-09T23:55:00,118417000.0,118500000.0,118413000.0,118495000.0,1.08649039,118515147.98008196,49.644128113879,-10468.69393658638,3612.111292863859,77357.14285714286,118530850.0,118633694.33817548,118428005.66182452
2026-05-10T00:00:00,118495000.0,118569000.0,118451000.0,118564000.0,2.04262927,118519800.55340749,49.19210053859965,-4889.923975974321,1911.704239096223,78928.57142857143,118528800.0,118626948.33028054,118430651.66971946
2026-05-10T00:05:00,118522000.0,118558000.0,118450000.0,118451000.0,0.56152904,118513248.11974962,40.956651718983565,-9477.612195149064,-366.15904775283434,81428.57142857143,118522750.0,118624535.89500058,118420964.10499942
2026-05-10T00:10:00,118451000.0,118494000.0,118448000.0,118451000.0,0.95350919,118507319.72739251,40.956651718983565,-12963.947840422392,-2885.716806286746,81142.85714285714,118518450.0,118624862.25691183,118412037.74308817
2026-05-10T00:15:00,118450000.0,118569000.0,118449000.0,118569000.0,0.92274228,118513194.03906941,49.22879177377892,-6134.564681112766,-3535.4863812519498,85714.28571428571,118518500.0,118625011.18053502,118411988.81946498
2026-05-10T00:20:00,118570000.0,118612000.0,118502000.0,118612000.0,1.47511528,118522604.13058661,50.87064676616916,2716.200639486313,-2285.1489771042975,88357.14285714286,118523100.0,118637535.7323659,118408664.2676341
2026-05-10T00:25:00,118612000.0,118666000.0,118573000.0,118663000.0,1.52122606,118535975.16576883,58.22784810126581,13687.98314833641,909.4774479838443,90071.42857142857,118531300.0,118660955.57612795,118401644.42387205
2026-05-10T00:30:00,118663000.0,118745000.0,118662000.0,118716000.0,4.15899902,118553120.38807656,61.881785283474066,26356.040861561894,5998.7901306994545,91785.71428571429,118538450.0,118691457.01738298,118385442.98261702
2026-05-10T00:35:00,118745000.0,118782000.0,118701000.0,118782000.0,2.09958123,118574918.44635499,65.2027027027027,41245.76082648337,13048.18426985624,94214.28571428571,118548950.0,118736560.43063813,118361339.56936187
2026-05-10T00:40:00,118780000.0,118868000.0,118688000.0,118700000.0,6.63957939,118586830.97527356,60.6282722513089,45900.14814001322,19618.577043887635,99928.57142857143,118555350.0,118754640.61033686,118356059.38966314
2026-05-10T00:45:00,118697000.0,118800000.0,118688000.0,118785000.0,1.69044038,118605704.2157237,69.02286902286902,55804.29605641961,26855.720846394033,101714.28571428571,118565550.0,118789699.83240779,118341400.16759221
2026-05-10T00:50:00,118800000.0,118803000.0,118785000.0,118801000.0,1.70378625,118624303.8142262,66.92563817980022,64204.362987443805,34325.44927460399,96285.71428571429,118575700.0,118823204.68363461,118328195.31636539
2026-05-10T00:55:00,118801000.0,118852000.0,118800000.0,118802000.0,1.12354998,118641227.26049037,65.8256880733945,70133.71043495834,41487.101506674866,94928.57142857143,118589150.0,118855410.08258648,118322889.91741352
2026-05-10T01:00:00,118802000.0,118851000.0,118684000.0,118773000.0,1.81934825,118653777.04520558,71.9298245614035,71666.57569515705,47522.996344371306,98642.85714285714,118601850.0,118878065.9910002,118325634.0089998
2026-05-10T01:05:00,118803000.0,118846000.0,118738000.0,118845000.0,0.76379748,118671988.755186,71.9298245614035,77794.41513611376,53577.2801027198,100142.85714285714,118618500.0,118911544.63464591,118325455.36535409
2026-05-10T01:10:00,118845000.0,118874000.0,118844000.0,118848000.0,1.89874813,118688751.73088259,69.39890710382514,81948.19914099574,59251.463910374994,93857.14285714286,118636050.0,118940285.00265768,118331814.99734232
2026-05-10T01:15:00,118857000.0,118886000.0,118848000.0,118885000.0,1.2391326,118707442.0422271,83.07926829268293,87220.27265888453,64845.2256600769,88428.57142857143,118659350.0,118964968.45838444,118353731.54161556
2026-05-10T01:20:00,118885000.0,119000000.0,118885000.0,118998000.0,7.36974993,118735114.22868165,85.56566970091028,99371.0963819176,71750.39980444504,93357.14285714286,118684450.0,119015019.82700533,118353880.17299467
2026-05-10T01:25:00,118947000.0,119000000.0,118910000.0,118910000.0,2.07323669,118751770.01642627,73.07171853856563,100738.5953514576,77548.03891384756,91214.28571428571,118703650.0,119040025.90188424,118367274.09811576
2026-05-10T01:30:00,118910000.0,118910000.0,118844000.0,118846000.0,1.5042719,118760744.30057615,65.39473684210526,95556.56639195979,81149.74440947,88071.42857142857,118724800.0,119039362.0849104,118410237.9150896
2026-05-10T01:35:00,118846000.0,118889000.0,118844000.0,118849000.0,0.93141032,118769149.60528317,63.06179775280899,90646.92471267283,83049.18047011057,84642.85714285714,118742500.0,119042100.08432297,118442899.91567703
2026-05-10T01:40:00,118849000.0,118902000.0,118846000.0,118902000.0,1.18928121,118781802.02382763,63.06179775280899,89995.24619227648,84438.39361454375,82714.28571428571,118759400.0,119054706.01433983,118464093.98566017
2026-05-10T01:45:00,118880000.0,118907000.0,118880000.0,118905000.0,0.39996302,118793535.16441548,59.47611710323575,88698.40124107897,85290.39513985079,78857.14285714286,118782100.0,119045682.52477817,118518517.47522183
2026-05-10T01:50:00,118905000.0,118905000.0,118880000.0,118880000.0,1.21982979,118801769.91066162,65.20270270270271,84677.24464122951,85167.76504012654,67785.71428571429,118803550.0,119019134.85934538,118587965.14065462
2026-05-10T01:55:00,118905000.0,118915000.0,118880000.0,118915000.0,0.92095496,118812553.72869384,61.99261992619927,83353.80577076972,84804.97318625517,62285.71428571428,118820850.0,119011243.80242018,118630456.19757982
2026-05-10T02:00:00,118915000.0,118978000.0,118881000.0,118938000.0,1.3330552,118824500.99262775,62.477231329690355,83201.78037917614,84484.33462483936,67928.57142857143,118837150.0,119006966.34042017,118667333.65957983
2026-05-10T02:05:00,118938000.0,119000000.0,118938000.0,118967000.0,1.76059933,118838072.32666321,64.29809358752166,84447.8940424025,84477.04650835201,68642.85714285714,118852350.0,119010557.42546955,118694142.57453045
2026-05-10T02:10:00,118967000.0,119009000.0,118939000.0,118939000.0,3.55399361,118847684.48602861,64.40972222222223,82228.20652450621,84027.27851158286,61714.28571428572,118863500.0,119012405.4804407,118714594.5195593
2026-05-10T02:15:00,118938000.0,118967000.0,118938000.0,118966000.0,0.62809346,118858952.63021636,61.39359698681733,81705.90768256783,83563.00434577986,56071.42857142857,118872700.0,119023132.49928829,118722267.50071171
2026-05-10T02:20:00,118966000.0,118967000.0,118923000.0,118952000.0,1.2737624,118867814.28448148,59.594095940959406,79248.7686163038,82700.15719988465,57071.42857142857,118885300.0,119015708.42723824,118754891.57276176
2026-05-10T02:25:00,118952000.0,119009000.0,118944000.0,119009000.0,1.64526631,118881260.5431023,61.03202846975089,80967.5483379811,82353.63542750395,59000.0,118896500.0,119029095.94341661,118763904.05658339
2026-05-10T02:30:00,119009000.0,119040000.0,119005000.0,119038000.0,2.30159468,118896188.11042589,54.18410041841004,83704.85383686423,82623.87910937602,53285.71428571428,118908350.0,119047222.56559055,118769477.43440945
2026-05-10T02:35:00,119039000.0,119118000.0,119038000.0,119113000.0,4.63425106,118916836.8618139,71.82795698924731,90878.47092190385,84274.7974718816,52571.42857142857,118923900.0,119081073.58824599,118766726.41175401
2026-05-10T02:40:00,119078000.0,119126000.0,119051000.0,119052000.0,0.89303984,118929709.54164115,72.2943722943723,90597.07723157108,85539.2534238195,53214.28571428572,118937850.0,119087999.78486416,118787700.21513584
2026-05-10T02:45:00,119052000.0,119116000.0,119052000.0,119069000.0,0.81902873,118942975.29958008,73.10924369747899,90700.29212112725,86571.46116328106,54571.42857142857,118949050.0,119103396.80703571,118794703.19296429
2026-05-10T02:50:00,119089000.0,119108000.0,119052000.0,119053000.0,0.60563177,118953453.84247722,67.19817767653758,88471.18364860117,86951.40566034507,54571.42857142857,118959300.0,119112615.77321269,118805984.22678731
2026-05-10T02:55:00,119053000.0,119053000.0,119005000.0,119030000.0,0.71540598,118960743.95271748,63.6165577342048,83881.75468981266,86337.4754662386,56071.42857142857,118966550.0,119118781.7831121,118814318.2168879
2026-05-10T03:00:00,119031000.0,119116000.0,119030000.0,119111000.0,1.3499728,118975054.05245867,72.42718446601941,85791.66926978528,86228.31422694793,60428.57142857143,118972200.0,119137199.01116136,118807200.98883864
2026-05-10T03:05:00,119045000.0,119116000.0,119045000.0,119055000.0,1.05911299,118982667.95222452,63.05970149253731,81843.12178376317,85351.27573831099,63000.0,118979450.0,119145679.35962102,118813220.64037898
2026-05-10T03:10:00,119055000.0,119103000.0,119055000.0,119074000.0,0.24296512,118991366.24248886,62.78195488721804,79332.51481570303,84147.5235537894,59500.0,118990850.0,119149651.13349727,118832048.86650273
2026-05-10T03:15:00,119059000.0,119125000.0,119055000.0,119125000.0,0.65290047,119004093.26701373,64.25992779783394,80529.81687986851,83423.98221900524,60071.42857142857,119004650.0,119159467.75363995,118849832.24636005
2026-05-10T03:20:00,119126000.0,119126000.0,119103000.0,119122000.0,0.94894473,119015322.47967908,67.296786389414,80310.83910246193,82801.3535956966,56714.28571428572,119015650.0,119171020.22000104,118860279.77999896
2026-05-10T03:25:00,119122000.0,119291000.0,119119000.0,119291000.0,7.4548784,119041577.4816144,74.21758569299553,92705.53356057405,84782.18958867209,66928.57142857143,119034950.0,119224569.53596891,118845330.46403109
2026-05-10T03:30:00,119291000.0,119306000.0,119255000.0,119306000.0,1.92784138,119066760.5786035,76.33928571428572,102556.58439174294,88337.06854928627,67428.57142857143,119056250.0,119267099.78439392,118845400.21560608
2026-05-10T03:35:00,119306000.0,119306000.0,119250000.0,119250000.0,2.55900437,119084211.95206983,67.95827123695977,104638.67168806493,91597.389177042,66785.71428571429,119073000.0,119289746.27417429,118856253.72582571
2026-05-10T03:40:00,119246000.0,119255000.0,119107000.0,119108000.0,0.3321347,119086477.48044413,54.464285714285715,93749.83784115314,92027.87890986423,74857.14285714286,119081500.0,119289095.25397682,118873904.74602318
2026-05-10T03:45:00,119108000.0,119108000.0,119069000.0,119103000.0,0.37214105,119088051.05373517,49.29971988795518,83751.46559251845,90372.59624639507,71928.57142857143,119088300.0,119288895.00964569,118887704.99035431
2026-05-10T03:50:00,119103000.0,119149000.0,119077000.0,119147000.0,0.39693748,119093665.23909372,56.81492109038738,78473.52191519737,87992.78138015553,71714.28571428571,119098700.0,119287950.1546965,118909449.8453035
2026-05-10T03:55:00,119148000.0,119149000.0,119071000.0,119148000.0,0.3592214,119098839.97822765,55.80029368575624,73523.86778721213,85098.99866156686,72714.28571428571,119107800.0,119287442.4519047,118928157.5480953
2026-05-10T04:00:00,119149000.0,119171000.0,119147000.0,119147000.0,0.22793289,119103426.64696786,57.05705705705706,68728.28272639215,81824.85547453191,70428.57142857143,119117550.0,119282123.41986582,118952976.58013418
2026-05-10T04:05:00,119171000.0,119218000.0,119083000.0,119214000.0,1.08763588,119113957.44249472,62.95774647887323,69532.55901519954,79366.39618266544,76642.85714285714,119127800.0,119289416.30975543,118966183.69024457
2026-05-10T04:10:00,119214000.0,119214000.0,119079000.0,119181000.0,0.37394849,119120342.44797142,55.28700906344411,66737.8175432831,76840.68045478898,80142.85714285714,119134950.0,119292438.8133037,118977461.1866963
2026-05-10T04:15:00,119181000.0,119181000.0,119081000.0,119131000.0,1.40935955,119121357.45292652,55.79268292682927,59799.05636109412,73432.35563605001,82214.28571428571,119135850.0,119293016.05365367,118978683.94634633
2026-05-10T04:20:00,119081000.0,119134000.0,119080000.0,119134000.0,0.26957003,119122561.50502875,54.6875,53920.55051907897,69529.9946126558,82642.85714285714,119139950.0,119292104.31917012,118987795.68082988
2026-05-10T04:25:00,119081000.0,119120000.0,119000000.0,119000000.0,1.96430918,119110888.9807403,41.355463347164594,38010.945651203394,63226.18482036533,87214.28571428571,119136500.0,119298254.19949,118974745.80051
2026-05-10T04:30:00,119098000.0,119098000.0,119000000.0,119001000.0,0.94658251,119100423.36352693,41.60887656033287,25192.75442250073,55619.49874079241,92571.42857142857,119133900.0,119302818.41693245,118964981.58306755
2026-05-10T04:35:00,119000000.0,119001000.0,119000000.0,119001000.0,0.1552044,119090954.47176245,23.731884057971016,14862.915090367198,47468.18201070737,80357.14285714286,119132450.0,119305569.33821261,118959330.66178739
2026-05-10T04:40:00,119001000.0,119134000.0,119001000.0,119128000.0,0.4945596,119094482.61730888,36.59638554216867,16731.412307724357,41320.82807011077,86214.28571428571,119133300.0,119306142.61170518,118960457.38829482
2026-05-10T04:45:00,119128000.0,119128000.0,119008000.0,119128000.0,1.07306308,119097674.74899375,39.9671052631579,18004.66326367855,36657.59510882433,90785.71428571429,119136950.0,119305869.13356464,118968030.86643536
2026-05-10T04:50:00,119108000.0,119195000.0,119108000.0,119149000.0,0.40956008,119102562.86813721,54.209445585215605,20472.256881460547,33420.52746335158,86428.57142857143,119140700.0,119307045.36046246,118974354.63953754
2026-05-10T04:55:00,119195000.0,119195000.0,119128000.0,119188000.0,0.53535495,119110699.73783842,58.1573896353167,25283.36576282978,31793.09512324722,88428.57142857143,119143850.0,119311325.7170144,118976374.2829856
2026-05-10T05:00:00,119188000.0,119194000.0,119100000.0,119188000.0,0.4742297,119118061.66756809,54.29769392033543,28764.623538687825,31187.400806335343,90000.0,119147150.0,119315412.04500566,118978887.95499434
2026-05-10T05:05:00,119188000.0,119194000.0,119123000.0,119125000.0,0.52824038,119118722.46113303,47.86641929499072,26138.661698818207,30177.65298483192,89500.0,119138850.0,119293021.84533745,118984678.15466255
2026-05-10T05:10:00,119161000.0,119192000.0,119124000.0,119125000.0,0.30771241,119119320.3219775,47.955390334572485,23783.407702356577,28898.803928336853,92642.85714285714,119129800.0,119262399.27760388,118997200.72239612
2026-05-10T05:15:00,119124000.0,119125000.0,119073000.0,119125000.0,0.54690773,119119861.24369392,40.552016985138,21667.087246969342,27452.460592063355,86714.28571428571,119123550.0,119243471.86052424,119003628.13947576
2026-05-10T05:20:00,119124000.0,119124000.0,119024000.0,119024000.0,0.87751306,119110731.60143735,35.43599257884972,11705.102989926934,24302.98907163607,84285.71428571429,119119350.0,119247187.5202316,118991512.4797684
2026-05-10T05:25:00,119024000.0,119030000.0,118999000.0,119001000.0,0.67984732,119100280.97272903,37.30468750000001,1931.980247348547,19828.787306778566,79357.14285714286,119114250.0,119252544.68917008,118975955.31082992
2026-05-10T05:30:00,119001000.0,119001000.0,118966000.0,118998000.0,0.79624719,119090539.92770721,36.71875,-5986.357858642936,14665.758273694268,78000.0,119106800.0,119253466.25199309,118960133.74800691
2026-05-10T05:35:00,118998000.0,118998000.0,118967000.0,118997000.0,0.67846193,119081631.36316366,49.6042216358839,-12201.735487431288,9292.259521469157,70642.85714285714,119099250.0,119252389.59919669,118946110.40080331
2026-05-10T05:40:00,118997000.0,118997000.0,118951000.0,118951000.0,0.69093762,119069190.28095761,44.10377358490566,-20601.797897577286,3313.4480376598694,66928.57142857143,119089450.0,119254356.95941402,118924543.04058598
2026-05-10T05:45:00,118951000.0,118983000.0,118951000.0,118982000.0,1.93897566,119060886.44467594,47.912087912087905,-24475.330579057336,-2244.3076856835714,69142.85714285714,119077850.0,119238450.55056606,118917249.44943394
2026-05-10T05:50:00,118982000.0,118987000.0,118968000.0,118987000.0,0.94389558,119053849.64042109,28.828828828828833,-26832.368086457253,-7161.919765838308,61000.0,119068150.0,119225928.35886563,118910371.64113437
2026-05-10T05:55:00,118987000.0,119092000.0,118983000.0,119034000.0,0.54855211,119051959.19847623,37.63157894736842,-24623.98017245531,-10654.33184716171,60214.28571428572,119063300.0,119218892.04417497,118907707.95582503
2026-05-10T06:00:00,119094000.0,119119000.0,119035000.0,119107000.0,0.49149345,119057201.17957373,45.138888888888886,-16789.78473931551,-11881.42242559247,60071.42857142857,119061950.0,119215413.14489844,118908486.85510156
2026-05-10T06:05:00,119107000.0,119119000.0,119100000.0,119107000.0,0.93565432,119061943.92437623,39.69465648854962,-10460.545756191015,-11597.24709171218,56642.857142857145,119067300.0,119219121.36317332,118915478.63682668
2026-05-10T06:10:00,119107000.0,119119000.0,119035000.0,119119000.0,1.35130188,119067377.83634041,41.48148148148148,-4425.266829177737,-10162.85103920529,55928.57142857143,119073200.0,119223334.81660798,118923065.18339202
2026-05-10T06:15:00,119119000.0,119125000.0,119100000.0,119125000.0,1.33263432,119072865.66145085,50.0,832.2909265309572,-7963.822646058041,52642.857142857145,119079400.0,119227204.13782406,118931595.86217594
2026-05-10T06:20:00,119100000.0,119151000.0,119072000.0,119072000.0,0.54329717,119072783.21750315,43.391521197007485,714.055083528161,-6228.247100140801,53428.57142857143,119076600.0,119222638.78360151,118930561.21639849
2026-05-10T06:25:00,119098000.0,119117000.0,119000000.0,119000000.0,1.43263004,119065851.48250285,36.78646934460888,-5130.306959658861,-6008.659072044414,58071.42857142857,119070200.0,119217963.11055918,118922436.88944082
2026-05-10T06:30:00,119041000.0,119047000.0,118951000.0,118983000.0,1.06770062,119057960.86512162,44.73007712082262,-11006.883409902453,-7008.303939616022,57714.28571428572,119061900.0,119209674.9355573,118914125.0644427
2026-05-10T06:35:00,118983000.0,119000000.0,118952000.0,118962000.0,0.19042782,119048821.73511003,44.96124031007753,-17160.817854851484,-9038.806722663114,58928.57142857143,119050600.0,119192209.3960606,118908990.6039394
2026-05-10T06:40:00,118962000.0,118997000.0,118952000.0,118997000.0,0.77645071,119043886.33176622,49.88066825775656,-18994.688797712326,-11029.983137672956,59642.857142857145,119041050.0,119168719.76314332,118913380.23685668
2026-05-10T06:45:00,118997000.0,118997000.0,118936000.0,118936000.0,1.74409245,119033611.44302657,43.63256784968685,-25081.115447551012,-13840.20959964857,61785.71428571428,119031600.0,119161072.45185557,118902127.54814443
2026-05-10T06:50:00,118936000.0,118988000.0,118904000.0,118950000.0,1.99031154,119025648.44845262,49.888143176733784,-28447.049541324377,-16761.57758798373,64500.0,119022850.0,119149364.86286731,118896335.13713269
2026-05-10T06:55:00,118950000.0,118950000.0,118914000.0,118914000.0,1.75061956,119015015.2628857,42.47787610619469,-33631.78936363757,-20135.6199431145,64785.71428571428,119012300.0,119138137.15458362,118886462.84541638
2026-05-10T07:00:00,118916000.0,118960000.0,118914000.0,118920000.0,0.89541879,119005966.19022992,42.60485651214128,-36832.00672453642,-23474.897299398886,66714.28571428571,119007100.0,119139334.08271545,118874865.91728455
2026-05-10T07:05:00,118920000.0,118978000.0,118914000.0,118918000.0,1.036817,118997588.45782708,35.78431372549019,-39079.105719834566,-26595.738983486022,63500.0,119002950.0,119141068.90377122,118864831.09622878
2026-05-10T07:10:00,118918000.0,118919000.0,118900000.0,118919000.0,1.61571011,118990103.84279592,22.02380952380952,-40314.53535182774,-29339.49825715437,58785.71428571428,118999000.0,119142142.18180028,118855857.81819972
2026-05-10T07:15:00,118919000.0,118945000.0,118900000.0,118945000.0,1.40805263,118985808.23872012,27.62430939226519,-38748.965572327375,-31221.391720188974,60642.857142857145,118996400.0,119141569.80982363,118851230.19017637
2026-05-10T07:20:00,118978000.0,118978000.0,118919000.0,118977000.0,0.42400968,118984969.358842,31.41361256544502,-34528.08935676515,-31882.731247504213,58857.142857142855,118997700.0,119141618.25164972,118853781.74835028
2026-05-10T07:25:00,118977000.0,118996000.0,118977000.0,118996000.0,0.93396264,118986019.89609516,33.67088607594937,-29311.983041375875,-31368.58160627855,58428.57142857143,118998400.0,119142132.79302056,118854667.20697944
2026-05-10T07:30:00,118995000.0,118995000.0,118900000.0,118932000.0,1.75007318,118980875.1440861,32.758620689655174,-29996.663471862674,-31094.197979395372,59642.857142857145,118995650.0,119142374.62570915,118848925.37429085
2026-05-10T07:35:00,118932000.0,118995000.0,118932000.0,118993000.0,1.21581981,118982029.89226837,49.11392405063291,-25325.154823705554,-29940.389348257413,55785.71428571428,118993600.0,119139210.00543997,118847989.99456003
2026-05-10T07:40:00,118993000.0,119050000.0,118932000.0,119050000.0,2.59110619,118988503.23586187,57.701149425287355,-16829.526625588536,-27318.216803723637,57357.142857142855,118990750.0,119129062.95559068,118852437.04440932
2026-05-10T07:45:00,119050000.0,119053000.0,119000000.0,119051000.0,0.79245586,118994455.30863693,60.72289156626506,-9901.846109971404,-23834.942664973194,57714.28571428572,118987950.0,119118397.77135946,118857502.22864054
2026-05-10T07:50:00,119050000.0,119051000.0,118932000.0,118956000.0,0.82427542,118990792.89829056,45.684210526315795,-11939.682217553258,-21455.890575489208,63000.0,118979800.0,119095282.69407836,118864317.30592164
2026-05-10T07:55:00,118956000.0,119022000.0,118924000.0,119022000.0,1.57597417,118993765.00321527,58.958333333333336,-8135.25543898344,-18791.763548188053,65642.85714285714,118974650.0,119070362.89304349,118878937.10695651
2026-05-10T08:00:00,119022000.0,119053000.0,118929000.0,118971000.0,2.59636324,118991596.90767096,52.03094777562863,-9130.245792642236,-16859.45999707889,68500.0,118969600.0,119053631.07194752,118885568.92805248
2026-05-10T08:05:00,118971000.0,118983000.0,118948000.0,118982000.0,1.56504981,118990682.9164642,56.91056910569106,-8928.255376920104,-15273.219073047136,68428.57142857143,118968700.0,119051739.87628031,118885660.12371969
2026-05-10T08:10:00,118982000.0,118982000.0,118930000.0,118942000.0,1.39730129,118986046.4482295,52.09125475285171,-11859.137468576431,-14590.402752152997,68857.14285714286,118966650.0,119050226.06053622,118883073.93946378
2026-05-10T08:15:00,118942000.0,118982000.0,118930000.0,118982000.0,2.02172087,118985661.07220764,55.673758865248224,-10829.382554993033,-13838.198712721005,68000.0,118967650.0,119051470.04533534,118883829.95466466
2026-05-10T08:20:00,118967000.0,118986000.0,118930000.0,118965000.0,0.86674557,118983693.35104501,53.96551724137931,-11255.308106392622,-13321.620591455328,70642.85714285714,118966050.0,119048724.95006613,118883375.04993387
2026-05-10T08:25:00,118964000.0,118964000.0,118924000.0,118963000.0,2.06999068,118981722.5557074,51.618705035971225,-11620.289001584053,-12981.354273481074,70357.14285714286,118967400.0,119048882.06131294,118885917.93868706
2026-05-10T08:30:00,118963000.0,118968000.0,118910000.0,118948000.0,1.86936906,118978510.88373527,47.30983302411874,-12970.398945108056,-12979.16320780647,70285.71428571429,118967300.0,119048876.8284955,118885723.1715045
2026-05-10T08:35:00,118948000.0,118968000.0,118943000.0,118943000.0,1.10904562,118975128.8948081,44.952380952380956,-14279.226975560188,-13239.175961357214,70714.28571428571,118968750.0,119047313.08226357,118890186.91773643
2026-05-10T08:40:00,118931000.0,118943000.0,118902000.0,118902000.0,1.4417044,118968164.23815972,47.01195219123506,-18412.591079458594,-14273.85898497749,66785.71428571429,118967850.0,119049129.95803988,118886570.04196012
2026-05-10T08:45:00,118903000.0,118968000.0,118899000.0,118968000.0,4.96950254,118968148.59643023,47.53451676528599,-16176.194396421313,-14654.326067266256,67214.28571428571,118970350.0,119048176.46011963,118892523.53988037
2026-05-10T08:50:00,118968000.0,118990000.0,118943000.0,118969000.0,2.99667762,118968229.6824845,41.019955654102,-14159.915577560663,-14555.443969325137,62142.857142857145,118972850.0,119046849.35988355,118898850.64011645
2026-05-10T08:55:00,118969000.0,119003000.0,118950000.0,118954000.0,3.28592743,118966874.47462884,39.56989247311829,-13615.424587547779,-14367.440092969666,62142.857142857145,118973300.0,119046693.2450643,118899906.7549357
2026-05-10T09:00:00,118992000.0,119082000.0,118953000.0,119034000.0,6.66187128,118973267.38180704,58.66666666666667,-6651.9011670053005,-12824.332307776793,62857.142857142855,118976150.0,119054413.45520784,118897886.54479216
2026-05-10T09:05:00,119074000.0,119075000.0,119000000.0,119045000.0,3.33944346,118980099.05973019,52.911392405063296,-242.85118035972118,-10308.03608229338,61214.28571428572,118978600.0,119062355.03127082,118894844.96872918
2026-05-10T09:10:00,119001000.0,119100000.0,119001000.0,119100000.0,2.30801659,118991518.19689873,66.1654135338346,9168.71620155871,-6412.685625522963,59428.57142857143,118987000.0,119083764.49979755,118890235.50020245
2026-05-10T09:15:00,119100000.0,119149000.0,119100000.0,119142000.0,2.78867944,119005849.7971941,68.6046511627907,19788.39188593626,-1172.4701232311181,60428.57142857143,118994450.0,119113529.76097432,118875370.23902568
2026-05-10T09:20:00,119125000.0,119193000.0,119125000.0,119160000.0,3.2576052,119020530.7688899,76.7156862745098,29319.039309471846,4925.831763309475,61571.42857142857,118999950.0,119138415.99430533,118861484.00569467
2026-05-10T09:25:00,119160000.0,119164000.0,119101000.0,119103000.0,3.29529141,119028384.98137657,64.23529411764706,31904.942113548517,10321.653833357283,62357.142857142855,119002550.0,119146880.7240152,118858219.2759848
2026-05-10T09:30:00,119103000.0,119147000.0,119019000.0,119033000.0,2.69402088,119028824.50695977,57.11297071129707,27983.299671024084,13853.983000890645,67500.0,119006400.0,119149605.99811025,118863194.00188975
2026-05-10T09:35:00,119087000.0,119139000.0,119034000.0,119102000.0,2.01022526,119035793.60153502,62.75229357798165,30096.16328816116,17102.41905834475,72142.85714285714,119010400.0,119159776.81071359,118861023.18928641
2026-05-10T09:40:00,119102000.0,119150000.0,119100000.0,119150000.0,2.10931643,119046670.40138882,67.47404844290656,35237.62437522411,20729.460121720622,71571.42857142857,119019350.0,119179824.65777963,118858875.34222037
2026-05-10T09:45:00,119150000.0,119180000.0,119140000.0,119143000.0,3.24819785,119055844.6488756,67.24137931034483,38305.86170126498,24244.740437629494,72642.85714285714,119027400.0,119195935.98709886,118858864.01290114
2026-05-10T09:50:00,119143000.0,119147000.0,119074000.0,119074000.0,4.46722134,119057573.72993506,64.14473684210526,34768.9438034296,26349.581110789517,74928.57142857143,119034000.0,119198750.5291103,118869249.4708897
2026-05-10T09:55:00,119089000.0,119090000.0,119060000.0,119074000.0,1.80980316,119059138.13660792,59.77859778597786,31601.62700252235,27399.990289136083,72142.85714285714,119038600.0,119202371.85671735,118874828.14328265
2026-05-10T10:00:00,119087000.0,119090000.0,119024000.0,119025000.0,6.72015835,119055886.8855024,54.74576271186441,24851.146580129862,26890.22154733484,73500.0,119041600.0,119201855.58533666,118881344.41466334
2026-05-10T10:05:00,119025000.0,119090000.0,119025000.0,119053000.0,4.57300525,119055611.94402598,58.2089552238806,21512.722926333547,25814.721823134583,74357.14285714286,119046100.0,119202059.37392734,118890140.62607266
2026-05-10T10:10:00,119053000.0,119053000.0,119039000.0,119040000.0,4.23855713,119054125.09221397,50.55970149253732,17614.952565953135,24174.767971698297,66142.85714285714,119050700.0,119199750.46831621,118901649.53168379
2026-05-10T10:15:00,119039000.0,119040000.0,119035000.0,119035000.0,4.8922345,119052303.65486027,49.056603773584904,13961.543280005455,22132.12303335973,61142.857142857145,119055300.0,119195788.02159096,118914811.97840904
2026-05-10T10:20:00,119036000.0,119040000.0,119013000.0,119016000.0,7.00303959,119048846.1639212,41.497975708502025,9424.410155326128,19590.58045775301,56000.0,119061000.0,119183383.34940074,118938616.65059926
2026-05-10T10:25:00,119016000.0,119040000.0,119016000.0,119023000.0,3.06973733,119046384.62450014,37.037037037037045,6320.680098608136,16936.600385924037,54214.28571428572,119063750.0,119179633.56225115,118947866.43774885
2026-05-10T10:30:00,119019000.0,119023000.0,119000000.0,119001000.0,3.35405788,119042062.27930965,32.829373650107996,2061.966463327408,13961.673601404713,51000.0,119065350.0,119176512.80142687,118954187.19857313
2026-05-10T10:35:00,119000000.0,119011000.0,118975000.0,118977000.0,4.45276172,119035865.87175635,35.34883720930232,-3212.6606465280056,10526.80675181817,49071.42857142857,119066500.0,119173198.78902295,118959801.21097705
2026-05-10T10:40:00,118977000.0,119040000.0,118977000.0,119040000.0,1.82066287,119036259.59825574,50.8274231678487,-2282.9507109820843,7964.85525925812,44428.57142857143,119066800.0,119173147.19702844,118960452.80297156
2026-05-10T10:45:00,119038000.0,119040000.0,118977000.0,118989000.0,1.68448226,119031758.68413615,36.049382716049394,-5596.905026882887,5252.503202029919,41357.142857142855,119064000.0,119175583.81320083,118952416.18679917
2026-05-10T10:50:00,118989000.0,119031000.0,118977000.0,119001000.0,1.3748359,119028829.28564699,29.810298102981037,-7172.2606301903725,2767.550435585861,41642.857142857145,119059050.0,119172674.4506675,118945425.5493325
2026-05-10T10:55:00,119028000.0,119028000.0,118963000.0,118978000.0,1.22953772,119023988.40129966,28.57142857142857,-10159.536266624928,182.13309514370349,43428.57142857143,119050850.0,119162929.43611571,118938770.56388429
2026-05-10T11:00:00,118978000.0,118978000.0,118955000.0,118963000.0,1.84017802,119018179.98212826,33.23262839879155,-13580.797391861677,-2570.453002257373,39857.142857142855,119041000.0,119147159.76044086,118934840.23955914
2026-05-10T11:05:00,118961000.0,118977000.0,118918000.0,118918000.0,2.27457436,119008639.03144938,29.255319148936167,-19696.249300330877,-5995.612261872075,41928.57142857143,119031750.0,119147012.40086277,118916487.59913723
2026-05-10T11:10:00,118917000.0,118917000.0,118888000.0,118889000.0,2.92268291,118997244.83797802,30.898876404494374,-26576.489407539368,-10111.787691005535,39357.142857142855,119024550.0,119156295.3284901,118892804.6715099
2026-05-10T11:15:00,118889000.0,118963000.0,118887000.0,118955000.0,2.000394,118993221.52007535,37.56345177664974,-26399.167674914002,-13369.263687787228,40142.857142857145,119017200.0,119147141.84934248,118887258.15065752
2026-05-10T11:20:00,118954000.0,118978000.0,118944000.0,118978000.0,1.30071487,118991771.85149674,42.32673267326732,-24124.637341082096,-15520.338418446203,41571.42857142857,119008600.0,119123422.33415616,118893777.66584384
2026-05-10T11:25:00,118977000.0,119037000.0,118977000.0,119037000.0,1.51576219,118996079.29421133,50.21834061135371,-17361.120557129383,-15888.494846182839,45500.0,119003300.0,119100423.03645657,118906176.96354343
2026-05-10T11:30:00,119037000.0,119050000.0,119035000.0,119049000.0,1.03201971,119001119.3614293,53.65853658536585,-10906.956460803747,-14892.187169107021,44642.857142857145,119002050.0,119095931.16788913,118908168.83211087
2026-05-10T11:35:00,119045000.0,119085000.0,119045000.0,119059000.0,1.78050146,119006631.80319795,53.9647577092511,-4928.258590891957,-12899.401453464008,45785.71428571428,119001300.0,119092974.7109709,118909625.2890291
2026-05-10T11:40:00,119060000.0,119060000.0,119045000.0,119045000.0,0.88082934,119010285.9171791,54.932735426008975,-1304.7402188628912,-10580.469206543785,45214.28571428572,119002300.0,119095487.07839054,118909112.92160946
2026-05-10T11:45:00,119045000.0,119051000.0,119035000.0,119035000.0,1.45342193,119012639.63935252,56.71296296296297,751.3467133045197,-8314.106022574124,43785.71428571428,119001400.0,119092856.97866967,118909943.02133033
2026-05-10T11:50:00,119038000.0,119051000.0,119025000.0,119042000.0,0.5474348,119015435.86417608,50.265957446808514,2912.083236053586,-6068.868170848582,41142.857142857145,119001500.0,119093138.87936102,118909861.12063898
2026-05-10T11:55:00,119042000.0,119051000.0,119041000.0,119050000.0,1.018271,119018727.68663551,59.15915915915915,5209.958480551839,-3813.1028405684974,37357.142857142855,119002250.0,119095278.2922444,118909221.7077556
2026-05-10T12:00:00,119050000.0,119091000.0,119043000.0,119086000.0,2.67887089,119025134.5736226,61.904761904761905,9822.710213631392,-1085.9402297285196,36928.57142857143,119005750.0,119105947.43667284,118905552.56332716
2026-05-10T12:05:00,119091000.0,119110000.0,119086000.0,119109000.0,1.02435415,119033121.75708711,68.34733893557423,15159.507608890533,2163.1493379952913,34000.0,119010050.0,119120246.90510514,118899853.09489486
2026-05-10T12:10:00,119108000.0,119168000.0,119108000.0,119162000.0,3.1304307,119045395.87545978,75.18987341772151,23395.92143586278,6409.703757568789,36642.857142857145,119018100.0,119147382.88037443,118888817.11962557
2026-05-10T12:15:00,119168000.0,119170000.0,119107000.0,119110000.0,1.38745021,119051548.6492255,73.88059701492537,25434.183876544237,10214.599781363879,36928.57142857143,119024750.0,119158728.59216274,118890771.40783726
2026-05-10T12:20:00,119109000.0,119110000.0,119059000.0,119066000.0,1.31946056,119052924.96834688,71.22302158273382,23231.29337990284,12817.938501071672,38428.57142857143,119026050.0,119161151.4823247,118890948.5176753
2026-05-10T12:25:00,119060000.0,119060000.0,119042000.0,119042000.0,0.97594052,119051884.49517098,61.599999999999994,19326.108023494482,14119.572405556235,34714.28571428572,119028700.0,119162817.15224509,118894582.84775491
2026-05-10T12:30:00,119042000.0,119047000.0,119028000.0,119038000.0,1.13408571,119050562.16229755,58.42696629213483,15727.161000400782,14441.090124525146,33642.857142857145,119030550.0,119164077.801166,118897022.198834
2026-05-10T12:35:00,119037000.0,119129000.0,119028000.0,119124000.0,2.18115497,119057556.24207872,61.35770234986945,19588.645116209984,15470.601122862114,36571.42857142857,119037850.0,119175190.56785583,118900509.43214417
2026-05-10T12:40:00,119124000.0,119155000.0,119124000.0,119143000.0,0.54124502,119065693.74283314,62.05128205128205,23906.461501911283,17157.77319867195,37714.28571428572,119046850.0,119187098.3136216,118906601.6863784
2026-05-10T12:45:00,119143000.0,119162000.0,119124000.0,119126000.0,1.81834057,119071437.19589664,58.4382871536524,25660.802413776517,18858.37904169286,37571.42857142857,119057250.0,119187779.08528477,118926720.91471523
2026-05-10T12:50:00,119129000.0,119162000.0,119124000.0,119157000.0,0.85585388,119079586.03438267,63.52657004830918,29215.789710372686,20929.861175428825,39214.28571428572,119070650.0,119182081.40443678,118959218.59556322
2026-05-10T12:55:00,119157000.0,119158000.0,119095000.0,119095000.0,2.11818086,119081054.03110814,56.43776824034335,26722.22374947369,22088.3336902378,42571.42857142857,119077650.0,119175218.92300758,118980081.07699242
2026-05-10T13:00:00,119095000.0,119096000.0,119079000.0,119093000.0,0.929265,119082191.74243118,55.53145336225597,24304.50427867472,22531.567807925185,41928.57142857143,119083400.0,119169071.09688875,118997728.90311125
2026-05-10T13:05:00,119094000.0,119126000.0,119093000.0,119097000.0,0.87721888,119083602.05267583,55.142231947483594,22452.39353340864,22515.732953021878,43571.42857142857,119086400.0,119169389.91695264,119003410.08304736
2026-05-10T13:10:00,119095000.0,119134000.0,119095000.0,119095000.0,0.85299525,119084687.5714686,51.06382978723405,20585.897724077106,22129.765907232926,42928.57142857143,119088700.0,119169855.08220954,119007544.91779046
2026-05-10T13:15:00,119130000.0,119160000.0,119093000.0,119095000.0,0.96903971,119085669.70751922,48.25000000000001,18888.94633243978,21481.6019922743,46000.0,119090500.0,119170469.73111592,119010530.26888408
2026-05-10T13:20:00,119096000.0,119150000.0,119090000.0,119090000.0,0.93211479,119086082.11632691,39.77272727272727,16945.306964844465,20574.34298678833,46000.0,119092750.0,119169808.76090099,119015691.23909901
2026-05-10T13:25:00,119091000.0,119129000.0,119090000.0,119127000.0,1.23442834,119089979.05762911,52.52225519287834,18180.970628798008,20095.668515190267,44285.71428571428,119097350.0,119170792.49451113,119023907.50548887
2026-05-10T13:30:00,119127000.0,119162000.0,119127000.0,119160000.0,1.37336627,119096647.7188073,64.41717791411043,21574.371270030737,20391.40906615836,43142.857142857145,119103250.0,119176928.89078553,119029571.10921447
2026-05-10T13:35:00,119160000.0,119162000.0,119130000.0,119161000.0,0.91206602,119102776.50749232,69.63696369636963,24066.92879498005,21126.5130119227,43714.28571428572,119108800.0,119182312.1901815,119035287.8098185
2026-05-10T13:40:00,119161000.0,119161000.0,119131000.0,119131000.0,0.83668055,119105464.45915972,64.1337386018237,23352.357866734266,21571.681982885017,44500.0,119111050.0,119184378.31721292,119037721.68278708
2026-05-10T13:45:00,119131000.0,119159000.0,119079000.0,119079000.0,3.61853544,119102944.03447783,42.37288135593221,18378.23696434498,20932.99297917701,43000.0,119109550.0,119184269.05273838,119034830.94726162
2026-05-10T13:50:00,119079000.0,119125000.0,119079000.0,119125000.0,0.54557456,119105044.60262279,47.20496894409938,17941.21076488495,20334.636536318598,44071.42857142857,119107700.0,119178690.28843898,119036709.71156102
2026-05-10T13:55:00,119125000.0,119127000.0,119090000.0,119127000.0,1.35377835,119107135.5928492,50.1628664495114,17553.897238060832,19778.488676667046,44000.0,119108550.0,119180061.42713262,119037038.57286738
2026-05-10T14:00:00,119102000.0,119127000.0,119080000.0,119090000.0,1.510388,119105503.63162546,39.29712460063898,14098.8351046592,18642.557962265477,44642.857142857145,119109750.0,119179025.57479498,119040474.42520502
2026-05-10T14:05:00,119090000.0,119092000.0,119071000.0,119092000.0,1.05789983,119104217.57147065,49.40711462450593,11390.751266747713,17192.196623161926,41642.857142857145,119112250.0,119174481.74008255,119050018.25991745
2026-05-10T14:10:00,119072000.0,119092000.0,119051000.0,119068000.0,1.2390618,119100768.27894963,45.45454545454546,7224.694114342332,15198.696121398007,43357.142857142855,119113750.0,119169561.24202935,119057938.75797065
2026-05-10T14:15:00,119064000.0,119064000.0,119028000.0,119030000.0,1.41037682,119094028.44285919,39.15857605177993,847.0174950659275,12328.360396131591,43857.142857142855,119109050.0,119175955.98273946,119042144.01726054
2026-05-10T14:20:00,119030000.0,119090000.0,119020000.0,119076000.0,1.75398758,119092311.44830118,47.30878186968839,-489.87464249134064,9764.713388407006,46071.42857142857,119105700.0,119172156.47566575,119039243.52433425
2026-05-10T14:25:00,119090000.0,119090000.0,119049000.0,119049000.0,2.01480563,119088186.54846297,43.94736842105263,-3685.5607942193747,7074.65855188173,44214.28571428572,119101850.0,119172164.40669942,119031535.59330058
2026-05-10T14:30:00,119028000.0,119089000.0,119019000.0,119019000.0,1.60325788,119081597.35337125,41.23456790123458,-8540.465206056833,3951.6338002940174,44928.57142857143,119094950.0,119169437.65351608,119020462.34648392
2026-05-10T14:35:00,119019000.0,119089000.0,119000000.0,119001000.0,1.69208093,119073921.41495493,33.678756476683944,-13682.735440894961,424.75995205622166,48500.0,119090250.0,119175769.7730292,119004730.2269708
2026-05-10T14:40:00,119003000.0,119010000.0,119000000.0,119000000.0,1.50797098,119066881.28019731,27.401129943502823,-17635.423112750053,-3187.2766609050336,46714.28571428572,119085600.0,119180129.08213052,118991070.91786948
2026-05-10T14:45:00,119000000.0,119002000.0,118984000.0,118985000.0,1.67730714,119059083.06303565,26.08695652173914,-21727.865897089243,-6895.394508141876,45714.28571428572,119080000.0,119184436.33164966,118975563.66835034
2026-05-10T14:50:00,118994000.0,119000000.0,118961000.0,118961000.0,6.04455961,119049741.81893702,26.519337016574582,-26601.114621043205,-10836.538530722142,46357.142857142855,119073300.0,119190141.05262691,118956458.94737309
2026-05-10T14:55:00,118961000.0,118961000.0,118920000.0,118938000.0,3.15142024,119039099.74094301,28.828828828828833,-31950.798212498426,-15059.3904670774,43571.42857142857,119065450.0,119196397.11668624,118934502.88331376
2026-05-10T15:00:00,118938000.0,118959000.0,118922000.0,118950000.0,1.06948945,119030614.0513294,20.735785953177256,-34820.769137859344,-19011.66620123379,42928.57142857143,119058450.0,119198521.37278438,118918378.62721562
2026-05-10T15:05:00,118950000.0,118959000.0,118930000.0,118959000.0,1.34729091,119023793.66548851,22.549019607843135,-35954.5552572906,-22400.244012445153,42357.142857142855,119050050.0,119192933.7952582,118907166.2047418
2026-05-10T15:10:00,118959000.0,118959000.0,118945000.0,118958000.0,1.1169773,119017527.60210864,25.555555555555543,-36512.88278384507,-25222.771766725138,40000.0,119039950.0,119178604.39807406,118901295.60192594
2026-05-10T15:15:00,118958000.0,118958000.0,118951000.0,118953000.0,1.07087164,119011382.11619353,24.54212454212454,-36933.07805068791,-27564.833023517695,39000.0,119029550.0,119160989.76006648,118898110.23993352
2026-05-10T15:20:00,118953000.0,118985000.0,118950000.0,118961000.0,1.55758119,119006583.8194132,29.182879377431902,-36203.224450066686,-29292.511308827492,38571.42857142857,119021050.0,119146727.07155964,118895372.92844036
2026-05-10T15:25:00,118985000.0,118997000.0,118961000.0,118967000.0,1.55822685,119002813.93185005,36.0,-34740.196991443634,-30382.048445350723,38285.71428571428,119015450.0,119140232.7164146,118890667.2835854
2026-05-10T15:30:00,118967000.0,118991000.0,118924000.0,118935000.0,4.27321221,118996355.46215004,16.587677725118496,-35750.75727894902,-31455.790212070384,38071.42857142857,119005950.0,119124384.48111005,118887515.51888995
2026-05-10T15:35:00,118935000.0,118989000.0,118925000.0,118975000.0,1.3179929,118994321.60861194,33.48214285714286,-32944.20756369829,-31753.47368239597,39714.28571428572,118998350.0,119102754.62784669,118893945.37215331
2026-05-10T15:40:00,118944000.0,118988000.0,118930000.0,118965000.0,1.9314955,118991529.07445842,36.76470588235295,-31167.63205958903,-31636.305357834583,38857.142857142855,118992100.0,119088025.19014983,118896174.80985017
2026-05-10T15:45:00,118965000.0,118965000.0,118897000.0,118931000.0,5.31695389,118985764.40070048,34.09090909090909,-32132.792196705937,-31735.602725608856,37357.142857142855,118984050.0,119071306.36758557,118896793.63241443
2026-05-10T15:50:00,118926000.0,118934000.0,118904000.0,118931000.0,1.35734401,118980548.74349092,34.246575342465746,-32522.78612524271,-31893.03940553563,38785.71428571428,118977200.0,119057976.7553851,118896423.2446149
2026-05-10T15:55:00,118931000.0,118975000.0,118925000.0,118967000.0,1.52925872,118979258.38696797,46.25000000000001,-29585.912010863423,-31431.613926601192,41071.42857142857,118974050.0,119050979.15401107,118897120.84598893
2026-05-10T16:00:00,118975000.0,118975000.0,118922000.0,118975000.0,2.37019547,118978852.82630435,53.125,-26309.60423451662,-30407.21198818428,42071.42857142857,118969000.0,119029189.1754564,118908810.8245436
2026-05-10T16:05:00,118972000.0,118975000.0,118920000.0,118975000.0,1.74250365,118978485.89046583,59.20398009950249,-23442.87188284099,-29014.343967115623,43071.42857142857,118965300.0,119012473.14133249,118918126.85866751
2026-05-10T16:10:00,118975000.0,118975000.0,118958000.0,118975000.0,0.8147291,118978153.90089765,56.613756613756614,-20929.70127247274,-27397.415428187047,41642.857142857145,118963100.0,119003319.92174633,118922880.07825367
2026-05-10T16:15:00,118958000.0,118975000.0,118923000.0,118927000.0,1.40344634,118973282.10081217,42.98245614035088,-22551.237674340606,-26428.179877417762,43285.71428571428,118959400.0,118998540.23370847,118920259.76629153
2026-05-10T16:20:00,118927000.0,118975000.0,118927000.0,118974000.0,0.98234797,118973350.47216338,52.91970802919708,-19815.390266418457,-25105.621955217903,45714.28571428572,118958100.0,118993067.05216141,118923132.94783859
2026-05-10T16:25:00,118974000.0,118975000.0,118942000.0,118973000.0,1.88035129,118973317.09386212,53.70370370370371,-17525.875741496682,-23589.672712473657,47571.42857142857,118957500.0,118990900.28364229,118924099.71635771
2026-05-10T16:30:00,118973000.0,118978000.0,118973000.0,118976000.0,2.00277222,118973572.60873239,52.83018867924528,-15293.055236324668,-21930.34921724386,45428.57142857143,118958250.0,118992640.17607607,118923859.82392393
2026-05-10T16:35:00,118976000.0,118979000.0,118975000.0,118979000.0,0.38972865,118974089.50313883,52.29007633587786,-13130.098370596766,-20170.299047914443,43142.857142857145,118960300.0,118994495.10583659,118926104.89416341
2026-05-10T16:40:00,118979000.0,118988000.0,118978000.0,118988000.0,0.83756033,118975414.3123637,61.08786610878661,-10567.894576981664,-18249.818153727887,39071.42857142857,118962200.0,118998162.55362423,118926237.44637577
2026-05-10T16:45:00,118988000.0,118988000.0,118980000.0,118980000.0,1.68637065,118975851.04451953,51.207729468599034,-9078.214743509889,-16415.497471684288,35071.42857142857,118963250.0,119000036.00992678,118926463.99007322
2026-05-10T16:50:00,118980000.0,118988000.0,118980000.0,118988000.0,1.05423894,118977008.08789863,55.609756097560975,-7169.454591989517,-14566.288895745334,31500.0,118964750.0,119003050.06183884,118926449.93816116
2026-05-10T16:55:00,118988000.0,118988000.0,118980000.0,118988000.0,0.93496576,118978054.93667018,66.66666666666666,-5592.284050583839,-12771.487926713036,27214.285714285714,118966500.0,119005726.7363175,118927273.2636825
2026-05-10T17:00:00,118988000.0,118988000.0,118975000.0,118988000.0,1.38329702,118979002.08555874,66.66666666666666,-4292.879392206669,-11075.766219811763,26000.0,118967850.0,119008124.19181477,118927575.80818523
2026-05-10T17:05:00,118988000.0,118990000.0,118953000.0,118954000.0,1.28644351,118976620.93455315,46.15384615384615,-5938.156319215894,-10048.24423969259,25071.428571428572,118967200.0,119007948.78106044,118926451.21893956
2026-05-10T17:10:00,118990000.0,119020000.0,118963000.0,119012000.0,2.12308721,118979990.36935762,58.44748858447489,-2532.73902477324,-8545.143196708721,26000.0,118971050.0,119013503.56596535,118928596.43403465
2026-05-10T17:15:00,119012000.0,119030000.0,119011000.0,119030000.0,1.10039877,118984753.19132356,61.60337552742616,1600.0835167318583,-6516.097854020606,23428.571428571428,118973800.0,119023787.78798252,118923812.21201748
2026-05-10T17:20:00,119030000.0,119041000.0,119013000.0,119017000.0,1.05199443,118987824.31595942,58.400000000000006,3782.7782883942127,-4456.322625537643,24214.285714285714,118976400.0,119029756.39852141,118923043.60147859
2026-05-10T17:25:00,119025000.0,119093000.0,119024000.0,119092000.0,2.75760848,118997745.80967757,79.78339350180505,11432.664183139801,-1278.5252638021543,25928.571428571428,118984450.0,119054830.8436857,118914069.1563143
2026-05-10T17:30:00,119092000.0,119102000.0,119081000.0,119099000.0,1.65921709,119007389.06589876,76.37130801687763,17854.2823151052,2548.036251979317,24000.0,118992850.0,119075417.42061725,118910282.57938275
2026-05-10T17:35:00,119094000.0,119099000.0,119092000.0,119094000.0,1.1698215,119015637.72628936,75.10373443983403,22283.13660864532,6495.0563233125185,22142.85714285714,118999200.0,119092263.8716718,118906136.1283282
2026-05-10T17:40:00,119094000.0,119094000.0,119089000.0,119093000.0,1.04400038,119023005.56188086,74.47698744769875,25419.325737655163,10279.910206181048,22142.85714285714,119005100.0,119106309.31931303,118903890.68068697
2026-05-10T17:45:00,119093000.0,119093000.0,119049000.0,119076000.0,2.12605179,119028052.65122554,69.1699604743083,26230.64969073236,13470.05810309131,25000.0,119010150.0,119115047.49382395,118905252.50617605
2026-05-10T17:50:00,119052000.0,119076000.0,119051000.0,119054000.0,1.3309857,119030523.8272993,62.40601503759399,24812.391822740436,15738.524847021137,26071.428571428572,119014100.0,119119373.37845127,118908826.62154873
2026-05-10T17:55:00,119054000.0,119056000.0,119051000.0,119056000.0,1.69398689,119032950.12946127,64.61538461538461,23578.002988010645,17306.420475219038,25857.14285714286,119020550.0,119118935.86762023,118922164.13237977
2026-05-10T18:00:00,119056000.0,119076000.0,119051000.0,119076000.0,3.27687279,119037050.11713164,66.17647058823529,23937.635633289814,18632.663506833193,27071.428571428572,119025650.0,119124449.6910288,118926850.3089712
2026-05-10T18:05:00,119076000.0,119076000.0,119051000.0,119076000.0,0.97626765,119040759.62978578,66.17647058823529,23946.605533346534,19695.45191213586,28285.714285714286,119030800.0,119128778.73023756,118932821.26976244
2026-05-10T18:10:00,119076000.0,119079000.0,119053000.0,119076000.0,1.82689158,119044115.85552047,66.17647058823529,23680.7374432832,20492.50901836533,29214.285714285714,119035800.0,119132197.42298377,118939402.57701623
2026-05-10T18:15:00,119077000.0,119079000.0,119076000.0,119079000.0,1.18014418,119047438.15499473,75.93360995850622,23441.886518657207,21082.384518423707,26785.714285714286,119040800.0,119135144.49751069,118946455.50248931
2026-05-10T18:20:00,119079000.0,119089000.0,119076000.0,119083000.0,2.80855633,119050824.99737617,68.98395721925134,23306.696916520596,21527.246998043087,23000.0,119045550.0,119138253.20496371,118952846.79503629
2026-05-10T18:25:00,119083000.0,119089000.0,119076000.0,119079000.0,1.00950067,119053508.33095941,64.16184971098266,22616.087434321642,21745.0150852988,22571.428571428572,119050500.0,119138940.2861288,118962059.7138712
2026-05-10T18:30:00,119077000.0,119093000.0,119070000.0,119070000.0,1.42881741,119055078.96610613,65.68047337278107,21099.329721093178,21615.878012457677,22214.285714285714,119054600.0,119138317.31883965,118970882.68116035
2026-05-10T18:35:00,119065000.0,119087000.0,119029000.0,119056000.0,4.42896193,119055166.68361984,33.33333333333333,18553.729464635253,21003.448302893194,20928.571428571428,119058000.0,119135630.7047231,118980369.2952769
2026-05-10T18:40:00,119058000.0,119079000.0,119000000.0,119039000.0,1.64605249,119053626.99946557,24.576271186440692,14991.749440729618,19801.10853046048,25071.428571428572,119060550.0,119131568.08516899,118989531.91483101
2026-05-10T18:45:00,119039000.0,119059000.0,119000000.0,119003000.0,1.92771427,119048805.38046885,19.463087248322154,9158.383331507444,17672.563490669872,28785.714285714286,119063000.0,119120666.92019024,119005333.07980976
2026-05-10T18:50:00,119009000.0,119038000.0,119003000.0,119036000.0,1.48262636,119047585.8204242,34.254143646408835,7116.191840454936,15561.289160626886,30928.571428571428,119064200.0,119118286.09121738,119010113.90878262
2026-05-10T18:55:00,119029000.0,119036000.0,119009000.0,119021000.0,0.85463689,119045053.83752665,34.63687150837988,4238.506862103939,13296.732700922297,29714.285714285714,119063750.0,119119167.55374587,119008332.44625413
2026-05-10T19:00:00,119021000.0,119021000.0,119002000.0,119021000.0,1.28112942,119042762.99585745,39.490445859872615,1935.6082965880632,11024.50782005545,29285.714285714286,119063950.0,119118681.7862039,119009218.2137961
2026-05-10T19:05:00,119003000.0,119049000.0,118950000.0,119049000.0,4.92161152,119043356.99625197,48.08743169398907,2342.9030581116676,9288.186867666695,36000.0,119061800.0,119115255.73673135,119008344.26326865
2026-05-10T19:10:00,119018000.0,119049000.0,118950000.0,118951000.0,0.80477216,119034561.09184703,26.053639846743295,-5182.354927092791,6394.078508714798,41285.71428571428,119054400.0,119124543.91221674,118984256.08778326
2026-05-10T19:15:00,118961000.0,118961000.0,118890000.0,118892000.0,5.57938751,119020983.84500445,21.25,-15725.70685365796,1970.121436240246,44571.42857142857,119044300.0,119142853.9659808,118945746.0340192
2026-05-10T19:20:00,118892000.0,119018000.0,118890000.0,118953000.0,3.87967626,119014509.19309926,33.85826771653544,-18940.86056418717,-2212.074963845237,51857.142857142855,119037300.0,119141040.77003974,118933559.22996026
2026-05-10T19:25:00,118953000.0,119018000.0,118953000.0,118984000.0,1.2190098,119011603.55566123,38.386308068459655,-18771.07090075314,-5523.874151226818,56285.71428571428,119032700.0,119137370.1083355,118928029.8916645
2026-05-10T19:30:00,119017000.0,119017000.0,118966000.0,118982000.0,1.75438493,119008784.16940778,37.5921375921376,-18583.67363280058,-8135.83404754157,59000.0,119029100.0,119135621.85345353,118922578.14654647
2026-05-10T19:35:00,118982000.0,118982000.0,118962000.0,118966000.0,1.47668637,119004709.48660704,36.51551312649165,-19501.425931334496,-10408.952424300156,59500.0,119024600.0,119133904.78874287,118915295.21125713
2026-05-10T19:40:00,118964000.0,118982000.0,118964000.0,118981000.0,0.90335239,119002451.44026351,39.52941176470588,-18801.64296373725,-12087.490532187576,59142.857142857145,119019850.0,119128000.52862619,118911699.47137381
2026-05-10T19:45:00,118981000.0,118982000.0,118977000.0,118978000.0,1.20971935,119000122.73166698,40.57971014492753,-18278.4324567616,-13325.678917102381,55357.142857142855,119014950.0,119121253.38906325,118908646.61093675
2026-05-10T19:50:00,118977000.0,119000000.0,118971000.0,119000000.0,3.18833891,119000111.04293679,45.346062052505964,-15905.222715318203,-13841.587676745547,51785.71428571428,119011150.0,119113629.317554,118908670.682446
2026-05-10T19:55:00,118999000.0,119018000.0,118996000.0,118996000.0,1.84842419,118999719.51503804,49.09560723514212,-14183.702573567629,-13910.010656109964,49142.857142857145,119007000.0,119104512.21246062,118909487.78753938
2026-05-10T20:00:00,119000000.0,119095000.0,118996000.0,119093000.0,3.80942402,119008603.37074871,56.31929046563193,-4935.403857678175,-12115.089296423606,53714.28571428572,119007500.0,119106740.27196136,118908259.72803864
2026-05-10T20:05:00,119092000.0,119101000.0,119080000.0,119100000.0,1.99434699,119017307.8116298,58.916478555304735,2925.0627015829086,-9107.058896822304,53285.71428571428,119008550.0,119111355.8466493,118905744.1533507
2026-05-10T20:10:00,119100000.0,119103000.0,119050000.0,119100000.0,1.39960416,119025183.25814125,58.916478555304735,9050.213849693537,-5475.604347519136,55714.28571428572,119010050.0,119117405.72938412,118902694.27061588
2026-05-10T20:15:00,119103000.0,119103000.0,119050000.0,119050000.0,1.63152407,119027546.7573659,50.10752688172043,9757.381115600467,-2429.007254895216,52428.57142857143,119009750.0,119116597.40717992,118902902.59282008
2026-05-10T20:20:00,119050000.0,119050000.0,118970000.0,118970000.0,2.92644259,119022066.11380725,52.12527964205817,3818.4679351598024,-1179.5122168842124,51071.42857142857,119006300.0,119113625.57452624,118898974.42547376
2026-05-10T20:25:00,118970000.0,118972000.0,118947000.0,118949000.0,2.18051004,119015107.4363018,56.9682151589242,-2553.255701199174,-1454.2609137472048,47785.71428571428,119003600.0,119113949.49264194,118893250.50735806
2026-05-10T20:30:00,118946000.0,118949000.0,118899000.0,118899000.0,4.79715423,119004049.58522543,43.21608040201005,-11504.853926807642,-3464.379516359292,42214.28571428572,118996750.0,119115332.63829617,118878167.36170383
2026-05-10T20:35:00,118900000.0,118945000.0,118894000.0,118939000.0,2.51282005,118997854.38663253,44.47174447174447,-15196.221722662449,-5810.747957619924,41214.28571428572,118992650.0,119113353.68241021,118871946.31758979
2026-05-10T20:40:00,118904000.0,118945000.0,118904000.0,118945000.0,2.13725074,118992820.63552468,45.49878345498784,-17436.510204061866,-8135.900406908313,40500.0,118988850.0,119110576.65668368,118867123.34331632
2026-05-10T20:45:00,118945000.0,118945000.0,118930000.0,118945000.0,2.11820391,118988266.28928423,47.34177215189874,-18993.015308246017,-10307.323387175853,40142.857142857145,118983650.0,119103427.46910535,118863872.53089465
2026-05-10T20:50:00,118945000.0,118955000.0,118908000.0,118955000.0,1.06462772,118985098.07125716,46.666666666666664,-19198.333947598934,-12085.525499260471,42214.28571428572,118983850.0,119103411.08326541,118864288.91673459
2026-05-10T20:55:00,118954000.0,118965000.0,118949000.0,118965000.0,2.5576137,118983183.96923266,48.36272040302267,-18342.69089925289,-13336.958579258957,43000.0,118987500.0,119099470.86087117,118875529.13912883
2026-05-10T21:00:00,118965000.0,118972000.0,118955000.0,118972000.0,2.77404146,118982118.82930575,46.33507853403141,-16904.877218663692,-14050.542307139905,42142.857142857145,118988450.0,119099507.07399453,118877392.92600547
2026-05-10T21:05:00,118972000.0,119000000.0,118957000.0,119000000.0,1.22179486,118983821.7979433,50.492610837438434,-13352.118611708283,-13910.857568053581,43642.857142857145,118989250.0,119100402.57413511,118878097.42586489
2026-05-10T21:10:00,119000000.0,119103000.0,118970000.0,119103000.0,6.58575041,118995172.10290107,51.213592233009706,-2199.9331662505865,-11568.672687692982,46071.42857142857,118995300.0,119117421.76839453,118873178.23160547
2026-05-10T21:15:00,119104000.0,119216000.0,119100000.0,119197000.0,15.17420717,119014393.80738668,59.719438877755515,14061.18002511561,-6442.702145131265,52857.142857142855,119006850.0,119157634.99855587,118856065.00144413
2026-05-10T21:20:00,119195000.0,119197000.0,119150000.0,119159000.0,3.01670518,119028165.82573082,55.493482309124765,23609.788023754954,-432.20411135402173,52428.57142857143,119015750.0,119180478.6444909,118851021.3555091
2026-05-10T21:25:00,119151000.0,119189000.0,119150000.0,119186000.0,2.91854631,119043197.65185168,63.2295719844358,32975.67989705503,6249.372690327789,51428.57142857143,119026150.0,119206378.24709976,118845921.75290024
2026-05-10T21:30:00,119186000.0,119189000.0,119186000.0,119187000.0,1.47846853,119056893.1135801,74.94252873563218,40017.61022631824,13003.02019752588,45928.57142857143,119035500.0,119228934.87956311,118842065.12043689
2026-05-10T21:35:00,119187000.0,119194000.0,119182000.0,119182000.0,2.58344126,119068808.0551439,77.80429594272077,44679.89056716859,19338.394271454425,45000.0,119044800.0,119247883.18233518,118841716.81766482
2026-05-10T21:40:00,119182000.0,119190000.0,119171000.0,119189000.0,1.71803498,119080254.90703495,88.56382978723404,48381.90632633865,25147.09668243127,42785.71428571428,119049600.0,119261812.80282827,118837387.19717173
2026-05-10T21:45:00,119189000.0,119194000.0,119183000.0,119191000.0,1.6695105,119090802.0587459,87.27810650887574,50890.52942737937,30295.783231420894,39928.57142857143,119054150.0,119274653.03733441,118833646.96266559
2026-05-10T21:50:00,119191000.0,119194000.0,119150000.0,119153000.0,3.65152556,119096725.67219868,78.10810810810811,49244.68679226935,34085.56394359059,40142.857142857145,119056800.0,119280868.2226936,118832731.7773064
2026-05-10T21:55:00,119153000.0,119153000.0,119152000.0,119153000.0,3.21617263,119102085.13198929,78.10810810810811,47394.01593236625,36747.254341345724,39142.857142857145,119061950.0,119290058.44604686,118833841.55395314
2026-05-10T22:00:00,119153000.0,119193000.0,119152000.0,119160000.0,2.7219461,119107600.83370459,77.9291553133515,45962.36194318533,38590.27586171364,38714.28571428572,119071450.0,119299260.14717942,118843639.85282058
2026-05-10T22:05:00,119160000.0,119183000.0,119154000.0,119156000.0,1.4957269,119112210.27811368,76.45429362880887,43997.8197927624,39671.7846479234,39642.857142857145,119081800.0,119304947.4376895,118858652.5623105
2026-05-10T22:10:00,119154000.0,119157000.0,119150000.0,119150000.0,5.14059965,119115809.2992457,74.72222222222223,41478.616457894444,40033.15100991761,38928.57142857143,119094350.0,119301897.35667595,118886802.64332405
2026-05-10T22:15:00,119150000.0,119151000.0,119130000.0,119131000.0,1.71842637,119117256.03265087,68.66096866096866,37516.52134986222,39529.825077906535,37357.142857142855,119103950.0,119298603.24094538,118909296.75905462
2026-05-10T22:20:00,119150000.0,119157000.0,119100000.0,119100000.0,9.86735592,119115612.60096985,49.46236559139785,31511.84260313213,37926.228582951655,31928.571428571428,119111700.0,119291481.27061287,118931918.72938713
2026-05-10T22:25:00,119100000.0,119261000.0,119100000.0,119261000.0,5.22325976,119129459.0199251,59.248554913294804,39291.51774339378,38199.286415040086,35142.857142857145,119127500.0,119301029.91551593,118953970.08448407
2026-05-10T22:30:00,119261000.0,119301000.0,119245000.0,119264000.0,12.13057794,119142272.4465989,66.88102893890675,45178.25447444618,39595.08002692131,35785.71428571428,119142950.0,119306552.18117197,118979347.81882803
2026-05-10T22:35:00,119264000.0,119334000.0,119253000.0,119300000.0,11.40156379,119157294.11835138,67.8125,52147.31311586499,42105.526644710044,38785.71428571428,119159700.0,119314975.1039116,119004424.8960884
2026-05-10T22:40:00,119308000.0,119310000.0,119243000.0,119245000.0,3.68788316,119165647.05946079,57.75401069518717,52625.666033029556,44209.55452237395,43357.142857142855,119173350.0,119305412.624698,119041287.375302
2026-05-10T22:45:00,119268000.0,119279000.0,119245000.0,119277000.0,3.00923614,119176252.1014169,61.84538653366583,54953.427822485566,46358.32918239627,44928.57142857143,119187200.0,119299308.21839453,119075091.78160547
2026-05-10T22:50:00,119277000.0,119277000.0,119240000.0,119240000.0,1.88889507,119182323.32985339,55.91647331786543,53199.35597291589,47726.5345405002,46214.28571428572,119194050.0,119301124.93686797,119086975.06313203
2026-05-10T22:55:00,119240000.0,119250000.0,119218000.0,119246000.0,4.60490724,119188387.77462927,56.321839080459775,51697.455168008804,48520.71866600193,47714.28571428572,119196500.0,119306072.37454385,119086927.62545615
2026-05-10T23:00:00,119246000.0,119247000.0,119211000.0,119211000.0,1.50174811,119190541.31990266,56.71296296296297,47139.584677919745,48244.49186838549,47142.857142857145,119199100.0,119307385.97615387,119090814.02384613
2026-05-10T23:05:00,119210000.0,119215000.0,119103000.0,119177000.0,2.41357829,119189251.67038812,52.57510729613734,40319.14956828952,46659.4234083663,55071.42857142857,119198650.0,119307239.57011086,119090060.42988914
2026-05-10T23:10:00,119177000.0,119184000.0,119170000.0,119176000.0,2.42285127,119187989.60654163,51.73913043478261,34436.25425939262,44214.78957857157,53142.857142857145,119198100.0,119307048.85328262,119089151.14671738
2026-05-10T23:15:00,119175000.0,119176000.0,119143000.0,119149000.0,1.57653077,119184276.31068052,49.275362318840585,27280.86614832282,40828.00489252182,53428.57142857143,119196450.0,119307406.55859278,119085493.44140722
2026-05-10T23:20:00,119148000.0,119176000.0,119148000.0,119176000.0,2.23876523,119183488.09061572,52.579365079365076,23517.74593424797,37365.95310086705,54928.57142857143,119195800.0,119307092.12389977,119084507.87610023
2026-05-10T23:25:00,119175000.0,119176000.0,119162000.0,119174000.0,2.05213739,119182584.46293803,54.41478439425051,20141.879715994,33921.138423892444,54428.57142857143,119194950.0,119306655.3926042,119083244.6073958
2026-05-10T23:30:00,119170000.0,119231000.0,119161000.0,119161000.0,4.69255009,119180528.79980108,56.50319829424307,16230.39615792036,30382.98997069803,55357.142857142855,119195350.0,119306478.70679398,119084221.29320602
2026-05-10T23:35:00,119161000.0,119195000.0,119145000.0,119145000.0,1.45495196,119177145.10458192,32.09876543209876,11704.528456777334,26647.297667913892,47428.57142857143,119194950.0,119306775.94558187,119083124.05441813
2026-05-10T23:40:00,119145000.0,119148000.0,118949000.0,118950000.0,21.56264013,119155512.23747888,19.57364341085271,-7530.319781512022,19811.77417802871,57642.857142857145,119184450.0,119340704.14520822,119028195.85479178
2026-05-10T23:45:00,118950000.0,118950000.0,118900000.0,118949000.0,8.78909271,119135844.40533803,13.513513513513516,-22594.31404477358,11330.556533468254,55428.57142857143,119174100.0,119362421.00254624,118985778.99745376
2026-05-10T23:50:00,118949000.0,119152000.0,118874000.0,119152000.0,11.64992409,119137383.03340107,42.60731319554849,-17945.37149837613,5475.370927099377,70500.0,119174200.0,119362469.23610398,118985930.76389602
2026-05-10T23:55:00,119152000.0,119176000.0,119047000.0,119089000.0,2.71292573,119132775.1254581,35.75757575757575,-19124.17296203971,555.4621492715596,77285.71428571429,119172100.0,119363312.08946589,118980887.91053411
2026-05-11T00:00:00,119089000.0,119255000.0,119070000.0,119255000.0,2.03493218,119144415.58970019,50.950570342205324,-6587.630827173591,-873.1564460174704,87857.14285714286,119179850.0,119371322.16370454,118988377.83629546
2026-05-11T00:05:00,119190000.0,119254000.0,119101000.0,119127000.0,4.01605181,119142756.9621097,43.46871569703623,-6901.307150840759,-2078.7865869821285,96571.42857142857,119173150.0,119362026.20562857,118984273.79437143
2026-05-11T00:10:00,119165000.0,119166000.0,119089000.0,119160000.0,1.26872944,119144399.1561945,47.194719471947195,-4435.938946858048,-2550.2170589573125,99500.0,119167950.0,119351958.55243286,118983941.44756714
2026-05-11T00:15:00,119160000.0,119166000.0,119154000.0,119154000.0,1.63340418,119145313.52227122,48.69466515323496,-2932.4631295353174,-2626.6662730729136,92357.14285714286,119160650.0,119333868.784687,118987431.215313
2026-05-11T00:20:00,119155000.0,119161000.0,119089000.0,119089000.0,1.74055695,119139950.32967396,45.3968253968254,-6906.293037563562,-3482.591625971044,96500.0,119152850.0,119324114.36935493,118981585.63064507
2026-05-11T00:25:00,119101000.0,119119000.0,119089000.0,119089000.0,1.21554684,119135097.91732407,46.73202614379085,-9940.98834399879,-4774.270969576593,96285.71428571429,119143450.0,119306461.752886,118980438.247114
2026-05-11T00:30:00,119089000.0,119118000.0,119085000.0,119090000.0,1.15411714,119130802.87757891,45.17937219730942,-12125.53893058002,-6244.52456177728,96642.85714285714,119135950.0,119293984.60646999,118977915.39353001
2026-05-11T00:35:00,119090000.0,119232000.0,119088000.0,119231000.0,1.74951744,119140345.46066663,52.7643064985451,-2451.035385251045,-5485.8267264720325,105928.57142857143,119135200.0,119291164.36840042,118979235.63159958
2026-05-11T00:40:00,119215000.0,119311000.0,119161000.0,119275000.0,5.7923815,119153169.7025079,55.36723163841809,8666.607396826148,-2655.3399018123964,111642.85714285714,119138400.0,119303283.88258669,118973516.11741331
2026-05-11T00:45:00,119246000.0,119530000.0,119246000.0,119530000.0,16.41216351,119189058.30226906,64.79631053036127,37620.12687113881,5399.753452777846,128357.14285714286,119156050.0,119396561.27558646,118915538.72441354
2026-05-11T00:50:00,119522000.0,119637000.0,119420000.0,119500000.0,6.14340797,119218671.79729104,74.20774647887325,57482.62643793225,15816.32804980873,129642.85714285714,119172250.0,119457841.4453975,118886658.5546025
2026-05-11T00:55:00,119457000.0,119636000.0,119457000.0,119619000.0,3.9230468,119256798.29278713,76.71451355661881,81882.21867473423,29029.50617479383,138857.14285714287,119195750.0,119543803.76172748,118847696.23827252
2026-05-11T01:00:00,119636000.0,119677000.0,119613000.0,119665000.0,6.58904059,119295674.64585504,73.38195077484048,103735.09329132736,43970.62359810054,123571.42857142857,119220200.0,119626277.8250533,118814122.1749467
2026-05-11T01:05:00,119665000.0,119665000.0,119572000.0,119650000.0,2.75613162,119329419.91767837,76.73975214489991,118477.54385085404,58872.00764865124,121000.0,119244000.0,119692279.98769568,118795720.01230432
2026-05-11T01:10:00,119630000.0,119666000.0,119617000.0,119618000.0,2.07802913,119356903.73504233,69.8360655737705,126125.01886074245,72322.60989106949,111285.71428571429,119266850.0,119743036.72808051,118790663.27191949
2026-05-11T01:15:00,119618000.0,119618000.0,119457000.0,119457000.0,3.08470375,119366436.71265736,67.40506329113924,117836.00334015489,81425.28858088657,111785.71428571429,119282450.0,119762257.62592393,118802642.37407607
2026-05-11T01:20:00,119475000.0,119544000.0,119400000.0,119400000.0,2.03000735,119369633.21621381,62.34567901234568,105451.8914269805,86230.60915010536,116571.42857142857,119304950.0,119760718.39686288,118849181.60313712
2026-05-11T01:25:00,119396000.0,119400000.0,119260000.0,119323000.0,3.20977903,119365191.95752677,58.10162991371045,88405.05854427814,86665.49902893991,125714.28571428571,119323650.0,119747498.172916,118899801.827084
2026-05-11T01:30:00,119322000.0,119324000.0,119164000.0,119185000.0,8.32586003,119348030.81871471,54.30107526881721,63033.26573252678,81939.0523696573,132000.0,119325300.0,119746583.8023296,118904016.1976704
2026-05-11T01:35:00,119185000.0,119287000.0,119164000.0,119279000.0,2.54936193,119341456.4550276,57.85123966942149,49935.32816514373,75538.30752875458,138642.85714285713,119334800.0,119741980.60133715,118927619.39866285
2026-05-11T01:40:00,119279000.0,119349000.0,119215000.0,119244000.0,2.6995654,119332174.88788211,56.18971061093247,36312.32490673661,67693.111004351,145857.14285714287,119334250.0,119741913.88373914,118926586.11626086
2026-05-11T01:45:00,119234000.0,119343000.0,119210000.0,119326000.0,1.00609054,119331586.80332191,54.0084388185654,31766.526628434658,60507.794129167734,145071.42857142858,119344200.0,119740109.93127759,118948290.06872241
2026-05-11T01:50:00,119326000.0,119363000.0,119279000.0,119325000.0,0.81486107,119330959.48871984,52.1891418563923,27763.219981580973,53958.87929965039,140357.14285714287,119352450.0,119738963.41639411,118965936.58360589
2026-05-11T01:55:00,119325000.0,119400000.0,119304000.0,119400000.0,2.11947047,119337534.77550842,43.24324324324324,30293.242181539536,49225.751876028226,126928.57142857143,119364750.0,119740170.536129,118989329.463871
2026-05-11T02:00:00,119400000.0,119420000.0,119330000.0,119408000.0,0.88004491,119344245.74926953,45.10638297872341,32568.407811909914,45894.283063204566,117857.14285714286,119380700.0,119733198.51063518,119028201.48936482
2026-05-11T02:05:00,119408000.0,119436000.0,119219000.0,119223000.0,4.18510242,119332698.53505339,30.318091451292247,19221.960282310843,40559.81850702582,120571.42857142857,119387400.0,119721148.97594957,119053651.02405043
2026-05-11T02:10:00,119237000.0,119345000.0,119150000.0,119310000.0,4.63107997,119330536.7698102,33.04680038204393,15486.459109187126,35545.14662745808,129928.57142857143,119398400.0,119704209.98572388,119092590.01427612
2026-05-11T02:15:00,119308000.0,119324000.0,119231000.0,119315000.0,2.18846672,119329057.07744732,33.84763741562199,12782.160935238004,30992.54948901407,129928.57142857143,119402600.0,119700945.89604053,119104254.10395947
2026-05-11T02:20:00,119315000.0,119415000.0,119282000.0,119390000.0,1.39824604,119334861.16530949,39.44444444444444,16500.649135887623,28094.16941838878,135928.57142857142,119408350.0,119700714.06647952,119115985.93352048
2026-05-11T02:25:00,119403000.0,119403000.0,119322000.0,119330000.0,4.73399343,119334398.19718479,43.51378958120531,14439.628220319748,25363.261178774977,130214.28571428571,119398350.0,119686850.4971263,119109849.5028737
2026-05-11T02:30:00,119330000.0,119348000.0,119231000.0,119262000.0,4.44000262,119327503.13078624,43.03030303030303,7235.8126514703035,21737.771473314042,128285.71428571429,119386450.0,119676923.64225024,119095976.35774976
2026-05-11T02:35:00,119234000.0,119262000.0,119160000.0,119160000.0,2.06519998,119311550.45166375,41.970443349753694,-6627.4139355272055,16064.734391545793,125571.42857142857,119363500.0,119649100.75187874,119077899.24812126
2026-05-11T02:40:00,119158000.0,119258000.0,119150000.0,119257000.0,0.92544125,119306355.17055291,53.696098562628336,-9675.498424649239,10916.687828306787,121857.14285714286,119343100.0,119594229.574439,119091970.425561
2026-05-11T02:45:00,119257000.0,119360000.0,119198000.0,119303000.0,1.85023027,119306035.63050026,51.295896328293736,-8283.821048036218,7076.586053038187,124642.85714285714,119325750.0,119531439.46957673,119120060.53042327
2026-05-11T02:50:00,119303000.0,119560000.0,119267000.0,119415000.0,6.59387235,119316413.18950024,58.524426719840484,1835.399928495288,6028.348828129608,136000.0,119315600.0,119475507.07828057,119155692.92171943
2026-05-11T02:55:00,119415000.0,119456000.0,119330000.0,119332000.0,2.83429556,119317897.64764309,50.29880478087649,3121.5656516700983,5446.992192837706,135500.0,119309350.0,119455134.66456068,119163565.33543932
2026-05-11T03:00:00,119412000.0,119434000.0,119332000.0,119434000.0,1.80272127,119328955.01453424,54.93212669683258,12230.424088314176,6803.678571933,136785.7142857143,119311050.0,119461987.38680942,119160112.61319058
2026-05-11T03:05:00,119433000.0,119441000.0,119263000.0,119263000.0,7.22366405,119322673.5845786,44.29641965029142,5586.5903952121735,6560.260936588836,142642.85714285713,119308050.0,119460366.11864808,119155733.88135192
2026-05-11T03:10:00,119263000.0,119341000.0,119260000.0,119319000.0,2.60362346,119322323.71938065,46.437149719775825,4784.87920665741,6205.184590602551,142000.0,119314750.0,119455635.73197347,119173864.26802653
2026-05-11T03:15:00,119316000.0,119332000.0,119150000.0,119155000.0,5.76430049,119306388.12705868,47.23127035830619,-8980.391715496778,3168.0693293826853,139500.0,119308550.0,119466000.04220225,119151099.95779775
2026-05-11T03:20:00,119155000.0,119288000.0,119110000.0,119200000.0,7.43481982,119296255.92448168,45.362563237774026,-16073.06389991939,-680.1573164777296,138285.7142857143,119306350.0,119468749.47497976,119143950.52502024
2026-05-11T03:25:00,119213000.0,119262000.0,119170000.0,119218000.0,2.00610458,119288802.97929294,45.954962468723934,-20010.934541285038,-4546.3127614391915,138214.2857142857,119300950.0,119467721.79491438,119134178.20508562
2026-05-11T03:30:00,119172000.0,119216000.0,119160000.0,119163000.0,2.04146458,119276821.74316981,40.37319762510602,-27255.580376654863,-9088.166284482326,132857.14285714287,119292850.0,119470110.17155884,119115589.82844116
2026-05-11T03:35:00,119187000.0,119211000.0,119091000.0,119091000.0,3.26163749,119259124.4342965,39.9664147774979,-38364.56978753209,-14943.44698509228,135642.85714285713,119277400.0,119468650.07051946,119086149.92948054
2026-05-11T03:40:00,119121000.0,119121000.0,118938000.0,118987000.0,5.44792257,119233207.82150637,38.79380603096984,-54927.28719162941,-22940.215026399706,140357.14285714287,119256350.0,119477425.14797609,119035274.85202391
2026-05-11T03:45:00,118987000.0,119041000.0,118940000.0,119041000.0,1.90157848,119214902.31469624,44.95335029686175,-62970.130887806416,-30946.19819868105,140285.7142857143,119247250.0,119488195.39674072,119006304.60325928
2026-05-11T03:50:00,118948000.0,119043000.0,118948000.0,119000000.0,1.77804149,119194435.42758231,38.55743544078361,-71824.55109548569,-39121.86877804198,139357.14285714287,119231750.0,119494588.65373029,118968911.34626971
2026-05-11T03:55:00,119001000.0,119038000.0,118941000.0,118990000.0,1.39585831,119174965.38686019,35.602575896964126,-78740.98229984939,-47045.69148240346,134714.2857142857,119215500.0,119496243.74905169,118934756.25094831
2026-05-11T04:00:00,118990000.0,119002000.0,118825000.0,118927000.0,6.08613919,119151349.63573065,26.49325626204238,-88288.14655056596,-55294.182496035966,126428.57142857143,119192350.0,119488445.48602119,118896254.51397881
2026-05-11T04:05:00,118926000.0,119038000.0,118860000.0,118970000.0,2.75032558,119134078.24185155,31.86372745490982,-91331.78638744354,-62501.70327431749,130142.85714285714,119174350.0,119478862.22428149,118869837.77571851
2026-05-11T04:10:00,119038000.0,119160000.0,118980000.0,119100000.0,0.92361419,119130832.69500855,33.72319688109161,-82305.21604439616,-66462.40582833323,136428.57142857142,119166250.0,119469561.4605571,118862938.5394429
2026-05-11T04:15:00,119100000.0,119299000.0,119100000.0,119163000.0,2.05667206,119133896.24786487,44.553376906318086,-69269.52456714213,-67023.82957609501,137928.57142857142,119166400.0,119469701.4133967,118863098.5866033
2026-05-11T04:20:00,119249000.0,119271000.0,119150000.0,119195000.0,0.98696337,119139715.65283012,43.06487695749441,-55714.27312977612,-64761.918286831235,140785.7142857143,119163300.0,119463958.29528941,118862641.70471059
2026-05-11T04:25:00,119195000.0,119249000.0,119195000.0,119224000.0,0.57487708,119147742.73351297,54.54545454545455,-42145.751084789634,-60238.68484642292,131642.85714285713,119159350.0,119454302.11029664,118864397.88970336
2026-05-11T04:30:00,119224000.0,119248000.0,119109000.0,119223000.0,1.11090859,119154910.09222603,51.608391608391614,-31114.62126508355,-54413.87213015505,128857.14285714286,119149750.0,119421231.60740262,118878268.39259738
2026-05-11T04:35:00,119223000.0,119223000.0,119120000.0,119120000.0,1.31393902,119151585.32153784,43.87499999999999,-30333.939824983478,-49597.88566912073,129642.85714285714,119139150.0,119396876.31342492,118881423.68657508
2026-05-11T04:40:00,119120000.0,119127000.0,119100000.0,119114000.0,1.08714332,119148005.76710567,46.73768308921438,-29855.24137674272,-45649.35681064513,127428.57142857143,119123150.0,119340349.66560024,118905950.33439976
2026-05-11T04:45:00,119114000.0,119172000.0,119110000.0,119164000.0,0.80121082,119149529.02738133,55.00685871056242,-25151.358075410128,-41549.75706359813,123285.71428571429,119118200.0,119326301.79695225,118910098.20304775
2026-05-11T04:50:00,119138000.0,119175000.0,119038000.0,119040000.0,1.42473132,119139097.69144024,53.538050734312414,-31071.09214900434,-39454.02408067937,120000.0,119104250.0,119292095.26106687,118916404.73893313
2026-05-11T04:55:00,119040000.0,119176000.0,119040000.0,119104000.0,1.06123612,119135755.05416021,54.15019762845851,-30249.560814663768,-37613.131427476255,122500.0,119101700.0,119288022.97934392,118915377.02065608
2026-05-11T05:00:00,119173000.0,119242000.0,119104000.0,119118000.0,2.3872826,119134064.09662114,58.060109289617486,-28144.377452239394,-35719.38063242888,125571.42857142857,119097600.0,119278340.46527961,118916859.53472039
2026-05-11T05:05:00,119119000.0,119195000.0,119056000.0,119180000.0,2.15722281,119138438.94456199,62.11734693877551,-21228.414675965905,-32821.18744113629,128571.42857142857,119095700.0,119271851.96788424,118919548.03211576
2026-05-11T05:10:00,119181000.0,119184000.0,118830000.0,118834000.0,2.60711927,119109444.7593656,45.64198687910028,-43169.1456669122,-34890.77908629147,141214.2857142857,119079250.0,119287468.38232216,118871031.61767784
2026-05-11T05:15:00,118834000.0,118905000.0,118700000.0,118777000.0,9.87325552,119077783.35371174,41.07308048103608,-64414.22954112291,-40795.469177257764,143142.85714285713,119063550.0,119311583.50792311,118815516.49207689
2026-05-11T05:20:00,118707000.0,118908000.0,118706000.0,118750000.0,5.98353934,119046565.89145347,32.106339468302664,-82479.01913438737,-49132.17916868369,144000.0,119051700.0,119335237.13207123,118768162.86792877
2026-05-11T05:25:00,118750000.0,118829000.0,118709000.0,118758000.0,1.68485921,119019083.42560077,28.060671722643548,-95054.2358341366,-58316.59050177428,138357.14285714287,119037550.0,119350097.74793118,118725002.25206882
2026-05-11T05:30:00,118808000.0,118814000.0,118560000.0,118613000.0,9.06488728,118980408.81363879,21.91119691119691,-115390.3260024935,-69731.33760191813,147857.14285714287,119018200.0,119383930.1852747,118652469.8147253
2026-05-11T05:35:00,118613000.0,118821000.0,118587000.0,118706000.0,4.22701468,118954274.64091128,26.454545454545453,-122589.36729106307,-80302.94353974712,160714.2857142857,119004000.0,119395486.77466404,118612513.22533596
2026-05-11T05:40:00,118706000.0,118744000.0,118444000.0,118468000.0,13.47680606,118907962.77034831,21.76514584891548,-145818.36696396768,-93406.02822459124,172214.2857142857,118981050.0,119439612.27264653,118522487.72735347
2026-05-11T05:45:00,118468000.0,118468000.0,118000000.0,118002000.0,29.98715492,118821680.60174371,17.117647058823536,-199529.7670841813,-114630.77599650927,198285.7142857143,118932650.0,119566832.86421439,118298467.13578561
2026-05-11T05:50:00,118016000.0,118580000.0,118000000.0,118467000.0,8.06105423,118787901.49681574,35.016211208893,-202243.48778140545,-132153.31835348852,237785.7142857143,118901000.0,119562606.02046521,118239393.97953479
2026-05-11T05:55:00,118467000.0,118635000.0,118402000.0,118623000.0,2.74771931,118772196.5923571,38.05739514348787,-189620.40869481862,-143646.73642175453,250000.0,118874000.0,119534660.27578478,118213339.72421522
2026-05-11T06:00:00,118601000.0,118897000.0,118593000.0,118699000.0,7.5910586,118765225.48832309,42.30942715381146,-171506.9375165254,-149218.7766407087,261928.57142857142,118849200.0,119496221.5484901,118202178.4515099
2026-05-11T06:05:00,118696000.0,118777000.0,118623000.0,118635000.0,4.03721194,118752823.06086375,39.422643211547125,-160466.38958460093,-151468.29922948717,263214.28571428574,118819750.0,119448296.48532192,118191203.51467808
2026-05-11T06:10:00,118624000.0,118734000.0,118385000.0,118400000.0,6.90814106,118719220.86459102,35.274815422477445,-168734.14958569407,-154921.46930072855,278285.71428571426,118778600.0,119403739.78226349,118153460.21773651
2026-05-11T06:15:00,118466000.0,118680000.0,118400000.0,118630000.0,2.76902452,118710723.63939187,39.44742900997698,-154941.26469098032,-154925.42837877892,288357.14285714284,118754100.0,119361046.07408082,118147153.92591918
2026-05-11T06:20:00,118631000.0,118775000.0,118512000.0,118523000.0,6.26929124,118692845.19754502,43.430502746092095,-150904.7735091895,-154121.29740486105,281857.14285714284,118724550.0,119315042.55978201,118134057.44021799
2026-05-11T06:25:00,118518000.0,118637000.0,118500000.0,118637000.0,3.58282062,118687526.60730265,47.11221122112211,-136928.55080538988,-150682.74808496682,277000.0,118698200.0,119252019.12304708,118144380.87695292
2026-05-11T06:30:00,118612000.0,118698000.0,118561000.0,118649000.0,3.66485923,118683857.40660717,47.90369447903695,-123460.81448982656,-145238.36136593876,272357.14285714284,118678650.0,119208763.90037277,118148536.09962723
2026-05-11T06:35:00,118649000.0,118658000.0,118531000.0,118531000.0,3.36181132,118669299.55835886,45.49424374751886,-120915.31379255652,-140373.75185126232,272857.14285714284,118650000.0,119144029.61769302,118155970.38230698
2026-05-11T06:40:00,118531000.0,118631000.0,118499000.0,118600000.0,3.57405824,118662699.60041992,49.73393368808842,-112038.74984122813,-134706.7514492555,264142.85714285716,118624100.0,119066431.09770851,118181768.90229149
2026-05-11T06:45:00,118630000.0,118630000.0,118598000.0,118628000.0,1.62150054,118659394.8765704,48.359966358284275,-101573.7638412714,-128080.1539276587,249714.2857142857,118596500.0,118953423.99308833,118239576.00691167
2026-05-11T06:50:00,118629000.0,118638000.0,118500000.0,118535000.0,4.65971571,118647547.74546845,51.50022391401702,-99635.96838442981,-122391.31681901292,238142.85714285713,118581550.0,118921218.86351581,118241881.13648419
2026-05-11T06:55:00,118535000.0,118535000.0,118387000.0,118387000.0,4.27568278,118622733.67447147,60.052219321148826,-108788.56774577498,-119670.76700436535,215285.7142857143,118562050.0,118899244.29039308,118224855.70960692
2026-05-11T07:00:00,118387000.0,118962000.0,118380000.0,118665000.0,14.86321656,118626759.03880751,55.729166666666664,-92543.0137668252,-114245.21635685733,215428.57142857142,118557800.0,118887069.43055004,118228530.56944996
2026-05-11T07:05:00,118665000.0,119000000.0,118650000.0,118966000.0,7.74180326,118659067.70177823,59.156433529097704,-54748.99838426709,-102345.9727623393,223785.7142857143,118568200.0,118935084.80911304,118201315.19088696
2026-05-11T07:10:00,118966000.0,119268000.0,118966000.0,119124000.0,6.59793217,118703346.96827553,60.869565217391305,-11910.39375822246,-84258.85696151594,223642.85714285713,118593750.0,119036996.8125572,118150503.1874428
2026-05-11T07:15:00,119124000.0,119200000.0,119050000.0,119157000.0,5.97390872,118746552.01891597,63.56548856548856,24420.82517965138,-62522.92053328248,223357.14285714287,118616300.0,119124693.17565507,118107906.82434493
2026-05-11T07:20:00,119164000.0,119199000.0,119114000.0,119116000.0,2.29314829,118781737.54092397,70.69364161849711,49336.50012893975,-40151.03640083804,204500.0,118648700.0,119198228.83167502,118099171.16832498
2026-05-11T07:25:00,119116000.0,119570000.0,119067000.0,119322000.0,16.43670581,118833191.10845502,70.28135990621337,84728.13719598949,-15175.201681472536,220428.57142857142,118714700.0,119254174.63722639,118175225.36277361
2026-05-11T07:30:00,119322000.0,119999000.0,119270000.0,119938000.0,42.25872729,118938411.00288787,81.941309255079,160630.66609813273,19985.971874448518,253714.2857142857,118788250.0,119543487.39732338,118033012.60267662
2026-05-11T07:35:00,119938000.0,119970000.0,119683000.0,119768000.0,15.60151689,119017419.47880332,74.9009247027741,204706.65693490207,56930.10888653924,264428.5714285714,118845500.0,119713209.992785,117977790.007215
2026-05-11T07:40:00,119768000.0,119833000.0,119647000.0,119738000.0,8.71493935,119086046.19510776,73.78768020969856,234513.12659977376,92446.71242918615,267928.5714285714,118897450.0,119848625.55521686,117946274.44478314
2026-05-11T07:45:00,119738000.0,119831000.0,119676000.0,119831000.0,9.96723978,119156994.17652607,78.71024734982332,262612.0629286468,126479.78252907828,269928.5714285714,118957250.0,119986159.05434118,117928340.94565882
2026-05-11T07:50:00,119831000.0,119928000.0,119683000.0,119920000.0,16.89744752,119229661.3978093,78.89667250437829,288733.8841216117,158930.602847585,278000.0,119033250.0,120112181.80604951,117954318.19395049
2026-05-11T07:55:00,119891000.0,120000000.0,119811000.0,119843000.0,23.96507684,119288074.59801793,76.03943420488642,299766.8336702585,187097.8490121197,289214.28571428574,119093900.0,120213012.59957448,117974787.40042552
2026-05-11T08:00:00,119880000.0,120323000.0,119844000.0,120145000.0,40.20160952,119369686.54106385,81.66797797010229,329085.9043004513,215495.460069786,313642.85714285716,119175000.0,120353429.10601136,117996570.89398864
2026-05-11T08:05:00,120145000.0,120355000.0,120130000.0,120355000.0,24.29462511,119463525.9181054,87.78801843317973,365058.5561696738,245408.07928976358,319142.85714285716,119260900.0,120521783.71683055,118000016.28316945
2026-05-11T08:10:00,120354000.0,120495000.0,120256000.0,120448000.0,23.00857323,119557285.3544763,86.85407193054982,396500.84972910583,275626.633377632,294642.85714285716,119350850.0,120682619.42448759,118019080.57551241
2026-05-11T08:15:00,120404000.0,120500000.0,120255000.0,120328000.0,12.25549361,119630686.74928808,80.42895442359249,407043.9475351721,301910.09620914,287142.85714285716,119440700.0,120782015.47370483,118099384.52629517
2026-05-11T08:20:00,120269000.0,120349000.0,120200000.0,120280000.0,12.14645176,119692526.10649873,77.16165413533835,406836.47205518186,322895.3713783484,276214.28571428574,119524700.0,120854708.48434176,118194691.51565824
2026-05-11T08:25:00,120280000.0,120335000.0,120200000.0,120214000.0,6.68540581,119742190.28683218,74.45627024525683,396772.6497041285,337670.82704350445,275142.85714285716,119604000.0,120897520.36990859,118310479.63009141
2026-05-11T08:30:00,120200000.0,120217000.0,120002000.0,120024000.0,17.85560386,119769029.30713388,69.65367965367966,369209.5678085387,343978.57519651134,284428.5714285714,119678450.0,120881118.86985834,118475781.13014166
2026-05-11T08:35:00,120097000.0,120300000.0,120024000.0,120285000.0,12.13786433,119818169.37312113,70.35940803382664,364227.5570036322,348028.37155793555,268214.28571428574,119773350.0,120838629.65688285,118708070.34311715
2026-05-11T08:40:00,120299000.0,120350000.0,120244000.0,120335000.0,8.45161807,119867391.33758579,61.033907726514734,360162.1347832233,350455.1242029931,223714.2857142857,119856850.0,120812494.12557022,118901205.87442978
2026-05-11T08:45:00,120334000.0,120570000.0,120318000.0,120566000.0,26.646694,119933925.49591096,71.45161290322581,371299.91355887055,354624.0820741686,221214.2857142857,119936850.0,120845202.4182769,119028497.5817231
2026-05-11T08:50:00,120555000.0,120569000.0,120387000.0,120388000.0,10.79147036,119977170.68677658,66.18525896414343,361595.3252656162,356018.3307124581,220928.57142857142,120000050.0,120843872.24992809,119156227.75007191
2026-05-11T08:55:00,120388000.0,120461000.0,120284000.0,120433000.0,11.72925222,120020583.00232166,65.35714285714286,353461.0144915283,355506.86746827216,222500.0,120063850.0,120828527.37262884,119299172.62737116
2026-05-11T09:00:00,120461000.0,120700000.0,120428000.0,120440000.0,23.40922594,120060527.47829103,63.84451544195953,343618.33779397607,353129.161533413,224428.57142857142,120130050.0,120767956.93101078,119492143.06898922
2026-05-11T09:05:00,120440000.0,120521000.0,120323000.0,120380000.0,15.98662051,120090953.43273951,64.42772702847931,327204.63567715883,347944.2563621622,225071.42857142858,120182950.0,120703366.2200636,119662533.7799364
2026-05-11T09:10:00,120380000.0,120430000.0,120284000.0,120284000.0,14.59635147,120109338.82009766,54.19939577039275,302957.9501363337,338946.9951169965,201214.2857142857,120200250.0,120709259.719688,119691240.280312
2026-05-11T09:15:00,120284000.0,120284000.0,119846000.0,119850000.0,27.08929523,120084639.88485026,36.56200106439595,245887.66431218386,320335.128956034,216428.57142857142,120204350.0,120699841.36696501,119708858.63303499
2026-05-11T09:20:00,119846000.0,120117000.0,119601000.0,120056000.0,18.11966402,120081912.27676928,40.16064257028112,214805.38722133636,299229.1806090945,236214.2857142857,120220250.0,120671132.11786513,119769367.88213487
2026-05-11T09:25:00,120055000.0,120111000.0,119881000.0,119976000.0,11.76192901,120071825.39326745,40.98360655737705,181623.48480291665,275708.0414478589,235142.85714285713,120227500.0,120656143.14688146,119798856.85311854
2026-05-11T09:30:00,119976000.0,120117000.0,119908000.0,120039000.0,11.14155941,120068699.16533722,43.873919674631416,158582.12553146482,252282.8582645801,239428.57142857142,120233450.0,120647164.61050752,119819735.38949248
2026-05-11T09:35:00,120107000.0,120112000.0,120033000.0,120051000.0,4.98868459,120067013.5305432,45.73967590172504,139679.83977140486,229762.25456594507,235428.57142857142,120243850.0,120625448.45249605,119862251.54750395
2026-05-11T09:40:00,120033000.0,120046000.0,119800000.0,119867000.0,11.87044338,120047964.62287241,45.883586785527,108600.5009021759,205529.90383319126,238000.0,120229950.0,120645455.51329552,119814444.48670448
2026-05-11T09:45:00,119867000.0,119977000.0,119855000.0,119901000.0,6.41701812,120033967.99212265,38.57142857142857,85725.22969806194,181568.9690061654,227000.0,120207250.0,120643098.29567422,119771401.70432578
2026-05-11T09:50:00,119901000.0,119902000.0,119604000.0,119605000.0,15.08779581,119993113.89763477,31.04880581516096,43213.54736208916,153897.88467735014,240714.2857142857,120165100.0,120661728.59149948,119668471.40850052
2026-05-11T09:55:00,119605000.0,119747000.0,119510000.0,119701000.0,23.02158395,119965293.52643147,25.851479620323843,17072.331316962838,126532.77400527269,239642.85714285713,120133750.0,120665031.61825415,119602468.38174585
2026-05-11T10:00:00,119701000.0,119780000.0,119570000.0,119712000.0,10.78899852,119941170.333438,29.187192118226605,-2725.742009744048,100681.07080226934,241642.85714285713,120105350.0,120663747.8114118,119546952.1885882
2026-05-11T10:05:00,119712000.0,119747000.0,119567000.0,119713000.0,6.91141662,119919439.82549152,27.215189873417728,-18126.218353927135,76919.61297103006,241857.14285714287,120080300.0,120662613.390032,119497986.609968
2026-05-11T10:10:00,119713000.0,119910000.0,119613000.0,119910000.0,8.79319189,119918540.79449232,35.028248587570616,-14270.45231756568,58681.599913310914,243642.85714285713,120074600.0,120661447.92255792,119487752.07744208
2026-05-11T10:15:00,119910000.0,120060000.0,119769000.0,120060000.0,10.17006207,119932013.09977877,41.39784946236559,878.8852017372847,47121.05697099619,250285.7142857143,120063350.0,120641781.37244758,119484918.62755242
2026-05-11T10:20:00,120070000.0,120294000.0,120016000.0,120294000.0,11.7258418,119966488.04265699,50.250250250250254,31404.675164699554,43977.78060973687,259714.2857142857,120061300.0,120635955.99778432,119486644.00221568
2026-05-11T10:25:00,120294000.0,120294000.0,120111000.0,120111000.0,3.96356932,119980251.08621345,57.46994848311391,40364.713737785816,43255.16723534666,241500.0,120038550.0,120562901.619672,119514198.380328
2026-05-11T10:30:00,120111000.0,120111000.0,120002000.0,120077000.0,6.79249097,119989465.26847884,50.66666666666667,44212.439528808,43446.62169403893,212428.57142857142,120023000.0,120521527.09370495,119524472.90629505
2026-05-11T10:35:00,120073000.0,120077000.0,120000000.0,120001000.0,7.04696992,119990563.814338,50.795671546785485,40660.51598010957,42889.40055125306,201500.0,120001400.0,120461049.01941879,119541750.98058121
2026-05-11T10:40:00,120000000.0,120038000.0,119990000.0,120006000.0,7.76767703,119992033.92725818,48.90945142101784,37813.16259035468,41874.152959073384,190000.0,119979700.0,120390552.82292481,119568847.17707519
2026-05-11T10:45:00,120002000.0,120031000.0,119884000.0,120014000.0,7.13074488,119994125.93418597,48.7740225314778,35789.587568849325,40657.23988102858,194857.14285714287,119961400.0,120327327.45901774,119595472.54098226
2026-05-11T10:50:00,120014000.0,120030000.0,119940000.0,120016000.0,6.13605677,119996209.17854922,55.61416729464958,33955.85115520656,39316.962135864174,183357.14285714287,119948000.0,120282462.01892783,119613537.98107217
2026-05-11T10:55:00,120016000.0,120017000.0,119952000.0,119987000.0,1.94119219,119995332.11392547,53.25264750378214,29818.811501726508,37417.33200903665,179285.7142857143,119954850.0,120286460.59915766,119623239.40084234
2026-05-11T11:00:00,119985000.0,120030000.0,119916000.0,120030000.0,5.94888418,119998633.81736113,69.87839101964452,29667.92503245175,35867.45061371967,166142.85714285713,119953550.0,120283691.58047406,119623408.41952594
2026-05-11T11:05:00,120029000.0,120030000.0,119849000.0,119888000.0,8.37257184,119988097.26332673,58.38565022421525,17883.977798327804,32270.7560506413,162142.85714285713,119949150.0,120280375.65054502,119617924.34945498
2026-05-11T11:10:00,119888000.0,119976000.0,119830000.0,119830000.0,7.05024535,119973040.38110514,55.077452667814114,3820.9538650512695,26580.795613523296,157571.42857142858,119938700.0,120271175.30972835,119606224.69027165
2026-05-11T11:15:00,119841000.0,119841000.0,119577000.0,119734000.0,8.91442133,119950274.6305237,50.83532219570406,-14898.748120993376,18284.886866619963,163571.42857142858,119922850.0,120262921.37021826,119582778.62978174
2026-05-11T11:20:00,119746000.0,119746000.0,119527000.0,119598000.0,6.44585263,119916724.66571192,36.95652173913044,-40244.39784659445,6579.029923977079,158000.0,119909400.0,120278786.63241994,119540013.36758006
2026-05-11T11:25:00,119598000.0,119600000.0,119553000.0,119553000.0,3.05070328,119882084.2213584,26.764436296975262,-63233.21859630942,-7383.419780080221,140571.42857142858,119892000.0,120294365.63628517,119489634.36371483
2026-05-11T11:30:00,119560000.0,119594000.0,119501000.0,119501000.0,5.95595928,119845790.48599093,6.380638063806387,-84671.94461280107,-22841.12474662439,127357.14285714286,119886800.0,120307072.39287223,119466527.60712777
2026-05-11T11:35:00,119501000.0,119575000.0,119500000.0,119501000.0,4.22868098,119812953.29684892,7.988980716253437,-100503.74482956529,-38373.64876321257,119642.85714285714,119876800.0,120324321.1726835,119429278.8273165
2026-05-11T11:40:00,119501000.0,119575000.0,119500000.0,119561000.0,2.51502346,119788957.74476808,15.691489361702125,-106975.91030049324,-52094.10107066871,117214.28571428571,119869250.0,120333268.54545517,119405231.45454483
2026-05-11T11:45:00,119561000.0,119561000.0,119555000.0,119561000.0,0.16096546,119767247.4833616,17.455621301775153,-110827.59652072191,-63840.800160679355,112142.85714285714,119861650.0,120341164.3486136,119382135.6513864
